2026-01-30 18:23:14 INFO __main__ 日志初始化完成: /home/trader/polymarket_api/POLY_SMARTMONEY/copytrade_v2/logs/copytrade_0xf5d4..a077.log (daily rotation, retention=7d)
2026-01-30 18:23:14 INFO __main__ [STATE] per-target state: /home/trader/polymarket_api/POLY_SMARTMONEY/copytrade_v2/state.json -> /home/trader/polymarket_api/POLY_SMARTMONEY/copytrade_v2/state_f5d4_a077.json
2026-01-30 18:23:14 INFO __main__ [STATE] path=/home/trader/polymarket_api/POLY_SMARTMONEY/copytrade_v2/state_f5d4_a077.json run_start_ms=1769797394940
2026-01-30 18:23:14 INFO __main__ [CFG] target=0xf5d4c1341267162afc3749908631087db95aa077 my=0x2C23aba6C7BC73a032F9bd2A413188f33ff4599f ratio=0.05
2026-01-30 18:23:18 INFO __main__ [SKIP] closed_token_keys added count=2
2026-01-30 18:23:18 INFO __main__ [SKIP] closed_positions filtered target=254 my=6 (trading only, risk still uses unfiltered)
2026-01-30 18:23:18 INFO __main__ [POS] target_count=6 my_count=4 target_incomplete=False my_incomplete=False | t_src=http_positions t_cb=1769797397 t_rsec=25 t_mode=sec t_http=200 t_hit=None
2026-01-30 18:23:18 INFO __main__ [POS] target cache_headers_first={'CF-Cache-Status': 'MISS', 'Cache-Control': 'public, max-age=3', 'Last-Modified': 'Fri, 30 Jan 2026 18:23:17 GMT', 'Date': 'Fri, 30 Jan 2026 18:23:17 GMT', 'Server': 'cloudflare'}
2026-01-30 18:23:18 INFO __main__ [POS] target cache_headers_last={'CF-Cache-Status': 'MISS', 'Cache-Control': 'public, max-age=3', 'Last-Modified': 'Fri, 30 Jan 2026 18:23:18 GMT', 'Date': 'Fri, 30 Jan 2026 18:23:18 GMT', 'Server': 'cloudflare'}
2026-01-30 18:23:20 INFO __main__ [SAFE] actions_empty reduce_reconcile_set size=4 recent_sec=600 lag_ms=0 actions=0 actions_unreliable=False
2026-01-30 18:23:22 INFO __main__ [SKIP] long_ignore token_id=93234833651290403107627925842341315568920086887489975925643046473406259664707 expires_at=1764694800 end_date=2025-12-02T17:00:00Z
2026-01-30 18:23:22 INFO __main__ [SKIP] long_ignore token_id=107854623063551848956959323683906084993759235411761278828050226188359888582895 expires_at=1764460800 end_date=2025-11-30T00:00:00Z
2026-01-30 18:23:22 INFO __main__ [SKIP] long_ignore token_id=78280942695237665984381826147483624552959750094987001751755383401313451401568 expires_at=1766095200 end_date=2025-12-18T22:00:00Z
2026-01-30 18:23:22 INFO __main__ [RISK_SUMMARY] used_total=5.3904 used_total_shadow=5.3904 open_buy_orders_usd=0 shadow_buy_usd=0.0 recent_buy_usd=0.0 top_tokens=['78246210666082377632623139827154050778673061043185648855349012977046369895248=5.2000', '78280942695237665984381826147483624552959750094987001751755383401313451401568=0.0600', '45114117423978908058411784388250724650163815971233725858783887280844341990470=0.0400', '52365552199401369443408259986324629171792690921627298943075194906042228248932=0.0171', '93234833651290403107627925842341315568920086887489975925643046473406259664707=0.0160']
2026-01-30 18:23:22 INFO __main__ [UNFREEZE] token_id=78246210666082377632623139827154050778673061043185648855349012977046369895248 reason=missing_streak expired_at=1769698506
2026-01-30 18:23:22 WARNING __main__ [FREEZE] token_id=78246210666082377632623139827154050778673061043185648855349012977046369895248 reason=missing_streak streak=3503 until=1769798771
2026-01-30 18:23:22 INFO __main__ [DBG] token_id=78246210666082377632623139827154050778673061043185648855349012977046369895248 missing=True missing_streak=3503 t_now=None t_last=None my_shares=10.0 open_orders_count=0
2026-01-30 18:23:22 INFO __main__ [DBG] token_id=78246210666082377632623139827154050778673061043185648855349012977046369895248 legacy_desired=0.0
2026-01-30 18:23:45 INFO __main__ [SKIP] closed_positions filtered target=254 my=6 (trading only, risk still uses unfiltered)
2026-01-30 18:23:45 INFO __main__ [SAFE] actions_empty reduce_reconcile_set size=4 recent_sec=600 lag_ms=0 actions=0 actions_unreliable=False
2026-01-30 18:23:45 INFO __main__ [SKIP] long_ignore token_id=93234833651290403107627925842341315568920086887489975925643046473406259664707 expires_at=1764694800 end_date=2025-12-02T17:00:00Z
2026-01-30 18:23:45 INFO __main__ [SKIP] long_ignore token_id=107854623063551848956959323683906084993759235411761278828050226188359888582895 expires_at=1764460800 end_date=2025-11-30T00:00:00Z
2026-01-30 18:23:45 INFO __main__ [SKIP] long_ignore token_id=78280942695237665984381826147483624552959750094987001751755383401313451401568 expires_at=1766095200 end_date=2025-12-18T22:00:00Z
2026-01-30 18:23:45 INFO __main__ [RISK_SUMMARY] used_total=5.3904 used_total_shadow=5.3904 open_buy_orders_usd=0 shadow_buy_usd=0.0 recent_buy_usd=0.0 top_tokens=['78246210666082377632623139827154050778673061043185648855349012977046369895248=5.2000', '78280942695237665984381826147483624552959750094987001751755383401313451401568=0.0600', '45114117423978908058411784388250724650163815971233725858783887280844341990470=0.0400', '52365552199401369443408259986324629171792690921627298943075194906042228248932=0.0171', '93234833651290403107627925842341315568920086887489975925643046473406259664707=0.0160']
2026-01-30 18:24:07 INFO __main__ [SKIP] closed_positions filtered target=254 my=6 (trading only, risk still uses unfiltered)
2026-01-30 18:24:07 INFO __main__ [SAFE] actions_empty reduce_reconcile_set size=4 recent_sec=600 lag_ms=0 actions=0 actions_unreliable=False
2026-01-30 18:24:07 INFO __main__ [SKIP] long_ignore token_id=93234833651290403107627925842341315568920086887489975925643046473406259664707 expires_at=1764694800 end_date=2025-12-02T17:00:00Z
2026-01-30 18:24:07 INFO __main__ [SKIP] long_ignore token_id=107854623063551848956959323683906084993759235411761278828050226188359888582895 expires_at=1764460800 end_date=2025-11-30T00:00:00Z
2026-01-30 18:24:07 INFO __main__ [SKIP] long_ignore token_id=78280942695237665984381826147483624552959750094987001751755383401313451401568 expires_at=1766095200 end_date=2025-12-18T22:00:00Z
2026-01-30 18:24:07 INFO __main__ [RISK_SUMMARY] used_total=5.3904 used_total_shadow=5.3904 open_buy_orders_usd=0 shadow_buy_usd=0.0 recent_buy_usd=0.0 top_tokens=['78246210666082377632623139827154050778673061043185648855349012977046369895248=5.2000', '78280942695237665984381826147483624552959750094987001751755383401313451401568=0.0600', '45114117423978908058411784388250724650163815971233725858783887280844341990470=0.0400', '52365552199401369443408259986324629171792690921627298943075194906042228248932=0.0171', '93234833651290403107627925842341315568920086887489975925643046473406259664707=0.0160']
2026-01-30 18:24:29 INFO __main__ [SKIP] closed_positions filtered target=254 my=6 (trading only, risk still uses unfiltered)
2026-01-30 18:24:29 INFO __main__ [SAFE] actions_empty reduce_reconcile_set size=4 recent_sec=600 lag_ms=0 actions=0 actions_unreliable=False
2026-01-30 18:24:29 INFO __main__ [SKIP] long_ignore token_id=93234833651290403107627925842341315568920086887489975925643046473406259664707 expires_at=1764694800 end_date=2025-12-02T17:00:00Z
2026-01-30 18:24:29 INFO __main__ [SKIP] long_ignore token_id=107854623063551848956959323683906084993759235411761278828050226188359888582895 expires_at=1764460800 end_date=2025-11-30T00:00:00Z
2026-01-30 18:24:29 INFO __main__ [SKIP] long_ignore token_id=78280942695237665984381826147483624552959750094987001751755383401313451401568 expires_at=1766095200 end_date=2025-12-18T22:00:00Z
2026-01-30 18:24:29 INFO __main__ [RISK_SUMMARY] used_total=5.3904 used_total_shadow=5.3904 open_buy_orders_usd=0 shadow_buy_usd=0.0 recent_buy_usd=0.0 top_tokens=['78246210666082377632623139827154050778673061043185648855349012977046369895248=5.2000', '78280942695237665984381826147483624552959750094987001751755383401313451401568=0.0600', '45114117423978908058411784388250724650163815971233725858783887280844341990470=0.0400', '52365552199401369443408259986324629171792690921627298943075194906042228248932=0.0171', '93234833651290403107627925842341315568920086887489975925643046473406259664707=0.0160']
2026-01-30 18:24:51 INFO __main__ [SKIP] closed_positions filtered target=254 my=6 (trading only, risk still uses unfiltered)
2026-01-30 18:24:51 INFO __main__ [SAFE] actions_empty reduce_reconcile_set size=4 recent_sec=600 lag_ms=0 actions=0 actions_unreliable=False
2026-01-30 18:24:51 INFO __main__ [SKIP] long_ignore token_id=93234833651290403107627925842341315568920086887489975925643046473406259664707 expires_at=1764694800 end_date=2025-12-02T17:00:00Z
2026-01-30 18:24:51 INFO __main__ [SKIP] long_ignore token_id=107854623063551848956959323683906084993759235411761278828050226188359888582895 expires_at=1764460800 end_date=2025-11-30T00:00:00Z
2026-01-30 18:24:51 INFO __main__ [SKIP] long_ignore token_id=78280942695237665984381826147483624552959750094987001751755383401313451401568 expires_at=1766095200 end_date=2025-12-18T22:00:00Z
2026-01-30 18:24:51 INFO __main__ [RISK_SUMMARY] used_total=5.3904 used_total_shadow=5.3904 open_buy_orders_usd=0 shadow_buy_usd=0.0 recent_buy_usd=0.0 top_tokens=['78246210666082377632623139827154050778673061043185648855349012977046369895248=5.2000', '78280942695237665984381826147483624552959750094987001751755383401313451401568=0.0600', '45114117423978908058411784388250724650163815971233725858783887280844341990470=0.0400', '52365552199401369443408259986324629171792690921627298943075194906042228248932=0.0171', '93234833651290403107627925842341315568920086887489975925643046473406259664707=0.0160']
2026-01-30 18:25:14 INFO __main__ [SKIP] closed_positions filtered target=254 my=6 (trading only, risk still uses unfiltered)
2026-01-30 18:25:14 INFO __main__ [SAFE] actions_empty reduce_reconcile_set size=4 recent_sec=600 lag_ms=0 actions=0 actions_unreliable=False
2026-01-30 18:25:14 INFO __main__ [SKIP] long_ignore token_id=93234833651290403107627925842341315568920086887489975925643046473406259664707 expires_at=1764694800 end_date=2025-12-02T17:00:00Z
2026-01-30 18:25:14 INFO __main__ [SKIP] long_ignore token_id=107854623063551848956959323683906084993759235411761278828050226188359888582895 expires_at=1764460800 end_date=2025-11-30T00:00:00Z
2026-01-30 18:25:14 INFO __main__ [SKIP] long_ignore token_id=78280942695237665984381826147483624552959750094987001751755383401313451401568 expires_at=1766095200 end_date=2025-12-18T22:00:00Z
2026-01-30 18:25:14 INFO __main__ [RISK_SUMMARY] used_total=5.3904 used_total_shadow=5.3904 open_buy_orders_usd=0 shadow_buy_usd=0.0 recent_buy_usd=0.0 top_tokens=['78246210666082377632623139827154050778673061043185648855349012977046369895248=5.2000', '78280942695237665984381826147483624552959750094987001751755383401313451401568=0.0600', '45114117423978908058411784388250724650163815971233725858783887280844341990470=0.0400', '52365552199401369443408259986324629171792690921627298943075194906042228248932=0.0171', '93234833651290403107627925842341315568920086887489975925643046473406259664707=0.0160']
2026-01-30 18:25:36 INFO __main__ [SKIP] closed_positions filtered target=254 my=6 (trading only, risk still uses unfiltered)
2026-01-30 18:25:36 INFO __main__ [SAFE] actions_empty reduce_reconcile_set size=4 recent_sec=600 lag_ms=0 actions=0 actions_unreliable=False
2026-01-30 18:25:36 INFO __main__ [SKIP] long_ignore token_id=93234833651290403107627925842341315568920086887489975925643046473406259664707 expires_at=1764694800 end_date=2025-12-02T17:00:00Z
2026-01-30 18:25:36 INFO __main__ [SKIP] long_ignore token_id=107854623063551848956959323683906084993759235411761278828050226188359888582895 expires_at=1764460800 end_date=2025-11-30T00:00:00Z
2026-01-30 18:25:36 INFO __main__ [SKIP] long_ignore token_id=78280942695237665984381826147483624552959750094987001751755383401313451401568 expires_at=1766095200 end_date=2025-12-18T22:00:00Z
2026-01-30 18:25:36 INFO __main__ [RISK_SUMMARY] used_total=5.3904 used_total_shadow=5.3904 open_buy_orders_usd=0 shadow_buy_usd=0.0 recent_buy_usd=0.0 top_tokens=['78246210666082377632623139827154050778673061043185648855349012977046369895248=5.2000', '78280942695237665984381826147483624552959750094987001751755383401313451401568=0.0600', '45114117423978908058411784388250724650163815971233725858783887280844341990470=0.0400', '52365552199401369443408259986324629171792690921627298943075194906042228248932=0.0171', '93234833651290403107627925842341315568920086887489975925643046473406259664707=0.0160']
2026-01-30 18:25:59 INFO __main__ [SKIP] closed_positions filtered target=254 my=6 (trading only, risk still uses unfiltered)
2026-01-30 18:25:59 INFO __main__ [SAFE] actions_empty reduce_reconcile_set size=4 recent_sec=600 lag_ms=0 actions=0 actions_unreliable=False
2026-01-30 18:25:59 INFO __main__ [SKIP] long_ignore token_id=93234833651290403107627925842341315568920086887489975925643046473406259664707 expires_at=1764694800 end_date=2025-12-02T17:00:00Z
2026-01-30 18:25:59 INFO __main__ [SKIP] long_ignore token_id=107854623063551848956959323683906084993759235411761278828050226188359888582895 expires_at=1764460800 end_date=2025-11-30T00:00:00Z
2026-01-30 18:25:59 INFO __main__ [SKIP] long_ignore token_id=78280942695237665984381826147483624552959750094987001751755383401313451401568 expires_at=1766095200 end_date=2025-12-18T22:00:00Z
2026-01-30 18:25:59 INFO __main__ [RISK_SUMMARY] used_total=5.3904 used_total_shadow=5.3904 open_buy_orders_usd=0 shadow_buy_usd=0.0 recent_buy_usd=0.0 top_tokens=['78246210666082377632623139827154050778673061043185648855349012977046369895248=5.2000', '78280942695237665984381826147483624552959750094987001751755383401313451401568=0.0600', '45114117423978908058411784388250724650163815971233725858783887280844341990470=0.0400', '52365552199401369443408259986324629171792690921627298943075194906042228248932=0.0171', '93234833651290403107627925842341315568920086887489975925643046473406259664707=0.0160']
2026-01-30 18:26:22 INFO __main__ [SKIP] closed_positions filtered target=254 my=6 (trading only, risk still uses unfiltered)
2026-01-30 18:26:22 INFO __main__ [SAFE] actions_empty reduce_reconcile_set size=4 recent_sec=600 lag_ms=0 actions=0 actions_unreliable=False
2026-01-30 18:26:22 INFO __main__ [SKIP] long_ignore token_id=93234833651290403107627925842341315568920086887489975925643046473406259664707 expires_at=1764694800 end_date=2025-12-02T17:00:00Z
2026-01-30 18:26:22 INFO __main__ [SKIP] long_ignore token_id=107854623063551848956959323683906084993759235411761278828050226188359888582895 expires_at=1764460800 end_date=2025-11-30T00:00:00Z
2026-01-30 18:26:22 INFO __main__ [SKIP] long_ignore token_id=78280942695237665984381826147483624552959750094987001751755383401313451401568 expires_at=1766095200 end_date=2025-12-18T22:00:00Z
2026-01-30 18:26:22 INFO __main__ [RISK_SUMMARY] used_total=5.3904 used_total_shadow=5.3904 open_buy_orders_usd=0 shadow_buy_usd=0.0 recent_buy_usd=0.0 top_tokens=['78246210666082377632623139827154050778673061043185648855349012977046369895248=5.2000', '78280942695237665984381826147483624552959750094987001751755383401313451401568=0.0600', '45114117423978908058411784388250724650163815971233725858783887280844341990470=0.0400', '52365552199401369443408259986324629171792690921627298943075194906042228248932=0.0171', '93234833651290403107627925842341315568920086887489975925643046473406259664707=0.0160']
2026-01-30 18:26:44 INFO __main__ [SKIP] closed_positions filtered target=254 my=6 (trading only, risk still uses unfiltered)
2026-01-30 18:26:44 INFO __main__ [SAFE] actions_empty reduce_reconcile_set size=4 recent_sec=600 lag_ms=0 actions=0 actions_unreliable=False
2026-01-30 18:26:44 INFO __main__ [SKIP] long_ignore token_id=93234833651290403107627925842341315568920086887489975925643046473406259664707 expires_at=1764694800 end_date=2025-12-02T17:00:00Z
2026-01-30 18:26:44 INFO __main__ [SKIP] long_ignore token_id=107854623063551848956959323683906084993759235411761278828050226188359888582895 expires_at=1764460800 end_date=2025-11-30T00:00:00Z
2026-01-30 18:26:44 INFO __main__ [SKIP] long_ignore token_id=78280942695237665984381826147483624552959750094987001751755383401313451401568 expires_at=1766095200 end_date=2025-12-18T22:00:00Z
2026-01-30 18:26:44 INFO __main__ [RISK_SUMMARY] used_total=5.3904 used_total_shadow=5.3904 open_buy_orders_usd=0 shadow_buy_usd=0.0 recent_buy_usd=0.0 top_tokens=['78246210666082377632623139827154050778673061043185648855349012977046369895248=5.2000', '78280942695237665984381826147483624552959750094987001751755383401313451401568=0.0600', '45114117423978908058411784388250724650163815971233725858783887280844341990470=0.0400', '52365552199401369443408259986324629171792690921627298943075194906042228248932=0.0171', '93234833651290403107627925842341315568920086887489975925643046473406259664707=0.0160']
2026-01-30 18:27:07 INFO __main__ [SKIP] closed_positions filtered target=254 my=6 (trading only, risk still uses unfiltered)
2026-01-30 18:27:07 INFO __main__ [SAFE] actions_empty reduce_reconcile_set size=4 recent_sec=600 lag_ms=0 actions=0 actions_unreliable=False
2026-01-30 18:27:07 INFO __main__ [SKIP] long_ignore token_id=93234833651290403107627925842341315568920086887489975925643046473406259664707 expires_at=1764694800 end_date=2025-12-02T17:00:00Z
2026-01-30 18:27:07 INFO __main__ [SKIP] long_ignore token_id=107854623063551848956959323683906084993759235411761278828050226188359888582895 expires_at=1764460800 end_date=2025-11-30T00:00:00Z
2026-01-30 18:27:07 INFO __main__ [SKIP] long_ignore token_id=78280942695237665984381826147483624552959750094987001751755383401313451401568 expires_at=1766095200 end_date=2025-12-18T22:00:00Z
2026-01-30 18:27:07 INFO __main__ [RISK_SUMMARY] used_total=5.3904 used_total_shadow=5.3904 open_buy_orders_usd=0 shadow_buy_usd=0.0 recent_buy_usd=0.0 top_tokens=['78246210666082377632623139827154050778673061043185648855349012977046369895248=5.2000', '78280942695237665984381826147483624552959750094987001751755383401313451401568=0.0600', '45114117423978908058411784388250724650163815971233725858783887280844341990470=0.0400', '52365552199401369443408259986324629171792690921627298943075194906042228248932=0.0171', '93234833651290403107627925842341315568920086887489975925643046473406259664707=0.0160']
2026-01-30 18:27:30 INFO __main__ [SKIP] closed_positions filtered target=254 my=6 (trading only, risk still uses unfiltered)
2026-01-30 18:27:30 INFO __main__ [SAFE] actions_empty reduce_reconcile_set size=4 recent_sec=600 lag_ms=0 actions=0 actions_unreliable=False
2026-01-30 18:27:30 INFO __main__ [SKIP] long_ignore token_id=93234833651290403107627925842341315568920086887489975925643046473406259664707 expires_at=1764694800 end_date=2025-12-02T17:00:00Z
2026-01-30 18:27:30 INFO __main__ [SKIP] long_ignore token_id=107854623063551848956959323683906084993759235411761278828050226188359888582895 expires_at=1764460800 end_date=2025-11-30T00:00:00Z
2026-01-30 18:27:30 INFO __main__ [SKIP] long_ignore token_id=78280942695237665984381826147483624552959750094987001751755383401313451401568 expires_at=1766095200 end_date=2025-12-18T22:00:00Z
2026-01-30 18:27:30 INFO __main__ [RISK_SUMMARY] used_total=5.3904 used_total_shadow=5.3904 open_buy_orders_usd=0 shadow_buy_usd=0.0 recent_buy_usd=0.0 top_tokens=['78246210666082377632623139827154050778673061043185648855349012977046369895248=5.2000', '78280942695237665984381826147483624552959750094987001751755383401313451401568=0.0600', '45114117423978908058411784388250724650163815971233725858783887280844341990470=0.0400', '52365552199401369443408259986324629171792690921627298943075194906042228248932=0.0171', '93234833651290403107627925842341315568920086887489975925643046473406259664707=0.0160']
2026-01-30 18:27:53 INFO __main__ [SKIP] closed_positions filtered target=254 my=6 (trading only, risk still uses unfiltered)
2026-01-30 18:27:53 INFO __main__ [SAFE] actions_empty reduce_reconcile_set size=4 recent_sec=600 lag_ms=0 actions=0 actions_unreliable=False
2026-01-30 18:27:53 INFO __main__ [SKIP] long_ignore token_id=93234833651290403107627925842341315568920086887489975925643046473406259664707 expires_at=1764694800 end_date=2025-12-02T17:00:00Z
2026-01-30 18:27:53 INFO __main__ [SKIP] long_ignore token_id=107854623063551848956959323683906084993759235411761278828050226188359888582895 expires_at=1764460800 end_date=2025-11-30T00:00:00Z
2026-01-30 18:27:53 INFO __main__ [SKIP] long_ignore token_id=78280942695237665984381826147483624552959750094987001751755383401313451401568 expires_at=1766095200 end_date=2025-12-18T22:00:00Z
2026-01-30 18:27:53 INFO __main__ [RISK_SUMMARY] used_total=5.3904 used_total_shadow=5.3904 open_buy_orders_usd=0 shadow_buy_usd=0.0 recent_buy_usd=0.0 top_tokens=['78246210666082377632623139827154050778673061043185648855349012977046369895248=5.2000', '78280942695237665984381826147483624552959750094987001751755383401313451401568=0.0600', '45114117423978908058411784388250724650163815971233725858783887280844341990470=0.0400', '52365552199401369443408259986324629171792690921627298943075194906042228248932=0.0171', '93234833651290403107627925842341315568920086887489975925643046473406259664707=0.0160']
2026-01-30 18:28:16 INFO __main__ [SKIP] closed_positions filtered target=254 my=6 (trading only, risk still uses unfiltered)
2026-01-30 18:28:16 INFO __main__ [SAFE] actions_empty reduce_reconcile_set size=4 recent_sec=600 lag_ms=0 actions=0 actions_unreliable=False
2026-01-30 18:28:16 INFO __main__ [SKIP] long_ignore token_id=93234833651290403107627925842341315568920086887489975925643046473406259664707 expires_at=1764694800 end_date=2025-12-02T17:00:00Z
2026-01-30 18:28:16 INFO __main__ [SKIP] long_ignore token_id=107854623063551848956959323683906084993759235411761278828050226188359888582895 expires_at=1764460800 end_date=2025-11-30T00:00:00Z
2026-01-30 18:28:16 INFO __main__ [SKIP] long_ignore token_id=78280942695237665984381826147483624552959750094987001751755383401313451401568 expires_at=1766095200 end_date=2025-12-18T22:00:00Z
2026-01-30 18:28:16 INFO __main__ [RISK_SUMMARY] used_total=5.3904 used_total_shadow=5.3904 open_buy_orders_usd=0 shadow_buy_usd=0.0 recent_buy_usd=0.0 top_tokens=['78246210666082377632623139827154050778673061043185648855349012977046369895248=5.2000', '78280942695237665984381826147483624552959750094987001751755383401313451401568=0.0600', '45114117423978908058411784388250724650163815971233725858783887280844341990470=0.0400', '52365552199401369443408259986324629171792690921627298943075194906042228248932=0.0171', '93234833651290403107627925842341315568920086887489975925643046473406259664707=0.0160']
2026-01-30 18:28:38 INFO __main__ [SKIP] closed_positions filtered target=254 my=6 (trading only, risk still uses unfiltered)
2026-01-30 18:28:38 INFO __main__ [SAFE] actions_empty reduce_reconcile_set size=4 recent_sec=600 lag_ms=0 actions=0 actions_unreliable=False
2026-01-30 18:28:39 INFO __main__ [SKIP] long_ignore token_id=93234833651290403107627925842341315568920086887489975925643046473406259664707 expires_at=1764694800 end_date=2025-12-02T17:00:00Z
2026-01-30 18:28:39 INFO __main__ [SKIP] long_ignore token_id=107854623063551848956959323683906084993759235411761278828050226188359888582895 expires_at=1764460800 end_date=2025-11-30T00:00:00Z
2026-01-30 18:28:39 INFO __main__ [SKIP] long_ignore token_id=78280942695237665984381826147483624552959750094987001751755383401313451401568 expires_at=1766095200 end_date=2025-12-18T22:00:00Z
2026-01-30 18:28:39 INFO __main__ [RISK_SUMMARY] used_total=5.3904 used_total_shadow=5.3904 open_buy_orders_usd=0 shadow_buy_usd=0.0 recent_buy_usd=0.0 top_tokens=['78246210666082377632623139827154050778673061043185648855349012977046369895248=5.2000', '78280942695237665984381826147483624552959750094987001751755383401313451401568=0.0600', '45114117423978908058411784388250724650163815971233725858783887280844341990470=0.0400', '52365552199401369443408259986324629171792690921627298943075194906042228248932=0.0171', '93234833651290403107627925842341315568920086887489975925643046473406259664707=0.0160']
2026-01-30 18:29:01 INFO __main__ [SKIP] closed_positions filtered target=254 my=6 (trading only, risk still uses unfiltered)
2026-01-30 18:29:01 INFO __main__ [SAFE] actions_empty reduce_reconcile_set size=4 recent_sec=600 lag_ms=0 actions=0 actions_unreliable=False
2026-01-30 18:29:01 INFO __main__ [SKIP] long_ignore token_id=93234833651290403107627925842341315568920086887489975925643046473406259664707 expires_at=1764694800 end_date=2025-12-02T17:00:00Z
2026-01-30 18:29:01 INFO __main__ [SKIP] long_ignore token_id=107854623063551848956959323683906084993759235411761278828050226188359888582895 expires_at=1764460800 end_date=2025-11-30T00:00:00Z
2026-01-30 18:29:01 INFO __main__ [SKIP] long_ignore token_id=78280942695237665984381826147483624552959750094987001751755383401313451401568 expires_at=1766095200 end_date=2025-12-18T22:00:00Z
2026-01-30 18:29:01 INFO __main__ [RISK_SUMMARY] used_total=5.3904 used_total_shadow=5.3904 open_buy_orders_usd=0 shadow_buy_usd=0.0 recent_buy_usd=0.0 top_tokens=['78246210666082377632623139827154050778673061043185648855349012977046369895248=5.2000', '78280942695237665984381826147483624552959750094987001751755383401313451401568=0.0600', '45114117423978908058411784388250724650163815971233725858783887280844341990470=0.0400', '52365552199401369443408259986324629171792690921627298943075194906042228248932=0.0171', '93234833651290403107627925842341315568920086887489975925643046473406259664707=0.0160']
2026-01-30 18:29:24 INFO __main__ [SKIP] closed_positions filtered target=254 my=6 (trading only, risk still uses unfiltered)
2026-01-30 18:29:24 INFO __main__ [SAFE] actions_empty reduce_reconcile_set size=4 recent_sec=600 lag_ms=0 actions=0 actions_unreliable=False
2026-01-30 18:29:24 INFO __main__ [SKIP] long_ignore token_id=93234833651290403107627925842341315568920086887489975925643046473406259664707 expires_at=1764694800 end_date=2025-12-02T17:00:00Z
2026-01-30 18:29:24 INFO __main__ [SKIP] long_ignore token_id=107854623063551848956959323683906084993759235411761278828050226188359888582895 expires_at=1764460800 end_date=2025-11-30T00:00:00Z
2026-01-30 18:29:24 INFO __main__ [SKIP] long_ignore token_id=78280942695237665984381826147483624552959750094987001751755383401313451401568 expires_at=1766095200 end_date=2025-12-18T22:00:00Z
2026-01-30 18:29:24 INFO __main__ [RISK_SUMMARY] used_total=5.3904 used_total_shadow=5.3904 open_buy_orders_usd=0 shadow_buy_usd=0.0 recent_buy_usd=0.0 top_tokens=['78246210666082377632623139827154050778673061043185648855349012977046369895248=5.2000', '78280942695237665984381826147483624552959750094987001751755383401313451401568=0.0600', '45114117423978908058411784388250724650163815971233725858783887280844341990470=0.0400', '52365552199401369443408259986324629171792690921627298943075194906042228248932=0.0171', '93234833651290403107627925842341315568920086887489975925643046473406259664707=0.0160']
2026-01-30 18:29:46 INFO __main__ [SKIP] closed_positions filtered target=254 my=6 (trading only, risk still uses unfiltered)
2026-01-30 18:29:46 INFO __main__ [SAFE] actions_empty reduce_reconcile_set size=4 recent_sec=600 lag_ms=0 actions=0 actions_unreliable=False
2026-01-30 18:29:46 INFO __main__ [SKIP] long_ignore token_id=93234833651290403107627925842341315568920086887489975925643046473406259664707 expires_at=1764694800 end_date=2025-12-02T17:00:00Z
2026-01-30 18:29:46 INFO __main__ [SKIP] long_ignore token_id=107854623063551848956959323683906084993759235411761278828050226188359888582895 expires_at=1764460800 end_date=2025-11-30T00:00:00Z
2026-01-30 18:29:46 INFO __main__ [SKIP] long_ignore token_id=78280942695237665984381826147483624552959750094987001751755383401313451401568 expires_at=1766095200 end_date=2025-12-18T22:00:00Z
2026-01-30 18:29:46 INFO __main__ [RISK_SUMMARY] used_total=5.3904 used_total_shadow=5.3904 open_buy_orders_usd=0 shadow_buy_usd=0.0 recent_buy_usd=0.0 top_tokens=['78246210666082377632623139827154050778673061043185648855349012977046369895248=5.2000', '78280942695237665984381826147483624552959750094987001751755383401313451401568=0.0600', '45114117423978908058411784388250724650163815971233725858783887280844341990470=0.0400', '52365552199401369443408259986324629171792690921627298943075194906042228248932=0.0171', '93234833651290403107627925842341315568920086887489975925643046473406259664707=0.0160']
2026-01-30 18:30:10 INFO __main__ [SKIP] closed_positions filtered target=254 my=6 (trading only, risk still uses unfiltered)
2026-01-30 18:30:10 INFO __main__ [SAFE] actions_empty reduce_reconcile_set size=4 recent_sec=600 lag_ms=0 actions=0 actions_unreliable=False
2026-01-30 18:30:10 INFO __main__ [SKIP] long_ignore token_id=93234833651290403107627925842341315568920086887489975925643046473406259664707 expires_at=1764694800 end_date=2025-12-02T17:00:00Z
2026-01-30 18:30:10 INFO __main__ [SKIP] long_ignore token_id=107854623063551848956959323683906084993759235411761278828050226188359888582895 expires_at=1764460800 end_date=2025-11-30T00:00:00Z
2026-01-30 18:30:10 INFO __main__ [SKIP] long_ignore token_id=78280942695237665984381826147483624552959750094987001751755383401313451401568 expires_at=1766095200 end_date=2025-12-18T22:00:00Z
2026-01-30 18:30:10 INFO __main__ [RISK_SUMMARY] used_total=5.3904 used_total_shadow=5.3904 open_buy_orders_usd=0 shadow_buy_usd=0.0 recent_buy_usd=0.0 top_tokens=['78246210666082377632623139827154050778673061043185648855349012977046369895248=5.2000', '78280942695237665984381826147483624552959750094987001751755383401313451401568=0.0600', '45114117423978908058411784388250724650163815971233725858783887280844341990470=0.0400', '52365552199401369443408259986324629171792690921627298943075194906042228248932=0.0171', '93234833651290403107627925842341315568920086887489975925643046473406259664707=0.0160']
2026-01-30 18:30:32 INFO __main__ [SKIP] closed_positions filtered target=254 my=6 (trading only, risk still uses unfiltered)
2026-01-30 18:30:32 INFO __main__ [SAFE] actions_empty reduce_reconcile_set size=4 recent_sec=600 lag_ms=0 actions=0 actions_unreliable=False
2026-01-30 18:30:32 INFO __main__ [SKIP] long_ignore token_id=93234833651290403107627925842341315568920086887489975925643046473406259664707 expires_at=1764694800 end_date=2025-12-02T17:00:00Z
2026-01-30 18:30:32 INFO __main__ [SKIP] long_ignore token_id=107854623063551848956959323683906084993759235411761278828050226188359888582895 expires_at=1764460800 end_date=2025-11-30T00:00:00Z
2026-01-30 18:30:32 INFO __main__ [SKIP] long_ignore token_id=78280942695237665984381826147483624552959750094987001751755383401313451401568 expires_at=1766095200 end_date=2025-12-18T22:00:00Z
2026-01-30 18:30:32 INFO __main__ [RISK_SUMMARY] used_total=5.3904 used_total_shadow=5.3904 open_buy_orders_usd=0 shadow_buy_usd=0.0 recent_buy_usd=0.0 top_tokens=['78246210666082377632623139827154050778673061043185648855349012977046369895248=5.2000', '78280942695237665984381826147483624552959750094987001751755383401313451401568=0.0600', '45114117423978908058411784388250724650163815971233725858783887280844341990470=0.0400', '52365552199401369443408259986324629171792690921627298943075194906042228248932=0.0171', '93234833651290403107627925842341315568920086887489975925643046473406259664707=0.0160']
2026-01-30 18:30:54 INFO __main__ [SKIP] closed_positions filtered target=254 my=6 (trading only, risk still uses unfiltered)
2026-01-30 18:30:54 INFO __main__ [SAFE] actions_empty reduce_reconcile_set size=4 recent_sec=600 lag_ms=0 actions=0 actions_unreliable=False
2026-01-30 18:30:54 INFO __main__ [SKIP] long_ignore token_id=93234833651290403107627925842341315568920086887489975925643046473406259664707 expires_at=1764694800 end_date=2025-12-02T17:00:00Z
2026-01-30 18:30:54 INFO __main__ [SKIP] long_ignore token_id=107854623063551848956959323683906084993759235411761278828050226188359888582895 expires_at=1764460800 end_date=2025-11-30T00:00:00Z
2026-01-30 18:30:54 INFO __main__ [SKIP] long_ignore token_id=78280942695237665984381826147483624552959750094987001751755383401313451401568 expires_at=1766095200 end_date=2025-12-18T22:00:00Z
2026-01-30 18:30:54 INFO __main__ [RISK_SUMMARY] used_total=5.3904 used_total_shadow=5.3904 open_buy_orders_usd=0 shadow_buy_usd=0.0 recent_buy_usd=0.0 top_tokens=['78246210666082377632623139827154050778673061043185648855349012977046369895248=5.2000', '78280942695237665984381826147483624552959750094987001751755383401313451401568=0.0600', '45114117423978908058411784388250724650163815971233725858783887280844341990470=0.0400', '52365552199401369443408259986324629171792690921627298943075194906042228248932=0.0171', '93234833651290403107627925842341315568920086887489975925643046473406259664707=0.0160']
2026-01-30 18:31:16 INFO __main__ [SKIP] closed_positions filtered target=254 my=6 (trading only, risk still uses unfiltered)
2026-01-30 18:31:16 INFO __main__ [SAFE] actions_empty reduce_reconcile_set size=4 recent_sec=600 lag_ms=0 actions=0 actions_unreliable=False
2026-01-30 18:31:16 INFO __main__ [SKIP] long_ignore token_id=93234833651290403107627925842341315568920086887489975925643046473406259664707 expires_at=1764694800 end_date=2025-12-02T17:00:00Z
2026-01-30 18:31:16 INFO __main__ [SKIP] long_ignore token_id=107854623063551848956959323683906084993759235411761278828050226188359888582895 expires_at=1764460800 end_date=2025-11-30T00:00:00Z
2026-01-30 18:31:16 INFO __main__ [SKIP] long_ignore token_id=78280942695237665984381826147483624552959750094987001751755383401313451401568 expires_at=1766095200 end_date=2025-12-18T22:00:00Z
2026-01-30 18:31:16 INFO __main__ [RISK_SUMMARY] used_total=5.3904 used_total_shadow=5.3904 open_buy_orders_usd=0 shadow_buy_usd=0.0 recent_buy_usd=0.0 top_tokens=['78246210666082377632623139827154050778673061043185648855349012977046369895248=5.2000', '78280942695237665984381826147483624552959750094987001751755383401313451401568=0.0600', '45114117423978908058411784388250724650163815971233725858783887280844341990470=0.0400', '52365552199401369443408259986324629171792690921627298943075194906042228248932=0.0171', '93234833651290403107627925842341315568920086887489975925643046473406259664707=0.0160']
2026-01-30 18:31:39 INFO __main__ [SKIP] closed_positions filtered target=254 my=6 (trading only, risk still uses unfiltered)
2026-01-30 18:31:39 INFO __main__ [SAFE] actions_empty reduce_reconcile_set size=4 recent_sec=600 lag_ms=0 actions=0 actions_unreliable=False
2026-01-30 18:31:39 INFO __main__ [SKIP] long_ignore token_id=93234833651290403107627925842341315568920086887489975925643046473406259664707 expires_at=1764694800 end_date=2025-12-02T17:00:00Z
2026-01-30 18:31:39 INFO __main__ [SKIP] long_ignore token_id=107854623063551848956959323683906084993759235411761278828050226188359888582895 expires_at=1764460800 end_date=2025-11-30T00:00:00Z
2026-01-30 18:31:39 INFO __main__ [SKIP] long_ignore token_id=78280942695237665984381826147483624552959750094987001751755383401313451401568 expires_at=1766095200 end_date=2025-12-18T22:00:00Z
2026-01-30 18:31:39 INFO __main__ [RISK_SUMMARY] used_total=5.3904 used_total_shadow=5.3904 open_buy_orders_usd=0 shadow_buy_usd=0.0 recent_buy_usd=0.0 top_tokens=['78246210666082377632623139827154050778673061043185648855349012977046369895248=5.2000', '78280942695237665984381826147483624552959750094987001751755383401313451401568=0.0600', '45114117423978908058411784388250724650163815971233725858783887280844341990470=0.0400', '52365552199401369443408259986324629171792690921627298943075194906042228248932=0.0171', '93234833651290403107627925842341315568920086887489975925643046473406259664707=0.0160']
2026-01-30 18:32:01 INFO __main__ [SKIP] closed_positions filtered target=254 my=6 (trading only, risk still uses unfiltered)
2026-01-30 18:32:01 INFO __main__ [SAFE] actions_empty reduce_reconcile_set size=4 recent_sec=600 lag_ms=0 actions=0 actions_unreliable=False
2026-01-30 18:32:01 INFO __main__ [SKIP] long_ignore token_id=93234833651290403107627925842341315568920086887489975925643046473406259664707 expires_at=1764694800 end_date=2025-12-02T17:00:00Z
2026-01-30 18:32:01 INFO __main__ [SKIP] long_ignore token_id=107854623063551848956959323683906084993759235411761278828050226188359888582895 expires_at=1764460800 end_date=2025-11-30T00:00:00Z
2026-01-30 18:32:01 INFO __main__ [SKIP] long_ignore token_id=78280942695237665984381826147483624552959750094987001751755383401313451401568 expires_at=1766095200 end_date=2025-12-18T22:00:00Z
2026-01-30 18:32:01 INFO __main__ [RISK_SUMMARY] used_total=5.3904 used_total_shadow=5.3904 open_buy_orders_usd=0 shadow_buy_usd=0.0 recent_buy_usd=0.0 top_tokens=['78246210666082377632623139827154050778673061043185648855349012977046369895248=5.2000', '78280942695237665984381826147483624552959750094987001751755383401313451401568=0.0600', '45114117423978908058411784388250724650163815971233725858783887280844341990470=0.0400', '52365552199401369443408259986324629171792690921627298943075194906042228248932=0.0171', '93234833651290403107627925842341315568920086887489975925643046473406259664707=0.0160']
2026-01-30 18:32:24 INFO __main__ [SKIP] closed_positions filtered target=254 my=6 (trading only, risk still uses unfiltered)
2026-01-30 18:32:24 INFO __main__ [SAFE] actions_empty reduce_reconcile_set size=4 recent_sec=600 lag_ms=0 actions=0 actions_unreliable=False
2026-01-30 18:32:24 INFO __main__ [SKIP] long_ignore token_id=93234833651290403107627925842341315568920086887489975925643046473406259664707 expires_at=1764694800 end_date=2025-12-02T17:00:00Z
2026-01-30 18:32:24 INFO __main__ [SKIP] long_ignore token_id=107854623063551848956959323683906084993759235411761278828050226188359888582895 expires_at=1764460800 end_date=2025-11-30T00:00:00Z
2026-01-30 18:32:24 INFO __main__ [SKIP] long_ignore token_id=78280942695237665984381826147483624552959750094987001751755383401313451401568 expires_at=1766095200 end_date=2025-12-18T22:00:00Z
2026-01-30 18:32:24 INFO __main__ [RISK_SUMMARY] used_total=5.3904 used_total_shadow=5.3904 open_buy_orders_usd=0 shadow_buy_usd=0.0 recent_buy_usd=0.0 top_tokens=['78246210666082377632623139827154050778673061043185648855349012977046369895248=5.2000', '78280942695237665984381826147483624552959750094987001751755383401313451401568=0.0600', '45114117423978908058411784388250724650163815971233725858783887280844341990470=0.0400', '52365552199401369443408259986324629171792690921627298943075194906042228248932=0.0171', '93234833651290403107627925842341315568920086887489975925643046473406259664707=0.0160']
2026-01-30 18:32:47 INFO __main__ [SKIP] closed_positions filtered target=254 my=6 (trading only, risk still uses unfiltered)
2026-01-30 18:32:47 INFO __main__ [SAFE] actions_empty reduce_reconcile_set size=4 recent_sec=600 lag_ms=0 actions=0 actions_unreliable=False
2026-01-30 18:32:47 INFO __main__ [SKIP] long_ignore token_id=93234833651290403107627925842341315568920086887489975925643046473406259664707 expires_at=1764694800 end_date=2025-12-02T17:00:00Z
2026-01-30 18:32:47 INFO __main__ [SKIP] long_ignore token_id=107854623063551848956959323683906084993759235411761278828050226188359888582895 expires_at=1764460800 end_date=2025-11-30T00:00:00Z
2026-01-30 18:32:47 INFO __main__ [SKIP] long_ignore token_id=78280942695237665984381826147483624552959750094987001751755383401313451401568 expires_at=1766095200 end_date=2025-12-18T22:00:00Z
2026-01-30 18:32:47 INFO __main__ [RISK_SUMMARY] used_total=5.3904 used_total_shadow=5.3904 open_buy_orders_usd=0 shadow_buy_usd=0.0 recent_buy_usd=0.0 top_tokens=['78246210666082377632623139827154050778673061043185648855349012977046369895248=5.2000', '78280942695237665984381826147483624552959750094987001751755383401313451401568=0.0600', '45114117423978908058411784388250724650163815971233725858783887280844341990470=0.0400', '52365552199401369443408259986324629171792690921627298943075194906042228248932=0.0171', '93234833651290403107627925842341315568920086887489975925643046473406259664707=0.0160']
2026-01-30 18:33:09 INFO __main__ [SKIP] closed_positions filtered target=254 my=6 (trading only, risk still uses unfiltered)
2026-01-30 18:33:09 INFO __main__ [SAFE] actions_empty reduce_reconcile_set size=4 recent_sec=600 lag_ms=0 actions=0 actions_unreliable=False
2026-01-30 18:33:09 INFO __main__ [SKIP] long_ignore token_id=93234833651290403107627925842341315568920086887489975925643046473406259664707 expires_at=1764694800 end_date=2025-12-02T17:00:00Z
2026-01-30 18:33:09 INFO __main__ [SKIP] long_ignore token_id=107854623063551848956959323683906084993759235411761278828050226188359888582895 expires_at=1764460800 end_date=2025-11-30T00:00:00Z
2026-01-30 18:33:09 INFO __main__ [SKIP] long_ignore token_id=78280942695237665984381826147483624552959750094987001751755383401313451401568 expires_at=1766095200 end_date=2025-12-18T22:00:00Z
2026-01-30 18:33:09 INFO __main__ [RISK_SUMMARY] used_total=5.3904 used_total_shadow=5.3904 open_buy_orders_usd=0 shadow_buy_usd=0.0 recent_buy_usd=0.0 top_tokens=['78246210666082377632623139827154050778673061043185648855349012977046369895248=5.2000', '78280942695237665984381826147483624552959750094987001751755383401313451401568=0.0600', '45114117423978908058411784388250724650163815971233725858783887280844341990470=0.0400', '52365552199401369443408259986324629171792690921627298943075194906042228248932=0.0171', '93234833651290403107627925842341315568920086887489975925643046473406259664707=0.0160']
2026-01-30 18:33:29 INFO __main__ [CFG] reloaded (interval)
2026-01-30 18:33:31 INFO __main__ [SKIP] closed_positions filtered target=254 my=6 (trading only, risk still uses unfiltered)
2026-01-30 18:33:31 INFO __main__ [POS] target_count=6 my_count=4 target_incomplete=False my_incomplete=False | t_src=http_positions t_cb=1769798010 t_rsec=25 t_mode=sec t_http=200 t_hit=None
2026-01-30 18:33:31 INFO __main__ [POS] target cache_headers_first={'CF-Cache-Status': 'MISS', 'Cache-Control': 'public, max-age=3', 'Last-Modified': 'Fri, 30 Jan 2026 18:33:30 GMT', 'Date': 'Fri, 30 Jan 2026 18:33:30 GMT', 'Server': 'cloudflare'}
2026-01-30 18:33:31 INFO __main__ [POS] target cache_headers_last={'CF-Cache-Status': 'MISS', 'Cache-Control': 'public, max-age=3', 'Last-Modified': 'Fri, 30 Jan 2026 18:33:31 GMT', 'Date': 'Fri, 30 Jan 2026 18:33:31 GMT', 'Server': 'cloudflare'}
2026-01-30 18:33:31 INFO __main__ [SAFE] actions_empty reduce_reconcile_set size=4 recent_sec=600 lag_ms=0 actions=0 actions_unreliable=False
2026-01-30 18:33:31 INFO __main__ [SKIP] long_ignore token_id=93234833651290403107627925842341315568920086887489975925643046473406259664707 expires_at=1764694800 end_date=2025-12-02T17:00:00Z
2026-01-30 18:33:31 INFO __main__ [SKIP] long_ignore token_id=107854623063551848956959323683906084993759235411761278828050226188359888582895 expires_at=1764460800 end_date=2025-11-30T00:00:00Z
2026-01-30 18:33:31 INFO __main__ [SKIP] long_ignore token_id=78280942695237665984381826147483624552959750094987001751755383401313451401568 expires_at=1766095200 end_date=2025-12-18T22:00:00Z
2026-01-30 18:33:31 INFO __main__ [RISK_SUMMARY] used_total=5.3904 used_total_shadow=5.3904 open_buy_orders_usd=0 shadow_buy_usd=0.0 recent_buy_usd=0.0 top_tokens=['78246210666082377632623139827154050778673061043185648855349012977046369895248=5.2000', '78280942695237665984381826147483624552959750094987001751755383401313451401568=0.0600', '45114117423978908058411784388250724650163815971233725858783887280844341990470=0.0400', '52365552199401369443408259986324629171792690921627298943075194906042228248932=0.0171', '93234833651290403107627925842341315568920086887489975925643046473406259664707=0.0160']
2026-01-30 18:33:54 INFO __main__ [SKIP] closed_positions filtered target=254 my=6 (trading only, risk still uses unfiltered)
2026-01-30 18:33:54 INFO __main__ [SAFE] actions_empty reduce_reconcile_set size=4 recent_sec=600 lag_ms=0 actions=0 actions_unreliable=False
2026-01-30 18:33:54 INFO __main__ [SKIP] long_ignore token_id=93234833651290403107627925842341315568920086887489975925643046473406259664707 expires_at=1764694800 end_date=2025-12-02T17:00:00Z
2026-01-30 18:33:54 INFO __main__ [SKIP] long_ignore token_id=107854623063551848956959323683906084993759235411761278828050226188359888582895 expires_at=1764460800 end_date=2025-11-30T00:00:00Z
2026-01-30 18:33:54 INFO __main__ [SKIP] long_ignore token_id=78280942695237665984381826147483624552959750094987001751755383401313451401568 expires_at=1766095200 end_date=2025-12-18T22:00:00Z
2026-01-30 18:33:54 INFO __main__ [RISK_SUMMARY] used_total=5.3904 used_total_shadow=5.3904 open_buy_orders_usd=0 shadow_buy_usd=0.0 recent_buy_usd=0.0 top_tokens=['78246210666082377632623139827154050778673061043185648855349012977046369895248=5.2000', '78280942695237665984381826147483624552959750094987001751755383401313451401568=0.0600', '45114117423978908058411784388250724650163815971233725858783887280844341990470=0.0400', '52365552199401369443408259986324629171792690921627298943075194906042228248932=0.0171', '93234833651290403107627925842341315568920086887489975925643046473406259664707=0.0160']
2026-01-30 18:34:17 INFO __main__ [SKIP] closed_positions filtered target=254 my=6 (trading only, risk still uses unfiltered)
2026-01-30 18:34:17 INFO __main__ [SAFE] actions_empty reduce_reconcile_set size=4 recent_sec=600 lag_ms=0 actions=0 actions_unreliable=False
2026-01-30 18:34:17 INFO __main__ [SKIP] long_ignore token_id=93234833651290403107627925842341315568920086887489975925643046473406259664707 expires_at=1764694800 end_date=2025-12-02T17:00:00Z
2026-01-30 18:34:17 INFO __main__ [SKIP] long_ignore token_id=107854623063551848956959323683906084993759235411761278828050226188359888582895 expires_at=1764460800 end_date=2025-11-30T00:00:00Z
2026-01-30 18:34:17 INFO __main__ [SKIP] long_ignore token_id=78280942695237665984381826147483624552959750094987001751755383401313451401568 expires_at=1766095200 end_date=2025-12-18T22:00:00Z
2026-01-30 18:34:17 INFO __main__ [RISK_SUMMARY] used_total=5.3904 used_total_shadow=5.3904 open_buy_orders_usd=0 shadow_buy_usd=0.0 recent_buy_usd=0.0 top_tokens=['78246210666082377632623139827154050778673061043185648855349012977046369895248=5.2000', '78280942695237665984381826147483624552959750094987001751755383401313451401568=0.0600', '45114117423978908058411784388250724650163815971233725858783887280844341990470=0.0400', '52365552199401369443408259986324629171792690921627298943075194906042228248932=0.0171', '93234833651290403107627925842341315568920086887489975925643046473406259664707=0.0160']
2026-01-30 18:34:40 INFO __main__ [SKIP] closed_positions filtered target=254 my=6 (trading only, risk still uses unfiltered)
2026-01-30 18:34:40 INFO __main__ [SAFE] actions_empty reduce_reconcile_set size=4 recent_sec=600 lag_ms=0 actions=0 actions_unreliable=False
2026-01-30 18:34:40 INFO __main__ [SKIP] long_ignore token_id=93234833651290403107627925842341315568920086887489975925643046473406259664707 expires_at=1764694800 end_date=2025-12-02T17:00:00Z
2026-01-30 18:34:40 INFO __main__ [SKIP] long_ignore token_id=107854623063551848956959323683906084993759235411761278828050226188359888582895 expires_at=1764460800 end_date=2025-11-30T00:00:00Z
2026-01-30 18:34:40 INFO __main__ [SKIP] long_ignore token_id=78280942695237665984381826147483624552959750094987001751755383401313451401568 expires_at=1766095200 end_date=2025-12-18T22:00:00Z
2026-01-30 18:34:40 INFO __main__ [RISK_SUMMARY] used_total=5.3904 used_total_shadow=5.3904 open_buy_orders_usd=0 shadow_buy_usd=0.0 recent_buy_usd=0.0 top_tokens=['78246210666082377632623139827154050778673061043185648855349012977046369895248=5.2000', '78280942695237665984381826147483624552959750094987001751755383401313451401568=0.0600', '45114117423978908058411784388250724650163815971233725858783887280844341990470=0.0400', '52365552199401369443408259986324629171792690921627298943075194906042228248932=0.0171', '93234833651290403107627925842341315568920086887489975925643046473406259664707=0.0160']
2026-01-30 18:35:03 INFO __main__ [SKIP] closed_positions filtered target=254 my=6 (trading only, risk still uses unfiltered)
2026-01-30 18:35:03 INFO __main__ [SAFE] actions_empty reduce_reconcile_set size=4 recent_sec=600 lag_ms=0 actions=0 actions_unreliable=False
2026-01-30 18:35:03 INFO __main__ [SKIP] long_ignore token_id=93234833651290403107627925842341315568920086887489975925643046473406259664707 expires_at=1764694800 end_date=2025-12-02T17:00:00Z
2026-01-30 18:35:03 INFO __main__ [SKIP] long_ignore token_id=107854623063551848956959323683906084993759235411761278828050226188359888582895 expires_at=1764460800 end_date=2025-11-30T00:00:00Z
2026-01-30 18:35:03 INFO __main__ [SKIP] long_ignore token_id=78280942695237665984381826147483624552959750094987001751755383401313451401568 expires_at=1766095200 end_date=2025-12-18T22:00:00Z
2026-01-30 18:35:03 INFO __main__ [RISK_SUMMARY] used_total=5.3904 used_total_shadow=5.3904 open_buy_orders_usd=0 shadow_buy_usd=0.0 recent_buy_usd=0.0 top_tokens=['78246210666082377632623139827154050778673061043185648855349012977046369895248=5.2000', '78280942695237665984381826147483624552959750094987001751755383401313451401568=0.0600', '45114117423978908058411784388250724650163815971233725858783887280844341990470=0.0400', '52365552199401369443408259986324629171792690921627298943075194906042228248932=0.0171', '93234833651290403107627925842341315568920086887489975925643046473406259664707=0.0160']
2026-01-30 18:35:26 INFO __main__ [SKIP] closed_positions filtered target=254 my=6 (trading only, risk still uses unfiltered)
2026-01-30 18:35:26 INFO __main__ [SAFE] actions_empty reduce_reconcile_set size=4 recent_sec=600 lag_ms=0 actions=0 actions_unreliable=False
2026-01-30 18:35:26 INFO __main__ [SKIP] long_ignore token_id=93234833651290403107627925842341315568920086887489975925643046473406259664707 expires_at=1764694800 end_date=2025-12-02T17:00:00Z
2026-01-30 18:35:26 INFO __main__ [SKIP] long_ignore token_id=107854623063551848956959323683906084993759235411761278828050226188359888582895 expires_at=1764460800 end_date=2025-11-30T00:00:00Z
2026-01-30 18:35:26 INFO __main__ [SKIP] long_ignore token_id=78280942695237665984381826147483624552959750094987001751755383401313451401568 expires_at=1766095200 end_date=2025-12-18T22:00:00Z
2026-01-30 18:35:26 INFO __main__ [RISK_SUMMARY] used_total=5.3904 used_total_shadow=5.3904 open_buy_orders_usd=0 shadow_buy_usd=0.0 recent_buy_usd=0.0 top_tokens=['78246210666082377632623139827154050778673061043185648855349012977046369895248=5.2000', '78280942695237665984381826147483624552959750094987001751755383401313451401568=0.0600', '45114117423978908058411784388250724650163815971233725858783887280844341990470=0.0400', '52365552199401369443408259986324629171792690921627298943075194906042228248932=0.0171', '93234833651290403107627925842341315568920086887489975925643046473406259664707=0.0160']
2026-01-30 18:35:48 INFO __main__ [SKIP] closed_positions filtered target=254 my=6 (trading only, risk still uses unfiltered)
2026-01-30 18:35:48 INFO __main__ [SAFE] actions_empty reduce_reconcile_set size=4 recent_sec=600 lag_ms=0 actions=0 actions_unreliable=False
2026-01-30 18:35:48 INFO __main__ [SKIP] long_ignore token_id=93234833651290403107627925842341315568920086887489975925643046473406259664707 expires_at=1764694800 end_date=2025-12-02T17:00:00Z
2026-01-30 18:35:48 INFO __main__ [SKIP] long_ignore token_id=107854623063551848956959323683906084993759235411761278828050226188359888582895 expires_at=1764460800 end_date=2025-11-30T00:00:00Z
2026-01-30 18:35:48 INFO __main__ [SKIP] long_ignore token_id=78280942695237665984381826147483624552959750094987001751755383401313451401568 expires_at=1766095200 end_date=2025-12-18T22:00:00Z
2026-01-30 18:35:48 INFO __main__ [RISK_SUMMARY] used_total=5.3904 used_total_shadow=5.3904 open_buy_orders_usd=0 shadow_buy_usd=0.0 recent_buy_usd=0.0 top_tokens=['78246210666082377632623139827154050778673061043185648855349012977046369895248=5.2000', '78280942695237665984381826147483624552959750094987001751755383401313451401568=0.0600', '45114117423978908058411784388250724650163815971233725858783887280844341990470=0.0400', '52365552199401369443408259986324629171792690921627298943075194906042228248932=0.0171', '93234833651290403107627925842341315568920086887489975925643046473406259664707=0.0160']
2026-01-30 18:36:11 INFO __main__ [SKIP] closed_positions filtered target=254 my=6 (trading only, risk still uses unfiltered)
2026-01-30 18:36:11 INFO __main__ [SAFE] actions_empty reduce_reconcile_set size=4 recent_sec=600 lag_ms=0 actions=0 actions_unreliable=False
2026-01-30 18:36:11 INFO __main__ [SKIP] long_ignore token_id=93234833651290403107627925842341315568920086887489975925643046473406259664707 expires_at=1764694800 end_date=2025-12-02T17:00:00Z
2026-01-30 18:36:11 INFO __main__ [SKIP] long_ignore token_id=107854623063551848956959323683906084993759235411761278828050226188359888582895 expires_at=1764460800 end_date=2025-11-30T00:00:00Z
2026-01-30 18:36:11 INFO __main__ [SKIP] long_ignore token_id=78280942695237665984381826147483624552959750094987001751755383401313451401568 expires_at=1766095200 end_date=2025-12-18T22:00:00Z
2026-01-30 18:36:11 INFO __main__ [RISK_SUMMARY] used_total=5.3904 used_total_shadow=5.3904 open_buy_orders_usd=0 shadow_buy_usd=0.0 recent_buy_usd=0.0 top_tokens=['78246210666082377632623139827154050778673061043185648855349012977046369895248=5.2000', '78280942695237665984381826147483624552959750094987001751755383401313451401568=0.0600', '45114117423978908058411784388250724650163815971233725858783887280844341990470=0.0400', '52365552199401369443408259986324629171792690921627298943075194906042228248932=0.0171', '93234833651290403107627925842341315568920086887489975925643046473406259664707=0.0160']
2026-01-30 18:36:33 INFO __main__ [SKIP] closed_positions filtered target=254 my=6 (trading only, risk still uses unfiltered)
2026-01-30 18:36:33 INFO __main__ [SAFE] actions_empty reduce_reconcile_set size=4 recent_sec=600 lag_ms=0 actions=0 actions_unreliable=False
2026-01-30 18:36:33 INFO __main__ [SKIP] long_ignore token_id=93234833651290403107627925842341315568920086887489975925643046473406259664707 expires_at=1764694800 end_date=2025-12-02T17:00:00Z
2026-01-30 18:36:33 INFO __main__ [SKIP] long_ignore token_id=107854623063551848956959323683906084993759235411761278828050226188359888582895 expires_at=1764460800 end_date=2025-11-30T00:00:00Z
2026-01-30 18:36:33 INFO __main__ [SKIP] long_ignore token_id=78280942695237665984381826147483624552959750094987001751755383401313451401568 expires_at=1766095200 end_date=2025-12-18T22:00:00Z
2026-01-30 18:36:33 INFO __main__ [RISK_SUMMARY] used_total=5.3904 used_total_shadow=5.3904 open_buy_orders_usd=0 shadow_buy_usd=0.0 recent_buy_usd=0.0 top_tokens=['78246210666082377632623139827154050778673061043185648855349012977046369895248=5.2000', '78280942695237665984381826147483624552959750094987001751755383401313451401568=0.0600', '45114117423978908058411784388250724650163815971233725858783887280844341990470=0.0400', '52365552199401369443408259986324629171792690921627298943075194906042228248932=0.0171', '93234833651290403107627925842341315568920086887489975925643046473406259664707=0.0160']
2026-01-30 18:36:55 INFO __main__ [SKIP] closed_positions filtered target=254 my=6 (trading only, risk still uses unfiltered)
2026-01-30 18:36:55 INFO __main__ [SAFE] actions_empty reduce_reconcile_set size=4 recent_sec=600 lag_ms=0 actions=0 actions_unreliable=False
2026-01-30 18:36:55 INFO __main__ [SKIP] long_ignore token_id=93234833651290403107627925842341315568920086887489975925643046473406259664707 expires_at=1764694800 end_date=2025-12-02T17:00:00Z
2026-01-30 18:36:55 INFO __main__ [SKIP] long_ignore token_id=107854623063551848956959323683906084993759235411761278828050226188359888582895 expires_at=1764460800 end_date=2025-11-30T00:00:00Z
2026-01-30 18:36:55 INFO __main__ [SKIP] long_ignore token_id=78280942695237665984381826147483624552959750094987001751755383401313451401568 expires_at=1766095200 end_date=2025-12-18T22:00:00Z
2026-01-30 18:36:55 INFO __main__ [RISK_SUMMARY] used_total=5.3904 used_total_shadow=5.3904 open_buy_orders_usd=0 shadow_buy_usd=0.0 recent_buy_usd=0.0 top_tokens=['78246210666082377632623139827154050778673061043185648855349012977046369895248=5.2000', '78280942695237665984381826147483624552959750094987001751755383401313451401568=0.0600', '45114117423978908058411784388250724650163815971233725858783887280844341990470=0.0400', '52365552199401369443408259986324629171792690921627298943075194906042228248932=0.0171', '93234833651290403107627925842341315568920086887489975925643046473406259664707=0.0160']
2026-01-30 18:37:18 INFO __main__ [SKIP] closed_positions filtered target=254 my=6 (trading only, risk still uses unfiltered)
2026-01-30 18:37:18 INFO __main__ [SAFE] actions_empty reduce_reconcile_set size=4 recent_sec=600 lag_ms=0 actions=0 actions_unreliable=False
2026-01-30 18:37:18 INFO __main__ [SKIP] long_ignore token_id=93234833651290403107627925842341315568920086887489975925643046473406259664707 expires_at=1764694800 end_date=2025-12-02T17:00:00Z
2026-01-30 18:37:18 INFO __main__ [SKIP] long_ignore token_id=107854623063551848956959323683906084993759235411761278828050226188359888582895 expires_at=1764460800 end_date=2025-11-30T00:00:00Z
2026-01-30 18:37:18 INFO __main__ [SKIP] long_ignore token_id=78280942695237665984381826147483624552959750094987001751755383401313451401568 expires_at=1766095200 end_date=2025-12-18T22:00:00Z
2026-01-30 18:37:18 INFO __main__ [RISK_SUMMARY] used_total=5.3904 used_total_shadow=5.3904 open_buy_orders_usd=0 shadow_buy_usd=0.0 recent_buy_usd=0.0 top_tokens=['78246210666082377632623139827154050778673061043185648855349012977046369895248=5.2000', '78280942695237665984381826147483624552959750094987001751755383401313451401568=0.0600', '45114117423978908058411784388250724650163815971233725858783887280844341990470=0.0400', '52365552199401369443408259986324629171792690921627298943075194906042228248932=0.0171', '93234833651290403107627925842341315568920086887489975925643046473406259664707=0.0160']
2026-01-30 18:37:41 INFO __main__ [SKIP] closed_positions filtered target=254 my=6 (trading only, risk still uses unfiltered)
2026-01-30 18:37:41 INFO __main__ [SAFE] actions_empty reduce_reconcile_set size=4 recent_sec=600 lag_ms=0 actions=0 actions_unreliable=False
2026-01-30 18:37:41 INFO __main__ [SKIP] long_ignore token_id=93234833651290403107627925842341315568920086887489975925643046473406259664707 expires_at=1764694800 end_date=2025-12-02T17:00:00Z
2026-01-30 18:37:41 INFO __main__ [SKIP] long_ignore token_id=107854623063551848956959323683906084993759235411761278828050226188359888582895 expires_at=1764460800 end_date=2025-11-30T00:00:00Z
2026-01-30 18:37:41 INFO __main__ [SKIP] long_ignore token_id=78280942695237665984381826147483624552959750094987001751755383401313451401568 expires_at=1766095200 end_date=2025-12-18T22:00:00Z
2026-01-30 18:37:41 INFO __main__ [RISK_SUMMARY] used_total=5.3904 used_total_shadow=5.3904 open_buy_orders_usd=0 shadow_buy_usd=0.0 recent_buy_usd=0.0 top_tokens=['78246210666082377632623139827154050778673061043185648855349012977046369895248=5.2000', '78280942695237665984381826147483624552959750094987001751755383401313451401568=0.0600', '45114117423978908058411784388250724650163815971233725858783887280844341990470=0.0400', '52365552199401369443408259986324629171792690921627298943075194906042228248932=0.0171', '93234833651290403107627925842341315568920086887489975925643046473406259664707=0.0160']
2026-01-30 18:38:04 INFO __main__ [SKIP] closed_positions filtered target=254 my=6 (trading only, risk still uses unfiltered)
2026-01-30 18:38:04 INFO __main__ [SAFE] actions_empty reduce_reconcile_set size=4 recent_sec=600 lag_ms=0 actions=0 actions_unreliable=False
2026-01-30 18:38:04 INFO __main__ [SKIP] long_ignore token_id=93234833651290403107627925842341315568920086887489975925643046473406259664707 expires_at=1764694800 end_date=2025-12-02T17:00:00Z
2026-01-30 18:38:04 INFO __main__ [SKIP] long_ignore token_id=107854623063551848956959323683906084993759235411761278828050226188359888582895 expires_at=1764460800 end_date=2025-11-30T00:00:00Z
2026-01-30 18:38:04 INFO __main__ [SKIP] long_ignore token_id=78280942695237665984381826147483624552959750094987001751755383401313451401568 expires_at=1766095200 end_date=2025-12-18T22:00:00Z
2026-01-30 18:38:04 INFO __main__ [RISK_SUMMARY] used_total=5.3904 used_total_shadow=5.3904 open_buy_orders_usd=0 shadow_buy_usd=0.0 recent_buy_usd=0.0 top_tokens=['78246210666082377632623139827154050778673061043185648855349012977046369895248=5.2000', '78280942695237665984381826147483624552959750094987001751755383401313451401568=0.0600', '45114117423978908058411784388250724650163815971233725858783887280844341990470=0.0400', '52365552199401369443408259986324629171792690921627298943075194906042228248932=0.0171', '93234833651290403107627925842341315568920086887489975925643046473406259664707=0.0160']
2026-01-30 18:38:26 INFO __main__ [SKIP] closed_positions filtered target=254 my=6 (trading only, risk still uses unfiltered)
2026-01-30 18:38:26 INFO __main__ [SAFE] actions_empty reduce_reconcile_set size=4 recent_sec=600 lag_ms=0 actions=0 actions_unreliable=False
2026-01-30 18:38:26 INFO __main__ [SKIP] long_ignore token_id=93234833651290403107627925842341315568920086887489975925643046473406259664707 expires_at=1764694800 end_date=2025-12-02T17:00:00Z
2026-01-30 18:38:26 INFO __main__ [SKIP] long_ignore token_id=107854623063551848956959323683906084993759235411761278828050226188359888582895 expires_at=1764460800 end_date=2025-11-30T00:00:00Z
2026-01-30 18:38:26 INFO __main__ [SKIP] long_ignore token_id=78280942695237665984381826147483624552959750094987001751755383401313451401568 expires_at=1766095200 end_date=2025-12-18T22:00:00Z
2026-01-30 18:38:26 INFO __main__ [RISK_SUMMARY] used_total=5.3904 used_total_shadow=5.3904 open_buy_orders_usd=0 shadow_buy_usd=0.0 recent_buy_usd=0.0 top_tokens=['78246210666082377632623139827154050778673061043185648855349012977046369895248=5.2000', '78280942695237665984381826147483624552959750094987001751755383401313451401568=0.0600', '45114117423978908058411784388250724650163815971233725858783887280844341990470=0.0400', '52365552199401369443408259986324629171792690921627298943075194906042228248932=0.0171', '93234833651290403107627925842341315568920086887489975925643046473406259664707=0.0160']
2026-01-30 18:38:48 INFO __main__ [SKIP] closed_positions filtered target=254 my=6 (trading only, risk still uses unfiltered)
2026-01-30 18:38:48 INFO __main__ [SAFE] actions_empty reduce_reconcile_set size=4 recent_sec=600 lag_ms=0 actions=0 actions_unreliable=False
2026-01-30 18:38:48 INFO __main__ [SKIP] long_ignore token_id=93234833651290403107627925842341315568920086887489975925643046473406259664707 expires_at=1764694800 end_date=2025-12-02T17:00:00Z
2026-01-30 18:38:48 INFO __main__ [SKIP] long_ignore token_id=107854623063551848956959323683906084993759235411761278828050226188359888582895 expires_at=1764460800 end_date=2025-11-30T00:00:00Z
2026-01-30 18:38:48 INFO __main__ [SKIP] long_ignore token_id=78280942695237665984381826147483624552959750094987001751755383401313451401568 expires_at=1766095200 end_date=2025-12-18T22:00:00Z
2026-01-30 18:38:48 INFO __main__ [RISK_SUMMARY] used_total=5.3904 used_total_shadow=5.3904 open_buy_orders_usd=0 shadow_buy_usd=0.0 recent_buy_usd=0.0 top_tokens=['78246210666082377632623139827154050778673061043185648855349012977046369895248=5.2000', '78280942695237665984381826147483624552959750094987001751755383401313451401568=0.0600', '45114117423978908058411784388250724650163815971233725858783887280844341990470=0.0400', '52365552199401369443408259986324629171792690921627298943075194906042228248932=0.0171', '93234833651290403107627925842341315568920086887489975925643046473406259664707=0.0160']
2026-01-30 18:39:12 INFO __main__ [SKIP] closed_positions filtered target=254 my=6 (trading only, risk still uses unfiltered)
2026-01-30 18:39:12 INFO __main__ [SAFE] actions_empty reduce_reconcile_set size=4 recent_sec=600 lag_ms=0 actions=0 actions_unreliable=False
2026-01-30 18:39:12 INFO __main__ [SKIP] long_ignore token_id=93234833651290403107627925842341315568920086887489975925643046473406259664707 expires_at=1764694800 end_date=2025-12-02T17:00:00Z
2026-01-30 18:39:12 INFO __main__ [SKIP] long_ignore token_id=107854623063551848956959323683906084993759235411761278828050226188359888582895 expires_at=1764460800 end_date=2025-11-30T00:00:00Z
2026-01-30 18:39:12 INFO __main__ [SKIP] long_ignore token_id=78280942695237665984381826147483624552959750094987001751755383401313451401568 expires_at=1766095200 end_date=2025-12-18T22:00:00Z
2026-01-30 18:39:12 INFO __main__ [RISK_SUMMARY] used_total=5.3904 used_total_shadow=5.3904 open_buy_orders_usd=0 shadow_buy_usd=0.0 recent_buy_usd=0.0 top_tokens=['78246210666082377632623139827154050778673061043185648855349012977046369895248=5.2000', '78280942695237665984381826147483624552959750094987001751755383401313451401568=0.0600', '45114117423978908058411784388250724650163815971233725858783887280844341990470=0.0400', '52365552199401369443408259986324629171792690921627298943075194906042228248932=0.0171', '93234833651290403107627925842341315568920086887489975925643046473406259664707=0.0160']
2026-01-30 18:39:35 INFO __main__ [SKIP] closed_positions filtered target=254 my=6 (trading only, risk still uses unfiltered)
2026-01-30 18:39:35 INFO __main__ [SAFE] actions_empty reduce_reconcile_set size=4 recent_sec=600 lag_ms=0 actions=0 actions_unreliable=False
2026-01-30 18:39:35 INFO __main__ [SKIP] long_ignore token_id=93234833651290403107627925842341315568920086887489975925643046473406259664707 expires_at=1764694800 end_date=2025-12-02T17:00:00Z
2026-01-30 18:39:35 INFO __main__ [SKIP] long_ignore token_id=107854623063551848956959323683906084993759235411761278828050226188359888582895 expires_at=1764460800 end_date=2025-11-30T00:00:00Z
2026-01-30 18:39:35 INFO __main__ [SKIP] long_ignore token_id=78280942695237665984381826147483624552959750094987001751755383401313451401568 expires_at=1766095200 end_date=2025-12-18T22:00:00Z
2026-01-30 18:39:35 INFO __main__ [RISK_SUMMARY] used_total=5.3904 used_total_shadow=5.3904 open_buy_orders_usd=0 shadow_buy_usd=0.0 recent_buy_usd=0.0 top_tokens=['78246210666082377632623139827154050778673061043185648855349012977046369895248=5.2000', '78280942695237665984381826147483624552959750094987001751755383401313451401568=0.0600', '45114117423978908058411784388250724650163815971233725858783887280844341990470=0.0400', '52365552199401369443408259986324629171792690921627298943075194906042228248932=0.0171', '93234833651290403107627925842341315568920086887489975925643046473406259664707=0.0160']
2026-01-30 18:39:57 INFO __main__ [SKIP] closed_positions filtered target=254 my=6 (trading only, risk still uses unfiltered)
2026-01-30 18:39:57 INFO __main__ [SAFE] actions_empty reduce_reconcile_set size=4 recent_sec=600 lag_ms=0 actions=0 actions_unreliable=False
2026-01-30 18:39:57 INFO __main__ [SKIP] long_ignore token_id=93234833651290403107627925842341315568920086887489975925643046473406259664707 expires_at=1764694800 end_date=2025-12-02T17:00:00Z
2026-01-30 18:39:57 INFO __main__ [SKIP] long_ignore token_id=107854623063551848956959323683906084993759235411761278828050226188359888582895 expires_at=1764460800 end_date=2025-11-30T00:00:00Z
2026-01-30 18:39:57 INFO __main__ [SKIP] long_ignore token_id=78280942695237665984381826147483624552959750094987001751755383401313451401568 expires_at=1766095200 end_date=2025-12-18T22:00:00Z
2026-01-30 18:39:57 INFO __main__ [RISK_SUMMARY] used_total=5.3904 used_total_shadow=5.3904 open_buy_orders_usd=0 shadow_buy_usd=0.0 recent_buy_usd=0.0 top_tokens=['78246210666082377632623139827154050778673061043185648855349012977046369895248=5.2000', '78280942695237665984381826147483624552959750094987001751755383401313451401568=0.0600', '45114117423978908058411784388250724650163815971233725858783887280844341990470=0.0400', '52365552199401369443408259986324629171792690921627298943075194906042228248932=0.0171', '93234833651290403107627925842341315568920086887489975925643046473406259664707=0.0160']
2026-01-30 18:40:20 INFO __main__ [SKIP] closed_positions filtered target=254 my=6 (trading only, risk still uses unfiltered)
2026-01-30 18:40:20 INFO __main__ [SAFE] actions_empty reduce_reconcile_set size=4 recent_sec=600 lag_ms=0 actions=0 actions_unreliable=False
2026-01-30 18:40:20 INFO __main__ [SKIP] long_ignore token_id=93234833651290403107627925842341315568920086887489975925643046473406259664707 expires_at=1764694800 end_date=2025-12-02T17:00:00Z
2026-01-30 18:40:20 INFO __main__ [SKIP] long_ignore token_id=107854623063551848956959323683906084993759235411761278828050226188359888582895 expires_at=1764460800 end_date=2025-11-30T00:00:00Z
2026-01-30 18:40:20 INFO __main__ [SKIP] long_ignore token_id=78280942695237665984381826147483624552959750094987001751755383401313451401568 expires_at=1766095200 end_date=2025-12-18T22:00:00Z
2026-01-30 18:40:20 INFO __main__ [RISK_SUMMARY] used_total=5.3904 used_total_shadow=5.3904 open_buy_orders_usd=0 shadow_buy_usd=0.0 recent_buy_usd=0.0 top_tokens=['78246210666082377632623139827154050778673061043185648855349012977046369895248=5.2000', '78280942695237665984381826147483624552959750094987001751755383401313451401568=0.0600', '45114117423978908058411784388250724650163815971233725858783887280844341990470=0.0400', '52365552199401369443408259986324629171792690921627298943075194906042228248932=0.0171', '93234833651290403107627925842341315568920086887489975925643046473406259664707=0.0160']
2026-01-30 18:40:42 INFO __main__ [SKIP] closed_positions filtered target=254 my=6 (trading only, risk still uses unfiltered)
2026-01-30 18:40:42 INFO __main__ [SAFE] actions_empty reduce_reconcile_set size=4 recent_sec=600 lag_ms=0 actions=0 actions_unreliable=False
2026-01-30 18:40:42 INFO __main__ [SKIP] long_ignore token_id=93234833651290403107627925842341315568920086887489975925643046473406259664707 expires_at=1764694800 end_date=2025-12-02T17:00:00Z
2026-01-30 18:40:42 INFO __main__ [SKIP] long_ignore token_id=107854623063551848956959323683906084993759235411761278828050226188359888582895 expires_at=1764460800 end_date=2025-11-30T00:00:00Z
2026-01-30 18:40:42 INFO __main__ [SKIP] long_ignore token_id=78280942695237665984381826147483624552959750094987001751755383401313451401568 expires_at=1766095200 end_date=2025-12-18T22:00:00Z
2026-01-30 18:40:42 INFO __main__ [RISK_SUMMARY] used_total=5.3904 used_total_shadow=5.3904 open_buy_orders_usd=0 shadow_buy_usd=0.0 recent_buy_usd=0.0 top_tokens=['78246210666082377632623139827154050778673061043185648855349012977046369895248=5.2000', '78280942695237665984381826147483624552959750094987001751755383401313451401568=0.0600', '45114117423978908058411784388250724650163815971233725858783887280844341990470=0.0400', '52365552199401369443408259986324629171792690921627298943075194906042228248932=0.0171', '93234833651290403107627925842341315568920086887489975925643046473406259664707=0.0160']
2026-01-30 18:41:05 INFO __main__ [SKIP] closed_positions filtered target=254 my=6 (trading only, risk still uses unfiltered)
2026-01-30 18:41:05 INFO __main__ [SAFE] actions_empty reduce_reconcile_set size=4 recent_sec=600 lag_ms=0 actions=0 actions_unreliable=False
2026-01-30 18:41:05 INFO __main__ [SKIP] long_ignore token_id=93234833651290403107627925842341315568920086887489975925643046473406259664707 expires_at=1764694800 end_date=2025-12-02T17:00:00Z
2026-01-30 18:41:05 INFO __main__ [SKIP] long_ignore token_id=107854623063551848956959323683906084993759235411761278828050226188359888582895 expires_at=1764460800 end_date=2025-11-30T00:00:00Z
2026-01-30 18:41:05 INFO __main__ [SKIP] long_ignore token_id=78280942695237665984381826147483624552959750094987001751755383401313451401568 expires_at=1766095200 end_date=2025-12-18T22:00:00Z
2026-01-30 18:41:05 INFO __main__ [RISK_SUMMARY] used_total=5.3904 used_total_shadow=5.3904 open_buy_orders_usd=0 shadow_buy_usd=0.0 recent_buy_usd=0.0 top_tokens=['78246210666082377632623139827154050778673061043185648855349012977046369895248=5.2000', '78280942695237665984381826147483624552959750094987001751755383401313451401568=0.0600', '45114117423978908058411784388250724650163815971233725858783887280844341990470=0.0400', '52365552199401369443408259986324629171792690921627298943075194906042228248932=0.0171', '93234833651290403107627925842341315568920086887489975925643046473406259664707=0.0160']
2026-01-30 18:41:27 INFO __main__ [SKIP] closed_positions filtered target=254 my=6 (trading only, risk still uses unfiltered)
2026-01-30 18:41:27 INFO __main__ [SAFE] actions_empty reduce_reconcile_set size=4 recent_sec=600 lag_ms=0 actions=0 actions_unreliable=False
2026-01-30 18:41:27 INFO __main__ [SKIP] long_ignore token_id=93234833651290403107627925842341315568920086887489975925643046473406259664707 expires_at=1764694800 end_date=2025-12-02T17:00:00Z
2026-01-30 18:41:27 INFO __main__ [SKIP] long_ignore token_id=107854623063551848956959323683906084993759235411761278828050226188359888582895 expires_at=1764460800 end_date=2025-11-30T00:00:00Z
2026-01-30 18:41:27 INFO __main__ [SKIP] long_ignore token_id=78280942695237665984381826147483624552959750094987001751755383401313451401568 expires_at=1766095200 end_date=2025-12-18T22:00:00Z
2026-01-30 18:41:27 INFO __main__ [RISK_SUMMARY] used_total=5.3904 used_total_shadow=5.3904 open_buy_orders_usd=0 shadow_buy_usd=0.0 recent_buy_usd=0.0 top_tokens=['78246210666082377632623139827154050778673061043185648855349012977046369895248=5.2000', '78280942695237665984381826147483624552959750094987001751755383401313451401568=0.0600', '45114117423978908058411784388250724650163815971233725858783887280844341990470=0.0400', '52365552199401369443408259986324629171792690921627298943075194906042228248932=0.0171', '93234833651290403107627925842341315568920086887489975925643046473406259664707=0.0160']
2026-01-30 18:41:50 INFO __main__ [SKIP] closed_positions filtered target=254 my=6 (trading only, risk still uses unfiltered)
2026-01-30 18:41:50 INFO __main__ [SAFE] actions_empty reduce_reconcile_set size=4 recent_sec=600 lag_ms=0 actions=0 actions_unreliable=False
2026-01-30 18:41:50 INFO __main__ [SKIP] long_ignore token_id=93234833651290403107627925842341315568920086887489975925643046473406259664707 expires_at=1764694800 end_date=2025-12-02T17:00:00Z
2026-01-30 18:41:50 INFO __main__ [SKIP] long_ignore token_id=107854623063551848956959323683906084993759235411761278828050226188359888582895 expires_at=1764460800 end_date=2025-11-30T00:00:00Z
2026-01-30 18:41:50 INFO __main__ [SKIP] long_ignore token_id=78280942695237665984381826147483624552959750094987001751755383401313451401568 expires_at=1766095200 end_date=2025-12-18T22:00:00Z
2026-01-30 18:41:50 INFO __main__ [RISK_SUMMARY] used_total=5.3904 used_total_shadow=5.3904 open_buy_orders_usd=0 shadow_buy_usd=0.0 recent_buy_usd=0.0 top_tokens=['78246210666082377632623139827154050778673061043185648855349012977046369895248=5.2000', '78280942695237665984381826147483624552959750094987001751755383401313451401568=0.0600', '45114117423978908058411784388250724650163815971233725858783887280844341990470=0.0400', '52365552199401369443408259986324629171792690921627298943075194906042228248932=0.0171', '93234833651290403107627925842341315568920086887489975925643046473406259664707=0.0160']
2026-01-30 18:42:13 INFO __main__ [SKIP] closed_positions filtered target=254 my=6 (trading only, risk still uses unfiltered)
2026-01-30 18:42:13 INFO __main__ [SAFE] actions_empty reduce_reconcile_set size=4 recent_sec=600 lag_ms=0 actions=0 actions_unreliable=False
2026-01-30 18:42:13 INFO __main__ [SKIP] long_ignore token_id=93234833651290403107627925842341315568920086887489975925643046473406259664707 expires_at=1764694800 end_date=2025-12-02T17:00:00Z
2026-01-30 18:42:13 INFO __main__ [SKIP] long_ignore token_id=107854623063551848956959323683906084993759235411761278828050226188359888582895 expires_at=1764460800 end_date=2025-11-30T00:00:00Z
2026-01-30 18:42:13 INFO __main__ [SKIP] long_ignore token_id=78280942695237665984381826147483624552959750094987001751755383401313451401568 expires_at=1766095200 end_date=2025-12-18T22:00:00Z
2026-01-30 18:42:13 INFO __main__ [RISK_SUMMARY] used_total=5.3904 used_total_shadow=5.3904 open_buy_orders_usd=0 shadow_buy_usd=0.0 recent_buy_usd=0.0 top_tokens=['78246210666082377632623139827154050778673061043185648855349012977046369895248=5.2000', '78280942695237665984381826147483624552959750094987001751755383401313451401568=0.0600', '45114117423978908058411784388250724650163815971233725858783887280844341990470=0.0400', '52365552199401369443408259986324629171792690921627298943075194906042228248932=0.0171', '93234833651290403107627925842341315568920086887489975925643046473406259664707=0.0160']
2026-01-30 18:42:35 INFO __main__ [SKIP] closed_positions filtered target=254 my=6 (trading only, risk still uses unfiltered)
2026-01-30 18:42:35 INFO __main__ [SAFE] actions_empty reduce_reconcile_set size=4 recent_sec=600 lag_ms=0 actions=0 actions_unreliable=False
2026-01-30 18:42:35 INFO __main__ [SKIP] long_ignore token_id=93234833651290403107627925842341315568920086887489975925643046473406259664707 expires_at=1764694800 end_date=2025-12-02T17:00:00Z
2026-01-30 18:42:35 INFO __main__ [SKIP] long_ignore token_id=107854623063551848956959323683906084993759235411761278828050226188359888582895 expires_at=1764460800 end_date=2025-11-30T00:00:00Z
2026-01-30 18:42:35 INFO __main__ [SKIP] long_ignore token_id=78280942695237665984381826147483624552959750094987001751755383401313451401568 expires_at=1766095200 end_date=2025-12-18T22:00:00Z
2026-01-30 18:42:35 INFO __main__ [RISK_SUMMARY] used_total=5.3904 used_total_shadow=5.3904 open_buy_orders_usd=0 shadow_buy_usd=0.0 recent_buy_usd=0.0 top_tokens=['78246210666082377632623139827154050778673061043185648855349012977046369895248=5.2000', '78280942695237665984381826147483624552959750094987001751755383401313451401568=0.0600', '45114117423978908058411784388250724650163815971233725858783887280844341990470=0.0400', '52365552199401369443408259986324629171792690921627298943075194906042228248932=0.0171', '93234833651290403107627925842341315568920086887489975925643046473406259664707=0.0160']
2026-01-30 18:42:58 INFO __main__ [SKIP] closed_positions filtered target=254 my=6 (trading only, risk still uses unfiltered)
2026-01-30 18:42:58 INFO __main__ [SAFE] actions_empty reduce_reconcile_set size=4 recent_sec=600 lag_ms=0 actions=0 actions_unreliable=False
2026-01-30 18:42:58 INFO __main__ [SKIP] long_ignore token_id=93234833651290403107627925842341315568920086887489975925643046473406259664707 expires_at=1764694800 end_date=2025-12-02T17:00:00Z
2026-01-30 18:42:58 INFO __main__ [SKIP] long_ignore token_id=107854623063551848956959323683906084993759235411761278828050226188359888582895 expires_at=1764460800 end_date=2025-11-30T00:00:00Z
2026-01-30 18:42:58 INFO __main__ [SKIP] long_ignore token_id=78280942695237665984381826147483624552959750094987001751755383401313451401568 expires_at=1766095200 end_date=2025-12-18T22:00:00Z
2026-01-30 18:42:58 INFO __main__ [RISK_SUMMARY] used_total=5.3904 used_total_shadow=5.3904 open_buy_orders_usd=0 shadow_buy_usd=0.0 recent_buy_usd=0.0 top_tokens=['78246210666082377632623139827154050778673061043185648855349012977046369895248=5.2000', '78280942695237665984381826147483624552959750094987001751755383401313451401568=0.0600', '45114117423978908058411784388250724650163815971233725858783887280844341990470=0.0400', '52365552199401369443408259986324629171792690921627298943075194906042228248932=0.0171', '93234833651290403107627925842341315568920086887489975925643046473406259664707=0.0160']
2026-01-30 18:43:20 INFO __main__ [SKIP] closed_positions filtered target=254 my=6 (trading only, risk still uses unfiltered)
2026-01-30 18:43:20 INFO __main__ [SAFE] actions_empty reduce_reconcile_set size=4 recent_sec=600 lag_ms=0 actions=0 actions_unreliable=False
2026-01-30 18:43:20 INFO __main__ [SKIP] long_ignore token_id=93234833651290403107627925842341315568920086887489975925643046473406259664707 expires_at=1764694800 end_date=2025-12-02T17:00:00Z
2026-01-30 18:43:20 INFO __main__ [SKIP] long_ignore token_id=107854623063551848956959323683906084993759235411761278828050226188359888582895 expires_at=1764460800 end_date=2025-11-30T00:00:00Z
2026-01-30 18:43:20 INFO __main__ [SKIP] long_ignore token_id=78280942695237665984381826147483624552959750094987001751755383401313451401568 expires_at=1766095200 end_date=2025-12-18T22:00:00Z
2026-01-30 18:43:20 INFO __main__ [RISK_SUMMARY] used_total=5.3904 used_total_shadow=5.3904 open_buy_orders_usd=0 shadow_buy_usd=0.0 recent_buy_usd=0.0 top_tokens=['78246210666082377632623139827154050778673061043185648855349012977046369895248=5.2000', '78280942695237665984381826147483624552959750094987001751755383401313451401568=0.0600', '45114117423978908058411784388250724650163815971233725858783887280844341990470=0.0400', '52365552199401369443408259986324629171792690921627298943075194906042228248932=0.0171', '93234833651290403107627925842341315568920086887489975925643046473406259664707=0.0160']
2026-01-30 18:43:40 INFO __main__ [CFG] reloaded (interval)
2026-01-30 18:43:43 INFO __main__ [SKIP] closed_positions filtered target=254 my=6 (trading only, risk still uses unfiltered)
2026-01-30 18:43:43 INFO __main__ [POS] target_count=6 my_count=4 target_incomplete=False my_incomplete=False | t_src=http_positions t_cb=1769798621 t_rsec=25 t_mode=sec t_http=200 t_hit=None
2026-01-30 18:43:43 INFO __main__ [POS] target cache_headers_first={'CF-Cache-Status': 'MISS', 'Cache-Control': 'public, max-age=3', 'Last-Modified': 'Fri, 30 Jan 2026 18:43:41 GMT', 'Date': 'Fri, 30 Jan 2026 18:43:41 GMT', 'Server': 'cloudflare'}
2026-01-30 18:43:43 INFO __main__ [POS] target cache_headers_last={'CF-Cache-Status': 'MISS', 'Cache-Control': 'public, max-age=3', 'Last-Modified': 'Fri, 30 Jan 2026 18:43:42 GMT', 'Date': 'Fri, 30 Jan 2026 18:43:42 GMT', 'Server': 'cloudflare'}
2026-01-30 18:43:43 INFO __main__ [SAFE] actions_empty reduce_reconcile_set size=4 recent_sec=600 lag_ms=0 actions=0 actions_unreliable=False
2026-01-30 18:43:43 INFO __main__ [SKIP] long_ignore token_id=93234833651290403107627925842341315568920086887489975925643046473406259664707 expires_at=1764694800 end_date=2025-12-02T17:00:00Z
2026-01-30 18:43:43 INFO __main__ [SKIP] long_ignore token_id=107854623063551848956959323683906084993759235411761278828050226188359888582895 expires_at=1764460800 end_date=2025-11-30T00:00:00Z
2026-01-30 18:43:43 INFO __main__ [SKIP] long_ignore token_id=78280942695237665984381826147483624552959750094987001751755383401313451401568 expires_at=1766095200 end_date=2025-12-18T22:00:00Z
2026-01-30 18:43:43 INFO __main__ [RISK_SUMMARY] used_total=5.3904 used_total_shadow=5.3904 open_buy_orders_usd=0 shadow_buy_usd=0.0 recent_buy_usd=0.0 top_tokens=['78246210666082377632623139827154050778673061043185648855349012977046369895248=5.2000', '78280942695237665984381826147483624552959750094987001751755383401313451401568=0.0600', '45114117423978908058411784388250724650163815971233725858783887280844341990470=0.0400', '52365552199401369443408259986324629171792690921627298943075194906042228248932=0.0171', '93234833651290403107627925842341315568920086887489975925643046473406259664707=0.0160']
2026-01-30 18:44:06 INFO __main__ [SKIP] closed_positions filtered target=254 my=6 (trading only, risk still uses unfiltered)
2026-01-30 18:44:06 INFO __main__ [SAFE] actions_empty reduce_reconcile_set size=4 recent_sec=600 lag_ms=0 actions=0 actions_unreliable=False
2026-01-30 18:44:06 INFO __main__ [SKIP] long_ignore token_id=93234833651290403107627925842341315568920086887489975925643046473406259664707 expires_at=1764694800 end_date=2025-12-02T17:00:00Z
2026-01-30 18:44:06 INFO __main__ [SKIP] long_ignore token_id=107854623063551848956959323683906084993759235411761278828050226188359888582895 expires_at=1764460800 end_date=2025-11-30T00:00:00Z
2026-01-30 18:44:06 INFO __main__ [SKIP] long_ignore token_id=78280942695237665984381826147483624552959750094987001751755383401313451401568 expires_at=1766095200 end_date=2025-12-18T22:00:00Z
2026-01-30 18:44:06 INFO __main__ [RISK_SUMMARY] used_total=5.3904 used_total_shadow=5.3904 open_buy_orders_usd=0 shadow_buy_usd=0.0 recent_buy_usd=0.0 top_tokens=['78246210666082377632623139827154050778673061043185648855349012977046369895248=5.2000', '78280942695237665984381826147483624552959750094987001751755383401313451401568=0.0600', '45114117423978908058411784388250724650163815971233725858783887280844341990470=0.0400', '52365552199401369443408259986324629171792690921627298943075194906042228248932=0.0171', '93234833651290403107627925842341315568920086887489975925643046473406259664707=0.0160']
2026-01-30 18:44:27 INFO __main__ [SKIP] closed_positions filtered target=254 my=6 (trading only, risk still uses unfiltered)
2026-01-30 18:44:27 INFO __main__ [SAFE] actions_empty reduce_reconcile_set size=4 recent_sec=600 lag_ms=0 actions=0 actions_unreliable=False
2026-01-30 18:44:28 INFO __main__ [SKIP] long_ignore token_id=93234833651290403107627925842341315568920086887489975925643046473406259664707 expires_at=1764694800 end_date=2025-12-02T17:00:00Z
2026-01-30 18:44:28 INFO __main__ [SKIP] long_ignore token_id=107854623063551848956959323683906084993759235411761278828050226188359888582895 expires_at=1764460800 end_date=2025-11-30T00:00:00Z
2026-01-30 18:44:28 INFO __main__ [SKIP] long_ignore token_id=78280942695237665984381826147483624552959750094987001751755383401313451401568 expires_at=1766095200 end_date=2025-12-18T22:00:00Z
2026-01-30 18:44:28 INFO __main__ [RISK_SUMMARY] used_total=5.3904 used_total_shadow=5.3904 open_buy_orders_usd=0 shadow_buy_usd=0.0 recent_buy_usd=0.0 top_tokens=['78246210666082377632623139827154050778673061043185648855349012977046369895248=5.2000', '78280942695237665984381826147483624552959750094987001751755383401313451401568=0.0600', '45114117423978908058411784388250724650163815971233725858783887280844341990470=0.0400', '52365552199401369443408259986324629171792690921627298943075194906042228248932=0.0171', '93234833651290403107627925842341315568920086887489975925643046473406259664707=0.0160']
2026-01-30 18:44:50 INFO __main__ [SKIP] closed_positions filtered target=254 my=6 (trading only, risk still uses unfiltered)
2026-01-30 18:44:50 INFO __main__ [SAFE] actions_empty reduce_reconcile_set size=4 recent_sec=600 lag_ms=0 actions=0 actions_unreliable=False
2026-01-30 18:44:50 INFO __main__ [SKIP] long_ignore token_id=93234833651290403107627925842341315568920086887489975925643046473406259664707 expires_at=1764694800 end_date=2025-12-02T17:00:00Z
2026-01-30 18:44:50 INFO __main__ [SKIP] long_ignore token_id=107854623063551848956959323683906084993759235411761278828050226188359888582895 expires_at=1764460800 end_date=2025-11-30T00:00:00Z
2026-01-30 18:44:50 INFO __main__ [SKIP] long_ignore token_id=78280942695237665984381826147483624552959750094987001751755383401313451401568 expires_at=1766095200 end_date=2025-12-18T22:00:00Z
2026-01-30 18:44:50 INFO __main__ [RISK_SUMMARY] used_total=5.3904 used_total_shadow=5.3904 open_buy_orders_usd=0 shadow_buy_usd=0.0 recent_buy_usd=0.0 top_tokens=['78246210666082377632623139827154050778673061043185648855349012977046369895248=5.2000', '78280942695237665984381826147483624552959750094987001751755383401313451401568=0.0600', '45114117423978908058411784388250724650163815971233725858783887280844341990470=0.0400', '52365552199401369443408259986324629171792690921627298943075194906042228248932=0.0171', '93234833651290403107627925842341315568920086887489975925643046473406259664707=0.0160']
2026-01-30 18:45:13 INFO __main__ [SKIP] closed_positions filtered target=254 my=6 (trading only, risk still uses unfiltered)
2026-01-30 18:45:13 INFO __main__ [SAFE] actions_empty reduce_reconcile_set size=4 recent_sec=600 lag_ms=0 actions=0 actions_unreliable=False
2026-01-30 18:45:13 INFO __main__ [SKIP] long_ignore token_id=93234833651290403107627925842341315568920086887489975925643046473406259664707 expires_at=1764694800 end_date=2025-12-02T17:00:00Z
2026-01-30 18:45:13 INFO __main__ [SKIP] long_ignore token_id=107854623063551848956959323683906084993759235411761278828050226188359888582895 expires_at=1764460800 end_date=2025-11-30T00:00:00Z
2026-01-30 18:45:13 INFO __main__ [SKIP] long_ignore token_id=78280942695237665984381826147483624552959750094987001751755383401313451401568 expires_at=1766095200 end_date=2025-12-18T22:00:00Z
2026-01-30 18:45:13 INFO __main__ [RISK_SUMMARY] used_total=5.3904 used_total_shadow=5.3904 open_buy_orders_usd=0 shadow_buy_usd=0.0 recent_buy_usd=0.0 top_tokens=['78246210666082377632623139827154050778673061043185648855349012977046369895248=5.2000', '78280942695237665984381826147483624552959750094987001751755383401313451401568=0.0600', '45114117423978908058411784388250724650163815971233725858783887280844341990470=0.0400', '52365552199401369443408259986324629171792690921627298943075194906042228248932=0.0171', '93234833651290403107627925842341315568920086887489975925643046473406259664707=0.0160']
2026-01-30 18:45:35 INFO __main__ [SKIP] closed_positions filtered target=254 my=6 (trading only, risk still uses unfiltered)
2026-01-30 18:45:35 INFO __main__ [SAFE] actions_empty reduce_reconcile_set size=4 recent_sec=600 lag_ms=0 actions=0 actions_unreliable=False
2026-01-30 18:45:35 INFO __main__ [SKIP] long_ignore token_id=93234833651290403107627925842341315568920086887489975925643046473406259664707 expires_at=1764694800 end_date=2025-12-02T17:00:00Z
2026-01-30 18:45:35 INFO __main__ [SKIP] long_ignore token_id=107854623063551848956959323683906084993759235411761278828050226188359888582895 expires_at=1764460800 end_date=2025-11-30T00:00:00Z
2026-01-30 18:45:35 INFO __main__ [SKIP] long_ignore token_id=78280942695237665984381826147483624552959750094987001751755383401313451401568 expires_at=1766095200 end_date=2025-12-18T22:00:00Z
2026-01-30 18:45:35 INFO __main__ [RISK_SUMMARY] used_total=5.3904 used_total_shadow=5.3904 open_buy_orders_usd=0 shadow_buy_usd=0.0 recent_buy_usd=0.0 top_tokens=['78246210666082377632623139827154050778673061043185648855349012977046369895248=5.2000', '78280942695237665984381826147483624552959750094987001751755383401313451401568=0.0600', '45114117423978908058411784388250724650163815971233725858783887280844341990470=0.0400', '52365552199401369443408259986324629171792690921627298943075194906042228248932=0.0171', '93234833651290403107627925842341315568920086887489975925643046473406259664707=0.0160']
2026-01-30 18:45:58 INFO __main__ [SKIP] closed_positions filtered target=254 my=6 (trading only, risk still uses unfiltered)
2026-01-30 18:45:58 INFO __main__ [SAFE] actions_empty reduce_reconcile_set size=4 recent_sec=600 lag_ms=0 actions=0 actions_unreliable=False
2026-01-30 18:45:58 INFO __main__ [SKIP] long_ignore token_id=93234833651290403107627925842341315568920086887489975925643046473406259664707 expires_at=1764694800 end_date=2025-12-02T17:00:00Z
2026-01-30 18:45:58 INFO __main__ [SKIP] long_ignore token_id=107854623063551848956959323683906084993759235411761278828050226188359888582895 expires_at=1764460800 end_date=2025-11-30T00:00:00Z
2026-01-30 18:45:58 INFO __main__ [SKIP] long_ignore token_id=78280942695237665984381826147483624552959750094987001751755383401313451401568 expires_at=1766095200 end_date=2025-12-18T22:00:00Z
2026-01-30 18:45:58 INFO __main__ [RISK_SUMMARY] used_total=5.3904 used_total_shadow=5.3904 open_buy_orders_usd=0 shadow_buy_usd=0.0 recent_buy_usd=0.0 top_tokens=['78246210666082377632623139827154050778673061043185648855349012977046369895248=5.2000', '78280942695237665984381826147483624552959750094987001751755383401313451401568=0.0600', '45114117423978908058411784388250724650163815971233725858783887280844341990470=0.0400', '52365552199401369443408259986324629171792690921627298943075194906042228248932=0.0171', '93234833651290403107627925842341315568920086887489975925643046473406259664707=0.0160']
2026-01-30 18:46:20 INFO __main__ [SKIP] closed_positions filtered target=254 my=6 (trading only, risk still uses unfiltered)
2026-01-30 18:46:20 INFO __main__ [SAFE] actions_empty reduce_reconcile_set size=4 recent_sec=600 lag_ms=0 actions=0 actions_unreliable=False
2026-01-30 18:46:20 INFO __main__ [SKIP] long_ignore token_id=93234833651290403107627925842341315568920086887489975925643046473406259664707 expires_at=1764694800 end_date=2025-12-02T17:00:00Z
2026-01-30 18:46:20 INFO __main__ [SKIP] long_ignore token_id=107854623063551848956959323683906084993759235411761278828050226188359888582895 expires_at=1764460800 end_date=2025-11-30T00:00:00Z
2026-01-30 18:46:20 INFO __main__ [SKIP] long_ignore token_id=78280942695237665984381826147483624552959750094987001751755383401313451401568 expires_at=1766095200 end_date=2025-12-18T22:00:00Z
2026-01-30 18:46:20 INFO __main__ [RISK_SUMMARY] used_total=5.3904 used_total_shadow=5.3904 open_buy_orders_usd=0 shadow_buy_usd=0.0 recent_buy_usd=0.0 top_tokens=['78246210666082377632623139827154050778673061043185648855349012977046369895248=5.2000', '78280942695237665984381826147483624552959750094987001751755383401313451401568=0.0600', '45114117423978908058411784388250724650163815971233725858783887280844341990470=0.0400', '52365552199401369443408259986324629171792690921627298943075194906042228248932=0.0171', '93234833651290403107627925842341315568920086887489975925643046473406259664707=0.0160']
2026-01-30 18:46:20 INFO __main__ [UNFREEZE] token_id=78246210666082377632623139827154050778673061043185648855349012977046369895248 reason=missing_streak expired_at=1769798771
2026-01-30 18:46:20 WARNING __main__ [FREEZE] token_id=78246210666082377632623139827154050778673061043185648855349012977046369895248 reason=missing_streak streak=3564 until=1769800553
2026-01-30 18:46:43 INFO __main__ [SKIP] closed_positions filtered target=254 my=6 (trading only, risk still uses unfiltered)
2026-01-30 18:46:43 INFO __main__ [SAFE] actions_empty reduce_reconcile_set size=4 recent_sec=600 lag_ms=0 actions=0 actions_unreliable=False
2026-01-30 18:46:43 INFO __main__ [SKIP] long_ignore token_id=93234833651290403107627925842341315568920086887489975925643046473406259664707 expires_at=1764694800 end_date=2025-12-02T17:00:00Z
2026-01-30 18:46:43 INFO __main__ [SKIP] long_ignore token_id=107854623063551848956959323683906084993759235411761278828050226188359888582895 expires_at=1764460800 end_date=2025-11-30T00:00:00Z
2026-01-30 18:46:43 INFO __main__ [SKIP] long_ignore token_id=78280942695237665984381826147483624552959750094987001751755383401313451401568 expires_at=1766095200 end_date=2025-12-18T22:00:00Z
2026-01-30 18:46:43 INFO __main__ [RISK_SUMMARY] used_total=5.3904 used_total_shadow=5.3904 open_buy_orders_usd=0 shadow_buy_usd=0.0 recent_buy_usd=0.0 top_tokens=['78246210666082377632623139827154050778673061043185648855349012977046369895248=5.2000', '78280942695237665984381826147483624552959750094987001751755383401313451401568=0.0600', '45114117423978908058411784388250724650163815971233725858783887280844341990470=0.0400', '52365552199401369443408259986324629171792690921627298943075194906042228248932=0.0171', '93234833651290403107627925842341315568920086887489975925643046473406259664707=0.0160']
2026-01-30 18:47:06 INFO __main__ [SKIP] closed_positions filtered target=254 my=6 (trading only, risk still uses unfiltered)
2026-01-30 18:47:06 INFO __main__ [SAFE] actions_empty reduce_reconcile_set size=4 recent_sec=600 lag_ms=0 actions=0 actions_unreliable=False
2026-01-30 18:47:06 INFO __main__ [SKIP] long_ignore token_id=93234833651290403107627925842341315568920086887489975925643046473406259664707 expires_at=1764694800 end_date=2025-12-02T17:00:00Z
2026-01-30 18:47:06 INFO __main__ [SKIP] long_ignore token_id=107854623063551848956959323683906084993759235411761278828050226188359888582895 expires_at=1764460800 end_date=2025-11-30T00:00:00Z
2026-01-30 18:47:06 INFO __main__ [SKIP] long_ignore token_id=78280942695237665984381826147483624552959750094987001751755383401313451401568 expires_at=1766095200 end_date=2025-12-18T22:00:00Z
2026-01-30 18:47:06 INFO __main__ [RISK_SUMMARY] used_total=5.3904 used_total_shadow=5.3904 open_buy_orders_usd=0 shadow_buy_usd=0.0 recent_buy_usd=0.0 top_tokens=['78246210666082377632623139827154050778673061043185648855349012977046369895248=5.2000', '78280942695237665984381826147483624552959750094987001751755383401313451401568=0.0600', '45114117423978908058411784388250724650163815971233725858783887280844341990470=0.0400', '52365552199401369443408259986324629171792690921627298943075194906042228248932=0.0171', '93234833651290403107627925842341315568920086887489975925643046473406259664707=0.0160']
2026-01-30 18:47:28 INFO __main__ [SKIP] closed_positions filtered target=254 my=6 (trading only, risk still uses unfiltered)
2026-01-30 18:47:28 INFO __main__ [SAFE] actions_empty reduce_reconcile_set size=4 recent_sec=600 lag_ms=0 actions=0 actions_unreliable=False
2026-01-30 18:47:28 INFO __main__ [SKIP] long_ignore token_id=93234833651290403107627925842341315568920086887489975925643046473406259664707 expires_at=1764694800 end_date=2025-12-02T17:00:00Z
2026-01-30 18:47:28 INFO __main__ [SKIP] long_ignore token_id=107854623063551848956959323683906084993759235411761278828050226188359888582895 expires_at=1764460800 end_date=2025-11-30T00:00:00Z
2026-01-30 18:47:28 INFO __main__ [SKIP] long_ignore token_id=78280942695237665984381826147483624552959750094987001751755383401313451401568 expires_at=1766095200 end_date=2025-12-18T22:00:00Z
2026-01-30 18:47:28 INFO __main__ [RISK_SUMMARY] used_total=5.3904 used_total_shadow=5.3904 open_buy_orders_usd=0 shadow_buy_usd=0.0 recent_buy_usd=0.0 top_tokens=['78246210666082377632623139827154050778673061043185648855349012977046369895248=5.2000', '78280942695237665984381826147483624552959750094987001751755383401313451401568=0.0600', '45114117423978908058411784388250724650163815971233725858783887280844341990470=0.0400', '52365552199401369443408259986324629171792690921627298943075194906042228248932=0.0171', '93234833651290403107627925842341315568920086887489975925643046473406259664707=0.0160']
2026-01-30 18:47:51 INFO __main__ [SKIP] closed_positions filtered target=254 my=6 (trading only, risk still uses unfiltered)
2026-01-30 18:47:51 INFO __main__ [SAFE] actions_empty reduce_reconcile_set size=4 recent_sec=600 lag_ms=0 actions=0 actions_unreliable=False
2026-01-30 18:47:51 INFO __main__ [SKIP] long_ignore token_id=93234833651290403107627925842341315568920086887489975925643046473406259664707 expires_at=1764694800 end_date=2025-12-02T17:00:00Z
2026-01-30 18:47:51 INFO __main__ [SKIP] long_ignore token_id=107854623063551848956959323683906084993759235411761278828050226188359888582895 expires_at=1764460800 end_date=2025-11-30T00:00:00Z
2026-01-30 18:47:51 INFO __main__ [SKIP] long_ignore token_id=78280942695237665984381826147483624552959750094987001751755383401313451401568 expires_at=1766095200 end_date=2025-12-18T22:00:00Z
2026-01-30 18:47:51 INFO __main__ [RISK_SUMMARY] used_total=5.3904 used_total_shadow=5.3904 open_buy_orders_usd=0 shadow_buy_usd=0.0 recent_buy_usd=0.0 top_tokens=['78246210666082377632623139827154050778673061043185648855349012977046369895248=5.2000', '78280942695237665984381826147483624552959750094987001751755383401313451401568=0.0600', '45114117423978908058411784388250724650163815971233725858783887280844341990470=0.0400', '52365552199401369443408259986324629171792690921627298943075194906042228248932=0.0171', '93234833651290403107627925842341315568920086887489975925643046473406259664707=0.0160']
2026-01-30 18:48:13 INFO __main__ [SKIP] closed_positions filtered target=254 my=6 (trading only, risk still uses unfiltered)
2026-01-30 18:48:13 INFO __main__ [SAFE] actions_empty reduce_reconcile_set size=4 recent_sec=600 lag_ms=0 actions=0 actions_unreliable=False
2026-01-30 18:48:13 INFO __main__ [SKIP] long_ignore token_id=93234833651290403107627925842341315568920086887489975925643046473406259664707 expires_at=1764694800 end_date=2025-12-02T17:00:00Z
2026-01-30 18:48:13 INFO __main__ [SKIP] long_ignore token_id=107854623063551848956959323683906084993759235411761278828050226188359888582895 expires_at=1764460800 end_date=2025-11-30T00:00:00Z
2026-01-30 18:48:13 INFO __main__ [SKIP] long_ignore token_id=78280942695237665984381826147483624552959750094987001751755383401313451401568 expires_at=1766095200 end_date=2025-12-18T22:00:00Z
2026-01-30 18:48:13 INFO __main__ [RISK_SUMMARY] used_total=5.3904 used_total_shadow=5.3904 open_buy_orders_usd=0 shadow_buy_usd=0.0 recent_buy_usd=0.0 top_tokens=['78246210666082377632623139827154050778673061043185648855349012977046369895248=5.2000', '78280942695237665984381826147483624552959750094987001751755383401313451401568=0.0600', '45114117423978908058411784388250724650163815971233725858783887280844341990470=0.0400', '52365552199401369443408259986324629171792690921627298943075194906042228248932=0.0171', '93234833651290403107627925842341315568920086887489975925643046473406259664707=0.0160']
2026-01-30 18:48:35 INFO __main__ [SKIP] closed_positions filtered target=254 my=6 (trading only, risk still uses unfiltered)
2026-01-30 18:48:35 INFO __main__ [SAFE] actions_empty reduce_reconcile_set size=4 recent_sec=600 lag_ms=0 actions=0 actions_unreliable=False
2026-01-30 18:48:35 INFO __main__ [SKIP] long_ignore token_id=93234833651290403107627925842341315568920086887489975925643046473406259664707 expires_at=1764694800 end_date=2025-12-02T17:00:00Z
2026-01-30 18:48:35 INFO __main__ [SKIP] long_ignore token_id=107854623063551848956959323683906084993759235411761278828050226188359888582895 expires_at=1764460800 end_date=2025-11-30T00:00:00Z
2026-01-30 18:48:35 INFO __main__ [SKIP] long_ignore token_id=78280942695237665984381826147483624552959750094987001751755383401313451401568 expires_at=1766095200 end_date=2025-12-18T22:00:00Z
2026-01-30 18:48:35 INFO __main__ [RISK_SUMMARY] used_total=5.3904 used_total_shadow=5.3904 open_buy_orders_usd=0 shadow_buy_usd=0.0 recent_buy_usd=0.0 top_tokens=['78246210666082377632623139827154050778673061043185648855349012977046369895248=5.2000', '78280942695237665984381826147483624552959750094987001751755383401313451401568=0.0600', '45114117423978908058411784388250724650163815971233725858783887280844341990470=0.0400', '52365552199401369443408259986324629171792690921627298943075194906042228248932=0.0171', '93234833651290403107627925842341315568920086887489975925643046473406259664707=0.0160']
2026-01-30 18:48:58 INFO __main__ [SKIP] closed_positions filtered target=254 my=6 (trading only, risk still uses unfiltered)
2026-01-30 18:48:58 INFO __main__ [SAFE] actions_empty reduce_reconcile_set size=4 recent_sec=600 lag_ms=0 actions=0 actions_unreliable=False
2026-01-30 18:48:58 INFO __main__ [SKIP] long_ignore token_id=93234833651290403107627925842341315568920086887489975925643046473406259664707 expires_at=1764694800 end_date=2025-12-02T17:00:00Z
2026-01-30 18:48:58 INFO __main__ [SKIP] long_ignore token_id=107854623063551848956959323683906084993759235411761278828050226188359888582895 expires_at=1764460800 end_date=2025-11-30T00:00:00Z
2026-01-30 18:48:58 INFO __main__ [SKIP] long_ignore token_id=78280942695237665984381826147483624552959750094987001751755383401313451401568 expires_at=1766095200 end_date=2025-12-18T22:00:00Z
2026-01-30 18:48:58 INFO __main__ [RISK_SUMMARY] used_total=5.3904 used_total_shadow=5.3904 open_buy_orders_usd=0 shadow_buy_usd=0.0 recent_buy_usd=0.0 top_tokens=['78246210666082377632623139827154050778673061043185648855349012977046369895248=5.2000', '78280942695237665984381826147483624552959750094987001751755383401313451401568=0.0600', '45114117423978908058411784388250724650163815971233725858783887280844341990470=0.0400', '52365552199401369443408259986324629171792690921627298943075194906042228248932=0.0171', '93234833651290403107627925842341315568920086887489975925643046473406259664707=0.0160']
2026-01-30 18:49:21 INFO __main__ [SKIP] closed_positions filtered target=254 my=6 (trading only, risk still uses unfiltered)
2026-01-30 18:49:21 INFO __main__ [SAFE] actions_empty reduce_reconcile_set size=4 recent_sec=600 lag_ms=0 actions=0 actions_unreliable=False
2026-01-30 18:49:21 INFO __main__ [SKIP] long_ignore token_id=93234833651290403107627925842341315568920086887489975925643046473406259664707 expires_at=1764694800 end_date=2025-12-02T17:00:00Z
2026-01-30 18:49:21 INFO __main__ [SKIP] long_ignore token_id=107854623063551848956959323683906084993759235411761278828050226188359888582895 expires_at=1764460800 end_date=2025-11-30T00:00:00Z
2026-01-30 18:49:21 INFO __main__ [SKIP] long_ignore token_id=78280942695237665984381826147483624552959750094987001751755383401313451401568 expires_at=1766095200 end_date=2025-12-18T22:00:00Z
2026-01-30 18:49:21 INFO __main__ [RISK_SUMMARY] used_total=5.3904 used_total_shadow=5.3904 open_buy_orders_usd=0 shadow_buy_usd=0.0 recent_buy_usd=0.0 top_tokens=['78246210666082377632623139827154050778673061043185648855349012977046369895248=5.2000', '78280942695237665984381826147483624552959750094987001751755383401313451401568=0.0600', '45114117423978908058411784388250724650163815971233725858783887280844341990470=0.0400', '52365552199401369443408259986324629171792690921627298943075194906042228248932=0.0171', '93234833651290403107627925842341315568920086887489975925643046473406259664707=0.0160']
2026-01-30 18:49:44 INFO __main__ [SKIP] closed_positions filtered target=254 my=6 (trading only, risk still uses unfiltered)
2026-01-30 18:49:44 INFO __main__ [SAFE] actions_empty reduce_reconcile_set size=4 recent_sec=600 lag_ms=0 actions=0 actions_unreliable=False
2026-01-30 18:49:44 INFO __main__ [SKIP] long_ignore token_id=93234833651290403107627925842341315568920086887489975925643046473406259664707 expires_at=1764694800 end_date=2025-12-02T17:00:00Z
2026-01-30 18:49:44 INFO __main__ [SKIP] long_ignore token_id=107854623063551848956959323683906084993759235411761278828050226188359888582895 expires_at=1764460800 end_date=2025-11-30T00:00:00Z
2026-01-30 18:49:44 INFO __main__ [SKIP] long_ignore token_id=78280942695237665984381826147483624552959750094987001751755383401313451401568 expires_at=1766095200 end_date=2025-12-18T22:00:00Z
2026-01-30 18:49:44 INFO __main__ [RISK_SUMMARY] used_total=5.3904 used_total_shadow=5.3904 open_buy_orders_usd=0 shadow_buy_usd=0.0 recent_buy_usd=0.0 top_tokens=['78246210666082377632623139827154050778673061043185648855349012977046369895248=5.2000', '78280942695237665984381826147483624552959750094987001751755383401313451401568=0.0600', '45114117423978908058411784388250724650163815971233725858783887280844341990470=0.0400', '52365552199401369443408259986324629171792690921627298943075194906042228248932=0.0171', '93234833651290403107627925842341315568920086887489975925643046473406259664707=0.0160']
2026-01-30 18:50:07 INFO __main__ [SKIP] closed_positions filtered target=254 my=6 (trading only, risk still uses unfiltered)
2026-01-30 18:50:07 INFO __main__ [SAFE] actions_empty reduce_reconcile_set size=4 recent_sec=600 lag_ms=0 actions=0 actions_unreliable=False
2026-01-30 18:50:07 INFO __main__ [SKIP] long_ignore token_id=93234833651290403107627925842341315568920086887489975925643046473406259664707 expires_at=1764694800 end_date=2025-12-02T17:00:00Z
2026-01-30 18:50:07 INFO __main__ [SKIP] long_ignore token_id=107854623063551848956959323683906084993759235411761278828050226188359888582895 expires_at=1764460800 end_date=2025-11-30T00:00:00Z
2026-01-30 18:50:07 INFO __main__ [SKIP] long_ignore token_id=78280942695237665984381826147483624552959750094987001751755383401313451401568 expires_at=1766095200 end_date=2025-12-18T22:00:00Z
2026-01-30 18:50:07 INFO __main__ [RISK_SUMMARY] used_total=5.3904 used_total_shadow=5.3904 open_buy_orders_usd=0 shadow_buy_usd=0.0 recent_buy_usd=0.0 top_tokens=['78246210666082377632623139827154050778673061043185648855349012977046369895248=5.2000', '78280942695237665984381826147483624552959750094987001751755383401313451401568=0.0600', '45114117423978908058411784388250724650163815971233725858783887280844341990470=0.0400', '52365552199401369443408259986324629171792690921627298943075194906042228248932=0.0171', '93234833651290403107627925842341315568920086887489975925643046473406259664707=0.0160']
2026-01-30 18:50:29 INFO __main__ [SKIP] closed_positions filtered target=254 my=6 (trading only, risk still uses unfiltered)
2026-01-30 18:50:29 INFO __main__ [SAFE] actions_empty reduce_reconcile_set size=4 recent_sec=600 lag_ms=0 actions=0 actions_unreliable=False
2026-01-30 18:50:29 INFO __main__ [SKIP] long_ignore token_id=93234833651290403107627925842341315568920086887489975925643046473406259664707 expires_at=1764694800 end_date=2025-12-02T17:00:00Z
2026-01-30 18:50:29 INFO __main__ [SKIP] long_ignore token_id=107854623063551848956959323683906084993759235411761278828050226188359888582895 expires_at=1764460800 end_date=2025-11-30T00:00:00Z
2026-01-30 18:50:29 INFO __main__ [SKIP] long_ignore token_id=78280942695237665984381826147483624552959750094987001751755383401313451401568 expires_at=1766095200 end_date=2025-12-18T22:00:00Z
2026-01-30 18:50:29 INFO __main__ [RISK_SUMMARY] used_total=5.3904 used_total_shadow=5.3904 open_buy_orders_usd=0 shadow_buy_usd=0.0 recent_buy_usd=0.0 top_tokens=['78246210666082377632623139827154050778673061043185648855349012977046369895248=5.2000', '78280942695237665984381826147483624552959750094987001751755383401313451401568=0.0600', '45114117423978908058411784388250724650163815971233725858783887280844341990470=0.0400', '52365552199401369443408259986324629171792690921627298943075194906042228248932=0.0171', '93234833651290403107627925842341315568920086887489975925643046473406259664707=0.0160']
2026-01-30 18:50:51 INFO __main__ [SKIP] closed_positions filtered target=254 my=6 (trading only, risk still uses unfiltered)
2026-01-30 18:50:51 INFO __main__ [SAFE] actions_empty reduce_reconcile_set size=4 recent_sec=600 lag_ms=0 actions=0 actions_unreliable=False
2026-01-30 18:50:51 INFO __main__ [SKIP] long_ignore token_id=93234833651290403107627925842341315568920086887489975925643046473406259664707 expires_at=1764694800 end_date=2025-12-02T17:00:00Z
2026-01-30 18:50:51 INFO __main__ [SKIP] long_ignore token_id=107854623063551848956959323683906084993759235411761278828050226188359888582895 expires_at=1764460800 end_date=2025-11-30T00:00:00Z
2026-01-30 18:50:51 INFO __main__ [SKIP] long_ignore token_id=78280942695237665984381826147483624552959750094987001751755383401313451401568 expires_at=1766095200 end_date=2025-12-18T22:00:00Z
2026-01-30 18:50:51 INFO __main__ [RISK_SUMMARY] used_total=5.3904 used_total_shadow=5.3904 open_buy_orders_usd=0 shadow_buy_usd=0.0 recent_buy_usd=0.0 top_tokens=['78246210666082377632623139827154050778673061043185648855349012977046369895248=5.2000', '78280942695237665984381826147483624552959750094987001751755383401313451401568=0.0600', '45114117423978908058411784388250724650163815971233725858783887280844341990470=0.0400', '52365552199401369443408259986324629171792690921627298943075194906042228248932=0.0171', '93234833651290403107627925842341315568920086887489975925643046473406259664707=0.0160']
2026-01-30 18:51:14 INFO __main__ [SKIP] closed_positions filtered target=254 my=6 (trading only, risk still uses unfiltered)
2026-01-30 18:51:14 INFO __main__ [SAFE] actions_empty reduce_reconcile_set size=4 recent_sec=600 lag_ms=0 actions=0 actions_unreliable=False
2026-01-30 18:51:14 INFO __main__ [SKIP] long_ignore token_id=93234833651290403107627925842341315568920086887489975925643046473406259664707 expires_at=1764694800 end_date=2025-12-02T17:00:00Z
2026-01-30 18:51:14 INFO __main__ [SKIP] long_ignore token_id=107854623063551848956959323683906084993759235411761278828050226188359888582895 expires_at=1764460800 end_date=2025-11-30T00:00:00Z
2026-01-30 18:51:14 INFO __main__ [SKIP] long_ignore token_id=78280942695237665984381826147483624552959750094987001751755383401313451401568 expires_at=1766095200 end_date=2025-12-18T22:00:00Z
2026-01-30 18:51:14 INFO __main__ [RISK_SUMMARY] used_total=5.3904 used_total_shadow=5.3904 open_buy_orders_usd=0 shadow_buy_usd=0.0 recent_buy_usd=0.0 top_tokens=['78246210666082377632623139827154050778673061043185648855349012977046369895248=5.2000', '78280942695237665984381826147483624552959750094987001751755383401313451401568=0.0600', '45114117423978908058411784388250724650163815971233725858783887280844341990470=0.0400', '52365552199401369443408259986324629171792690921627298943075194906042228248932=0.0171', '93234833651290403107627925842341315568920086887489975925643046473406259664707=0.0160']
2026-01-30 18:51:36 INFO __main__ [SKIP] closed_positions filtered target=254 my=6 (trading only, risk still uses unfiltered)
2026-01-30 18:51:36 INFO __main__ [SAFE] actions_empty reduce_reconcile_set size=4 recent_sec=600 lag_ms=0 actions=0 actions_unreliable=False
2026-01-30 18:51:36 INFO __main__ [SKIP] long_ignore token_id=93234833651290403107627925842341315568920086887489975925643046473406259664707 expires_at=1764694800 end_date=2025-12-02T17:00:00Z
2026-01-30 18:51:36 INFO __main__ [SKIP] long_ignore token_id=107854623063551848956959323683906084993759235411761278828050226188359888582895 expires_at=1764460800 end_date=2025-11-30T00:00:00Z
2026-01-30 18:51:36 INFO __main__ [SKIP] long_ignore token_id=78280942695237665984381826147483624552959750094987001751755383401313451401568 expires_at=1766095200 end_date=2025-12-18T22:00:00Z
2026-01-30 18:51:36 INFO __main__ [RISK_SUMMARY] used_total=5.3904 used_total_shadow=5.3904 open_buy_orders_usd=0 shadow_buy_usd=0.0 recent_buy_usd=0.0 top_tokens=['78246210666082377632623139827154050778673061043185648855349012977046369895248=5.2000', '78280942695237665984381826147483624552959750094987001751755383401313451401568=0.0600', '45114117423978908058411784388250724650163815971233725858783887280844341990470=0.0400', '52365552199401369443408259986324629171792690921627298943075194906042228248932=0.0171', '93234833651290403107627925842341315568920086887489975925643046473406259664707=0.0160']
2026-01-30 18:51:58 INFO __main__ [SKIP] closed_positions filtered target=254 my=6 (trading only, risk still uses unfiltered)
2026-01-30 18:51:58 INFO __main__ [SAFE] actions_empty reduce_reconcile_set size=4 recent_sec=600 lag_ms=0 actions=0 actions_unreliable=False
2026-01-30 18:51:58 INFO __main__ [SKIP] long_ignore token_id=93234833651290403107627925842341315568920086887489975925643046473406259664707 expires_at=1764694800 end_date=2025-12-02T17:00:00Z
2026-01-30 18:51:58 INFO __main__ [SKIP] long_ignore token_id=107854623063551848956959323683906084993759235411761278828050226188359888582895 expires_at=1764460800 end_date=2025-11-30T00:00:00Z
2026-01-30 18:51:58 INFO __main__ [SKIP] long_ignore token_id=78280942695237665984381826147483624552959750094987001751755383401313451401568 expires_at=1766095200 end_date=2025-12-18T22:00:00Z
2026-01-30 18:51:58 INFO __main__ [RISK_SUMMARY] used_total=5.3904 used_total_shadow=5.3904 open_buy_orders_usd=0 shadow_buy_usd=0.0 recent_buy_usd=0.0 top_tokens=['78246210666082377632623139827154050778673061043185648855349012977046369895248=5.2000', '78280942695237665984381826147483624552959750094987001751755383401313451401568=0.0600', '45114117423978908058411784388250724650163815971233725858783887280844341990470=0.0400', '52365552199401369443408259986324629171792690921627298943075194906042228248932=0.0171', '93234833651290403107627925842341315568920086887489975925643046473406259664707=0.0160']
2026-01-30 18:52:21 INFO __main__ [SKIP] closed_positions filtered target=254 my=6 (trading only, risk still uses unfiltered)
2026-01-30 18:52:21 INFO __main__ [SAFE] actions_empty reduce_reconcile_set size=4 recent_sec=600 lag_ms=0 actions=0 actions_unreliable=False
2026-01-30 18:52:21 INFO __main__ [SKIP] long_ignore token_id=93234833651290403107627925842341315568920086887489975925643046473406259664707 expires_at=1764694800 end_date=2025-12-02T17:00:00Z
2026-01-30 18:52:21 INFO __main__ [SKIP] long_ignore token_id=107854623063551848956959323683906084993759235411761278828050226188359888582895 expires_at=1764460800 end_date=2025-11-30T00:00:00Z
2026-01-30 18:52:21 INFO __main__ [SKIP] long_ignore token_id=78280942695237665984381826147483624552959750094987001751755383401313451401568 expires_at=1766095200 end_date=2025-12-18T22:00:00Z
2026-01-30 18:52:21 INFO __main__ [RISK_SUMMARY] used_total=5.3904 used_total_shadow=5.3904 open_buy_orders_usd=0 shadow_buy_usd=0.0 recent_buy_usd=0.0 top_tokens=['78246210666082377632623139827154050778673061043185648855349012977046369895248=5.2000', '78280942695237665984381826147483624552959750094987001751755383401313451401568=0.0600', '45114117423978908058411784388250724650163815971233725858783887280844341990470=0.0400', '52365552199401369443408259986324629171792690921627298943075194906042228248932=0.0171', '93234833651290403107627925842341315568920086887489975925643046473406259664707=0.0160']
2026-01-30 18:52:43 INFO __main__ [SKIP] closed_positions filtered target=254 my=6 (trading only, risk still uses unfiltered)
2026-01-30 18:52:43 INFO __main__ [SAFE] actions_empty reduce_reconcile_set size=4 recent_sec=600 lag_ms=0 actions=0 actions_unreliable=False
2026-01-30 18:52:43 INFO __main__ [SKIP] long_ignore token_id=93234833651290403107627925842341315568920086887489975925643046473406259664707 expires_at=1764694800 end_date=2025-12-02T17:00:00Z
2026-01-30 18:52:43 INFO __main__ [SKIP] long_ignore token_id=107854623063551848956959323683906084993759235411761278828050226188359888582895 expires_at=1764460800 end_date=2025-11-30T00:00:00Z
2026-01-30 18:52:43 INFO __main__ [SKIP] long_ignore token_id=78280942695237665984381826147483624552959750094987001751755383401313451401568 expires_at=1766095200 end_date=2025-12-18T22:00:00Z
2026-01-30 18:52:43 INFO __main__ [RISK_SUMMARY] used_total=5.3904 used_total_shadow=5.3904 open_buy_orders_usd=0 shadow_buy_usd=0.0 recent_buy_usd=0.0 top_tokens=['78246210666082377632623139827154050778673061043185648855349012977046369895248=5.2000', '78280942695237665984381826147483624552959750094987001751755383401313451401568=0.0600', '45114117423978908058411784388250724650163815971233725858783887280844341990470=0.0400', '52365552199401369443408259986324629171792690921627298943075194906042228248932=0.0171', '93234833651290403107627925842341315568920086887489975925643046473406259664707=0.0160']
2026-01-30 18:53:06 INFO __main__ [SKIP] closed_positions filtered target=254 my=6 (trading only, risk still uses unfiltered)
2026-01-30 18:53:06 INFO __main__ [SAFE] actions_empty reduce_reconcile_set size=4 recent_sec=600 lag_ms=0 actions=0 actions_unreliable=False
2026-01-30 18:53:06 INFO __main__ [SKIP] long_ignore token_id=93234833651290403107627925842341315568920086887489975925643046473406259664707 expires_at=1764694800 end_date=2025-12-02T17:00:00Z
2026-01-30 18:53:06 INFO __main__ [SKIP] long_ignore token_id=107854623063551848956959323683906084993759235411761278828050226188359888582895 expires_at=1764460800 end_date=2025-11-30T00:00:00Z
2026-01-30 18:53:06 INFO __main__ [SKIP] long_ignore token_id=78280942695237665984381826147483624552959750094987001751755383401313451401568 expires_at=1766095200 end_date=2025-12-18T22:00:00Z
2026-01-30 18:53:06 INFO __main__ [RISK_SUMMARY] used_total=5.3904 used_total_shadow=5.3904 open_buy_orders_usd=0 shadow_buy_usd=0.0 recent_buy_usd=0.0 top_tokens=['78246210666082377632623139827154050778673061043185648855349012977046369895248=5.2000', '78280942695237665984381826147483624552959750094987001751755383401313451401568=0.0600', '45114117423978908058411784388250724650163815971233725858783887280844341990470=0.0400', '52365552199401369443408259986324629171792690921627298943075194906042228248932=0.0171', '93234833651290403107627925842341315568920086887489975925643046473406259664707=0.0160']
2026-01-30 18:53:29 INFO __main__ [SKIP] closed_positions filtered target=254 my=6 (trading only, risk still uses unfiltered)
2026-01-30 18:53:29 INFO __main__ [SAFE] actions_empty reduce_reconcile_set size=4 recent_sec=600 lag_ms=0 actions=0 actions_unreliable=False
2026-01-30 18:53:29 INFO __main__ [SKIP] long_ignore token_id=93234833651290403107627925842341315568920086887489975925643046473406259664707 expires_at=1764694800 end_date=2025-12-02T17:00:00Z
2026-01-30 18:53:29 INFO __main__ [SKIP] long_ignore token_id=107854623063551848956959323683906084993759235411761278828050226188359888582895 expires_at=1764460800 end_date=2025-11-30T00:00:00Z
2026-01-30 18:53:29 INFO __main__ [SKIP] long_ignore token_id=78280942695237665984381826147483624552959750094987001751755383401313451401568 expires_at=1766095200 end_date=2025-12-18T22:00:00Z
2026-01-30 18:53:29 INFO __main__ [RISK_SUMMARY] used_total=5.3904 used_total_shadow=5.3904 open_buy_orders_usd=0 shadow_buy_usd=0.0 recent_buy_usd=0.0 top_tokens=['78246210666082377632623139827154050778673061043185648855349012977046369895248=5.2000', '78280942695237665984381826147483624552959750094987001751755383401313451401568=0.0600', '45114117423978908058411784388250724650163815971233725858783887280844341990470=0.0400', '52365552199401369443408259986324629171792690921627298943075194906042228248932=0.0171', '93234833651290403107627925842341315568920086887489975925643046473406259664707=0.0160']
2026-01-30 18:53:49 INFO __main__ [CFG] reloaded (interval)
2026-01-30 18:53:51 INFO __main__ [SKIP] closed_positions filtered target=254 my=6 (trading only, risk still uses unfiltered)
2026-01-30 18:53:51 INFO __main__ [POS] target_count=7 my_count=4 target_incomplete=False my_incomplete=False | t_src=http_positions t_cb=1769799230 t_rsec=25 t_mode=sec t_http=200 t_hit=None
2026-01-30 18:53:51 INFO __main__ [POS] target cache_headers_first={'CF-Cache-Status': 'MISS', 'Cache-Control': 'public, max-age=3', 'Last-Modified': 'Fri, 30 Jan 2026 18:53:50 GMT', 'Date': 'Fri, 30 Jan 2026 18:53:50 GMT', 'Server': 'cloudflare'}
2026-01-30 18:53:51 INFO __main__ [POS] target cache_headers_last={'CF-Cache-Status': 'MISS', 'Cache-Control': 'public, max-age=3', 'Last-Modified': 'Fri, 30 Jan 2026 18:53:51 GMT', 'Date': 'Fri, 30 Jan 2026 18:53:51 GMT', 'Server': 'cloudflare'}
2026-01-30 18:53:51 INFO __main__ [SAFE] actions_empty reduce_reconcile_set size=4 recent_sec=600 lag_ms=0 actions=0 actions_unreliable=False
2026-01-30 18:53:51 INFO __main__ [SKIP] long_ignore token_id=93234833651290403107627925842341315568920086887489975925643046473406259664707 expires_at=1764694800 end_date=2025-12-02T17:00:00Z
2026-01-30 18:53:51 INFO __main__ [SKIP] long_ignore token_id=107854623063551848956959323683906084993759235411761278828050226188359888582895 expires_at=1764460800 end_date=2025-11-30T00:00:00Z
2026-01-30 18:53:51 INFO __main__ [SKIP] long_ignore token_id=78280942695237665984381826147483624552959750094987001751755383401313451401568 expires_at=1766095200 end_date=2025-12-18T22:00:00Z
2026-01-30 18:53:51 INFO __main__ [RISK_SUMMARY] used_total=5.3904 used_total_shadow=5.3904 open_buy_orders_usd=0 shadow_buy_usd=0.0 recent_buy_usd=0.0 top_tokens=['78246210666082377632623139827154050778673061043185648855349012977046369895248=5.2000', '78280942695237665984381826147483624552959750094987001751755383401313451401568=0.0600', '45114117423978908058411784388250724650163815971233725858783887280844341990470=0.0400', '52365552199401369443408259986324629171792690921627298943075194906042228248932=0.0171', '93234833651290403107627925842341315568920086887489975925643046473406259664707=0.0160']
2026-01-30 18:54:13 INFO __main__ [SKIP] closed_positions filtered target=254 my=6 (trading only, risk still uses unfiltered)
2026-01-30 18:54:13 INFO __main__ [SAFE] actions_empty reduce_reconcile_set size=4 recent_sec=600 lag_ms=0 actions=0 actions_unreliable=False
2026-01-30 18:54:13 INFO __main__ [SKIP] long_ignore token_id=93234833651290403107627925842341315568920086887489975925643046473406259664707 expires_at=1764694800 end_date=2025-12-02T17:00:00Z
2026-01-30 18:54:13 INFO __main__ [SKIP] long_ignore token_id=107854623063551848956959323683906084993759235411761278828050226188359888582895 expires_at=1764460800 end_date=2025-11-30T00:00:00Z
2026-01-30 18:54:13 INFO __main__ [SKIP] long_ignore token_id=78280942695237665984381826147483624552959750094987001751755383401313451401568 expires_at=1766095200 end_date=2025-12-18T22:00:00Z
2026-01-30 18:54:13 INFO __main__ [RISK_SUMMARY] used_total=5.3904 used_total_shadow=5.3904 open_buy_orders_usd=0 shadow_buy_usd=0.0 recent_buy_usd=0.0 top_tokens=['78246210666082377632623139827154050778673061043185648855349012977046369895248=5.2000', '78280942695237665984381826147483624552959750094987001751755383401313451401568=0.0600', '45114117423978908058411784388250724650163815971233725858783887280844341990470=0.0400', '52365552199401369443408259986324629171792690921627298943075194906042228248932=0.0171', '93234833651290403107627925842341315568920086887489975925643046473406259664707=0.0160']
2026-01-30 18:54:36 INFO __main__ [SKIP] closed_positions filtered target=254 my=6 (trading only, risk still uses unfiltered)
2026-01-30 18:54:36 INFO __main__ [SAFE] actions_empty reduce_reconcile_set size=4 recent_sec=600 lag_ms=0 actions=0 actions_unreliable=False
2026-01-30 18:54:36 INFO __main__ [SKIP] long_ignore token_id=93234833651290403107627925842341315568920086887489975925643046473406259664707 expires_at=1764694800 end_date=2025-12-02T17:00:00Z
2026-01-30 18:54:36 INFO __main__ [SKIP] long_ignore token_id=107854623063551848956959323683906084993759235411761278828050226188359888582895 expires_at=1764460800 end_date=2025-11-30T00:00:00Z
2026-01-30 18:54:36 INFO __main__ [SKIP] long_ignore token_id=78280942695237665984381826147483624552959750094987001751755383401313451401568 expires_at=1766095200 end_date=2025-12-18T22:00:00Z
2026-01-30 18:54:36 INFO __main__ [RISK_SUMMARY] used_total=5.3904 used_total_shadow=5.3904 open_buy_orders_usd=0 shadow_buy_usd=0.0 recent_buy_usd=0.0 top_tokens=['78246210666082377632623139827154050778673061043185648855349012977046369895248=5.2000', '78280942695237665984381826147483624552959750094987001751755383401313451401568=0.0600', '45114117423978908058411784388250724650163815971233725858783887280844341990470=0.0400', '52365552199401369443408259986324629171792690921627298943075194906042228248932=0.0171', '93234833651290403107627925842341315568920086887489975925643046473406259664707=0.0160']
2026-01-30 18:54:56 WARNING __main__ [ACTIONS] lag_ms=186000 replay_from_ms=1769798696000 latest_ms=1769799110000
2026-01-30 18:54:58 INFO __main__ [SKIP] closed_positions filtered target=254 my=6 (trading only, risk still uses unfiltered)
2026-01-30 18:54:58 INFO __main__ [POS] target_count=7 my_count=4 target_incomplete=False my_incomplete=False | t_src=http_positions t_cb=630317700 t_rsec=25 t_mode=nonce t_http=200 t_hit=None
2026-01-30 18:54:58 INFO __main__ [POS] target cache_headers_first={'CF-Cache-Status': 'MISS', 'Cache-Control': 'public, max-age=3', 'Last-Modified': 'Fri, 30 Jan 2026 18:54:57 GMT', 'Date': 'Fri, 30 Jan 2026 18:54:57 GMT', 'Server': 'cloudflare'}
2026-01-30 18:54:58 INFO __main__ [POS] target cache_headers_last={'CF-Cache-Status': 'MISS', 'Cache-Control': 'public, max-age=3', 'Last-Modified': 'Fri, 30 Jan 2026 18:54:58 GMT', 'Date': 'Fri, 30 Jan 2026 18:54:58 GMT', 'Server': 'cloudflare'}
2026-01-30 18:54:58 INFO __main__ [SAFE] lag_high reduce_reconcile_set size=5 recent_sec=600 lag_ms=186000 actions=1 actions_unreliable=False
2026-01-30 18:54:58 INFO __main__ [SKIP] long_ignore token_id=107854623063551848956959323683906084993759235411761278828050226188359888582895 expires_at=1764460800 end_date=2025-11-30T00:00:00Z
2026-01-30 18:54:58 INFO __main__ [SKIP] long_ignore token_id=78280942695237665984381826147483624552959750094987001751755383401313451401568 expires_at=1766095200 end_date=2025-12-18T22:00:00Z
2026-01-30 18:54:58 INFO __main__ [SKIP] long_ignore token_id=93234833651290403107627925842341315568920086887489975925643046473406259664707 expires_at=1764694800 end_date=2025-12-02T17:00:00Z
2026-01-30 18:54:58 INFO __main__ [RISK_SUMMARY] used_total=5.3904 used_total_shadow=5.3904 open_buy_orders_usd=0 shadow_buy_usd=0.0 recent_buy_usd=0.0 top_tokens=['78246210666082377632623139827154050778673061043185648855349012977046369895248=5.2000', '78280942695237665984381826147483624552959750094987001751755383401313451401568=0.0600', '45114117423978908058411784388250724650163815971233725858783887280844341990470=0.0400', '52365552199401369443408259986324629171792690921627298943075194906042228248932=0.0171', '93234833651290403107627925842341315568920086887489975925643046473406259664707=0.0160']
2026-01-30 18:54:58 INFO __main__ [TOPIC] ENTER token_id=28665762595721703975313300738372745244806844956017602267661735638662655554712 first_buy_ts=1769799296
2026-01-30 18:54:59 INFO __main__ [SIGNAL] BUY token_id=28665762595721703975313300738372745244806844956017602267661735638662655554712 d_target=659.0 d_my=32.95 my_shares=0.0
2026-01-30 18:54:59 INFO __main__ [TOPIC] PROBE token_id=28665762595721703975313300738372745244806844956017602267661735638662655554712 target=3.1746031746031744
2026-01-30 18:54:59 INFO __main__ [ACTION] token_id=28665762595721703975313300738372745244806844956017602267661735638662655554712 -> [{'type': 'place', 'token_id': '28665762595721703975313300738372745244806844956017602267661735638662655554712', 'side': 'BUY', 'price': 0.32, 'size': 15.0, 'ts': 1769799296, '_taker': True, '_taker_spread': 0.010000000000000009, '_taker_thr': 0.011}]
2026-01-30 18:55:00 INFO ct_exec [ACCUMULATOR_UPDATE] token_id=28665762595721703975313300738372745244806844956017602267661735638662655554712 added_usd=4.8 total_usd=4.8 is_taker=True
2026-01-30 18:55:00 INFO ct_exec [BACKOFF_CLEAR] token_id=28665762595721703975313300738372745244806844956017602267661735638662655554712 place succeeded -> clear place_fail_until
2026-01-30 18:55:20 INFO __main__ [ACTIONS] replay_from_ms=1769798696000 cursor_ms=1769799110000
2026-01-30 18:55:20 WARNING __main__ [ACTIONS] lag_ms=210000 replay_from_ms=1769798720000 latest_ms=1769799110000
2026-01-30 18:55:23 INFO __main__ [SKIP] closed_positions filtered target=254 my=6 (trading only, risk still uses unfiltered)
2026-01-30 18:55:23 INFO __main__ [SAFE] lag_high reduce_reconcile_set size=5 recent_sec=600 lag_ms=210000 actions=0 actions_unreliable=False
2026-01-30 18:55:23 INFO __main__ [SKIP] long_ignore token_id=78280942695237665984381826147483624552959750094987001751755383401313451401568 expires_at=1766095200 end_date=2025-12-18T22:00:00Z
2026-01-30 18:55:23 INFO __main__ [SKIP] long_ignore token_id=107854623063551848956959323683906084993759235411761278828050226188359888582895 expires_at=1764460800 end_date=2025-11-30T00:00:00Z
2026-01-30 18:55:23 INFO __main__ [SKIP] long_ignore token_id=93234833651290403107627925842341315568920086887489975925643046473406259664707 expires_at=1764694800 end_date=2025-12-02T17:00:00Z
2026-01-30 18:55:23 INFO __main__ [RISK_SUMMARY] used_total=10.1154 used_total_shadow=14.915399999999998 open_buy_orders_usd=0 shadow_buy_usd=4.8 recent_buy_usd=4.8 top_tokens=['78246210666082377632623139827154050778673061043185648855349012977046369895248=5.2000', '0x86b118f33cda768c1b1e0750de16a86739855ea9c7bd7f4263683fe2b6d0605b:1=4.7250', '78280942695237665984381826147483624552959750094987001751755383401313451401568=0.0600', '45114117423978908058411784388250724650163815971233725858783887280844341990470=0.0400', '52365552199401369443408259986324629171792690921627298943075194906042228248932=0.0171']
2026-01-30 18:55:44 INFO __main__ [ACTIONS] replay_from_ms=1769798720000 cursor_ms=1769799110000
2026-01-30 18:55:44 WARNING __main__ [ACTIONS] lag_ms=233000 replay_from_ms=1769798743000 latest_ms=1769799110000
2026-01-30 18:55:45 INFO __main__ [SKIP] closed_positions filtered target=254 my=6 (trading only, risk still uses unfiltered)
2026-01-30 18:55:45 INFO __main__ [SAFE] lag_high reduce_reconcile_set size=5 recent_sec=600 lag_ms=233000 actions=0 actions_unreliable=False
2026-01-30 18:55:45 INFO __main__ [SKIP] long_ignore token_id=78280942695237665984381826147483624552959750094987001751755383401313451401568 expires_at=1766095200 end_date=2025-12-18T22:00:00Z
2026-01-30 18:55:45 INFO __main__ [SKIP] long_ignore token_id=107854623063551848956959323683906084993759235411761278828050226188359888582895 expires_at=1764460800 end_date=2025-11-30T00:00:00Z
2026-01-30 18:55:45 INFO __main__ [SKIP] long_ignore token_id=93234833651290403107627925842341315568920086887489975925643046473406259664707 expires_at=1764694800 end_date=2025-12-02T17:00:00Z
2026-01-30 18:55:45 INFO __main__ [RISK_SUMMARY] used_total=10.1154 used_total_shadow=14.915399999999998 open_buy_orders_usd=0 shadow_buy_usd=4.8 recent_buy_usd=4.8 top_tokens=['78246210666082377632623139827154050778673061043185648855349012977046369895248=5.2000', '0x86b118f33cda768c1b1e0750de16a86739855ea9c7bd7f4263683fe2b6d0605b:1=4.7250', '78280942695237665984381826147483624552959750094987001751755383401313451401568=0.0600', '45114117423978908058411784388250724650163815971233725858783887280844341990470=0.0400', '52365552199401369443408259986324629171792690921627298943075194906042228248932=0.0171']
2026-01-30 18:56:06 INFO __main__ [ACTIONS] replay_from_ms=1769798743000 cursor_ms=1769799110000
2026-01-30 18:56:06 WARNING __main__ [ACTIONS] lag_ms=256000 replay_from_ms=1769798766000 latest_ms=1769799110000
2026-01-30 18:56:08 INFO __main__ [SKIP] closed_positions filtered target=254 my=6 (trading only, risk still uses unfiltered)
2026-01-30 18:56:08 INFO __main__ [SAFE] lag_high reduce_reconcile_set size=5 recent_sec=600 lag_ms=256000 actions=0 actions_unreliable=False
2026-01-30 18:56:08 INFO __main__ [SKIP] long_ignore token_id=78280942695237665984381826147483624552959750094987001751755383401313451401568 expires_at=1766095200 end_date=2025-12-18T22:00:00Z
2026-01-30 18:56:08 INFO __main__ [SKIP] long_ignore token_id=107854623063551848956959323683906084993759235411761278828050226188359888582895 expires_at=1764460800 end_date=2025-11-30T00:00:00Z
2026-01-30 18:56:08 INFO __main__ [SKIP] long_ignore token_id=93234833651290403107627925842341315568920086887489975925643046473406259664707 expires_at=1764694800 end_date=2025-12-02T17:00:00Z
2026-01-30 18:56:08 INFO __main__ [RISK_SUMMARY] used_total=10.1154 used_total_shadow=14.915399999999998 open_buy_orders_usd=0 shadow_buy_usd=4.8 recent_buy_usd=4.8 top_tokens=['78246210666082377632623139827154050778673061043185648855349012977046369895248=5.2000', '0x86b118f33cda768c1b1e0750de16a86739855ea9c7bd7f4263683fe2b6d0605b:1=4.7250', '78280942695237665984381826147483624552959750094987001751755383401313451401568=0.0600', '45114117423978908058411784388250724650163815971233725858783887280844341990470=0.0400', '52365552199401369443408259986324629171792690921627298943075194906042228248932=0.0171']
2026-01-30 18:56:09 INFO __main__ [TOPIC] SIZE token_id=28665762595721703975313300738372745244806844956017602267661735638662655554712 desired=19.047619047619047 base=659.0 base_source=t_now
2026-01-30 18:56:29 INFO __main__ [ACTIONS] replay_from_ms=1769798766000 cursor_ms=1769799110000
2026-01-30 18:56:29 WARNING __main__ [ACTIONS] lag_ms=279000 replay_from_ms=1769798789000 latest_ms=1769799110000
2026-01-30 18:56:31 INFO __main__ [SKIP] closed_positions filtered target=254 my=6 (trading only, risk still uses unfiltered)
2026-01-30 18:56:31 INFO __main__ [SAFE] lag_high reduce_reconcile_set size=5 recent_sec=600 lag_ms=279000 actions=0 actions_unreliable=False
2026-01-30 18:56:31 INFO __main__ [SKIP] long_ignore token_id=78280942695237665984381826147483624552959750094987001751755383401313451401568 expires_at=1766095200 end_date=2025-12-18T22:00:00Z
2026-01-30 18:56:31 INFO __main__ [SKIP] long_ignore token_id=107854623063551848956959323683906084993759235411761278828050226188359888582895 expires_at=1764460800 end_date=2025-11-30T00:00:00Z
2026-01-30 18:56:31 INFO __main__ [SKIP] long_ignore token_id=93234833651290403107627925842341315568920086887489975925643046473406259664707 expires_at=1764694800 end_date=2025-12-02T17:00:00Z
2026-01-30 18:56:31 INFO __main__ [RISK_SUMMARY] used_total=10.1154 used_total_shadow=14.915399999999998 open_buy_orders_usd=0 shadow_buy_usd=4.8 recent_buy_usd=4.8 top_tokens=['78246210666082377632623139827154050778673061043185648855349012977046369895248=5.2000', '0x86b118f33cda768c1b1e0750de16a86739855ea9c7bd7f4263683fe2b6d0605b:1=4.7250', '78280942695237665984381826147483624552959750094987001751755383401313451401568=0.0600', '45114117423978908058411784388250724650163815971233725858783887280844341990470=0.0400', '52365552199401369443408259986324629171792690921627298943075194906042228248932=0.0171']
2026-01-30 18:56:52 INFO __main__ [ACTIONS] replay_from_ms=1769798789000 cursor_ms=1769799110000
2026-01-30 18:56:52 WARNING __main__ [ACTIONS] lag_ms=302000 replay_from_ms=1769798812000 latest_ms=1769799110000
2026-01-30 18:56:55 INFO __main__ [SKIP] closed_positions filtered target=254 my=6 (trading only, risk still uses unfiltered)
2026-01-30 18:56:55 INFO __main__ [SAFE] lag_high reduce_reconcile_set size=5 recent_sec=600 lag_ms=302000 actions=0 actions_unreliable=False
2026-01-30 18:56:55 INFO __main__ [SKIP] long_ignore token_id=78280942695237665984381826147483624552959750094987001751755383401313451401568 expires_at=1766095200 end_date=2025-12-18T22:00:00Z
2026-01-30 18:56:55 INFO __main__ [SKIP] long_ignore token_id=107854623063551848956959323683906084993759235411761278828050226188359888582895 expires_at=1764460800 end_date=2025-11-30T00:00:00Z
2026-01-30 18:56:55 INFO __main__ [SKIP] long_ignore token_id=93234833651290403107627925842341315568920086887489975925643046473406259664707 expires_at=1764694800 end_date=2025-12-02T17:00:00Z
2026-01-30 18:56:55 INFO __main__ [RISK_SUMMARY] used_total=10.1154 used_total_shadow=14.915399999999998 open_buy_orders_usd=0 shadow_buy_usd=4.8 recent_buy_usd=4.8 top_tokens=['78246210666082377632623139827154050778673061043185648855349012977046369895248=5.2000', '0x86b118f33cda768c1b1e0750de16a86739855ea9c7bd7f4263683fe2b6d0605b:1=4.7250', '78280942695237665984381826147483624552959750094987001751755383401313451401568=0.0600', '45114117423978908058411784388250724650163815971233725858783887280844341990470=0.0400', '52365552199401369443408259986324629171792690921627298943075194906042228248932=0.0171']
2026-01-30 18:57:16 INFO __main__ [ACTIONS] replay_from_ms=1769798812000 cursor_ms=1769799110000
2026-01-30 18:57:16 WARNING __main__ [ACTIONS] lag_ms=326000 replay_from_ms=1769798836000 latest_ms=1769799110000
2026-01-30 18:57:18 INFO __main__ [SKIP] closed_positions filtered target=254 my=6 (trading only, risk still uses unfiltered)
2026-01-30 18:57:18 INFO __main__ [SAFE] lag_high reduce_reconcile_set size=5 recent_sec=600 lag_ms=326000 actions=0 actions_unreliable=False
2026-01-30 18:57:18 INFO __main__ [SKIP] long_ignore token_id=78280942695237665984381826147483624552959750094987001751755383401313451401568 expires_at=1766095200 end_date=2025-12-18T22:00:00Z
2026-01-30 18:57:18 INFO __main__ [SKIP] long_ignore token_id=107854623063551848956959323683906084993759235411761278828050226188359888582895 expires_at=1764460800 end_date=2025-11-30T00:00:00Z
2026-01-30 18:57:18 INFO __main__ [SKIP] long_ignore token_id=93234833651290403107627925842341315568920086887489975925643046473406259664707 expires_at=1764694800 end_date=2025-12-02T17:00:00Z
2026-01-30 18:57:18 INFO __main__ [RISK_SUMMARY] used_total=10.1154 used_total_shadow=14.915399999999998 open_buy_orders_usd=0 shadow_buy_usd=4.8 recent_buy_usd=0.0 top_tokens=['78246210666082377632623139827154050778673061043185648855349012977046369895248=5.2000', '0x86b118f33cda768c1b1e0750de16a86739855ea9c7bd7f4263683fe2b6d0605b:1=4.7250', '78280942695237665984381826147483624552959750094987001751755383401313451401568=0.0600', '45114117423978908058411784388250724650163815971233725858783887280844341990470=0.0400', '52365552199401369443408259986324629171792690921627298943075194906042228248932=0.0171']
2026-01-30 18:57:39 INFO __main__ [ACTIONS] replay_from_ms=1769798836000 cursor_ms=1769799110000
2026-01-30 18:57:39 WARNING __main__ [ACTIONS] lag_ms=348000 replay_from_ms=1769798858000 latest_ms=1769799110000
2026-01-30 18:57:41 INFO __main__ [SKIP] closed_positions filtered target=254 my=6 (trading only, risk still uses unfiltered)
2026-01-30 18:57:41 INFO __main__ [SAFE] lag_high reduce_reconcile_set size=5 recent_sec=600 lag_ms=348000 actions=0 actions_unreliable=False
2026-01-30 18:57:41 INFO __main__ [SKIP] long_ignore token_id=78280942695237665984381826147483624552959750094987001751755383401313451401568 expires_at=1766095200 end_date=2025-12-18T22:00:00Z
2026-01-30 18:57:41 INFO __main__ [SKIP] long_ignore token_id=107854623063551848956959323683906084993759235411761278828050226188359888582895 expires_at=1764460800 end_date=2025-11-30T00:00:00Z
2026-01-30 18:57:41 INFO __main__ [SKIP] long_ignore token_id=93234833651290403107627925842341315568920086887489975925643046473406259664707 expires_at=1764694800 end_date=2025-12-02T17:00:00Z
2026-01-30 18:57:41 INFO __main__ [RISK_SUMMARY] used_total=10.065399999999999 used_total_shadow=14.865399999999998 open_buy_orders_usd=0 shadow_buy_usd=4.8 recent_buy_usd=0.0 top_tokens=['78246210666082377632623139827154050778673061043185648855349012977046369895248=5.1500', '0x86b118f33cda768c1b1e0750de16a86739855ea9c7bd7f4263683fe2b6d0605b:1=4.7250', '78280942695237665984381826147483624552959750094987001751755383401313451401568=0.0600', '45114117423978908058411784388250724650163815971233725858783887280844341990470=0.0400', '52365552199401369443408259986324629171792690921627298943075194906042228248932=0.0171']
2026-01-30 18:58:02 INFO __main__ [ACTIONS] replay_from_ms=1769798858000 cursor_ms=1769799110000
2026-01-30 18:58:02 WARNING __main__ [ACTIONS] lag_ms=371000 replay_from_ms=1769798881000 latest_ms=1769799110000
2026-01-30 18:58:04 INFO __main__ [SKIP] closed_positions filtered target=254 my=6 (trading only, risk still uses unfiltered)
2026-01-30 18:58:04 INFO __main__ [SAFE] lag_high reduce_reconcile_set size=5 recent_sec=600 lag_ms=371000 actions=0 actions_unreliable=False
2026-01-30 18:58:04 INFO __main__ [SKIP] long_ignore token_id=78280942695237665984381826147483624552959750094987001751755383401313451401568 expires_at=1766095200 end_date=2025-12-18T22:00:00Z
2026-01-30 18:58:04 INFO __main__ [SKIP] long_ignore token_id=107854623063551848956959323683906084993759235411761278828050226188359888582895 expires_at=1764460800 end_date=2025-11-30T00:00:00Z
2026-01-30 18:58:04 INFO __main__ [SKIP] long_ignore token_id=93234833651290403107627925842341315568920086887489975925643046473406259664707 expires_at=1764694800 end_date=2025-12-02T17:00:00Z
2026-01-30 18:58:04 INFO __main__ [RISK_SUMMARY] used_total=10.065399999999999 used_total_shadow=14.865399999999998 open_buy_orders_usd=0 shadow_buy_usd=4.8 recent_buy_usd=0.0 top_tokens=['78246210666082377632623139827154050778673061043185648855349012977046369895248=5.1500', '0x86b118f33cda768c1b1e0750de16a86739855ea9c7bd7f4263683fe2b6d0605b:1=4.7250', '78280942695237665984381826147483624552959750094987001751755383401313451401568=0.0600', '45114117423978908058411784388250724650163815971233725858783887280844341990470=0.0400', '52365552199401369443408259986324629171792690921627298943075194906042228248932=0.0171']
2026-01-30 18:58:24 INFO __main__ [ACTIONS] replay_from_ms=1769798881000 cursor_ms=1769799110000
2026-01-30 18:58:25 WARNING __main__ [ACTIONS] lag_ms=394000 replay_from_ms=1769798904000 latest_ms=1769799110000
2026-01-30 18:58:28 INFO __main__ [SKIP] closed_positions filtered target=254 my=6 (trading only, risk still uses unfiltered)
2026-01-30 18:58:28 INFO __main__ [SAFE] lag_high reduce_reconcile_set size=5 recent_sec=600 lag_ms=394000 actions=0 actions_unreliable=False
2026-01-30 18:58:28 INFO __main__ [SKIP] long_ignore token_id=78280942695237665984381826147483624552959750094987001751755383401313451401568 expires_at=1766095200 end_date=2025-12-18T22:00:00Z
2026-01-30 18:58:28 INFO __main__ [SKIP] long_ignore token_id=107854623063551848956959323683906084993759235411761278828050226188359888582895 expires_at=1764460800 end_date=2025-11-30T00:00:00Z
2026-01-30 18:58:28 INFO __main__ [SKIP] long_ignore token_id=93234833651290403107627925842341315568920086887489975925643046473406259664707 expires_at=1764694800 end_date=2025-12-02T17:00:00Z
2026-01-30 18:58:28 INFO __main__ [RISK_SUMMARY] used_total=10.065399999999999 used_total_shadow=14.865399999999998 open_buy_orders_usd=0 shadow_buy_usd=4.8 recent_buy_usd=0.0 top_tokens=['78246210666082377632623139827154050778673061043185648855349012977046369895248=5.1500', '0x86b118f33cda768c1b1e0750de16a86739855ea9c7bd7f4263683fe2b6d0605b:1=4.7250', '78280942695237665984381826147483624552959750094987001751755383401313451401568=0.0600', '45114117423978908058411784388250724650163815971233725858783887280844341990470=0.0400', '52365552199401369443408259986324629171792690921627298943075194906042228248932=0.0171']
2026-01-30 18:58:48 INFO __main__ [ACTIONS] replay_from_ms=1769798904000 cursor_ms=1769799110000
2026-01-30 18:58:48 WARNING __main__ [ACTIONS] lag_ms=418000 replay_from_ms=1769798928000 latest_ms=1769799110000
2026-01-30 18:58:50 INFO __main__ [SKIP] closed_positions filtered target=254 my=6 (trading only, risk still uses unfiltered)
2026-01-30 18:58:50 INFO __main__ [SAFE] lag_high reduce_reconcile_set size=5 recent_sec=600 lag_ms=418000 actions=0 actions_unreliable=False
2026-01-30 18:58:50 INFO __main__ [SKIP] long_ignore token_id=78280942695237665984381826147483624552959750094987001751755383401313451401568 expires_at=1766095200 end_date=2025-12-18T22:00:00Z
2026-01-30 18:58:50 INFO __main__ [SKIP] long_ignore token_id=107854623063551848956959323683906084993759235411761278828050226188359888582895 expires_at=1764460800 end_date=2025-11-30T00:00:00Z
2026-01-30 18:58:50 INFO __main__ [SKIP] long_ignore token_id=93234833651290403107627925842341315568920086887489975925643046473406259664707 expires_at=1764694800 end_date=2025-12-02T17:00:00Z
2026-01-30 18:58:50 INFO __main__ [RISK_SUMMARY] used_total=10.065399999999999 used_total_shadow=14.865399999999998 open_buy_orders_usd=0 shadow_buy_usd=4.8 recent_buy_usd=0.0 top_tokens=['78246210666082377632623139827154050778673061043185648855349012977046369895248=5.1500', '0x86b118f33cda768c1b1e0750de16a86739855ea9c7bd7f4263683fe2b6d0605b:1=4.7250', '78280942695237665984381826147483624552959750094987001751755383401313451401568=0.0600', '45114117423978908058411784388250724650163815971233725858783887280844341990470=0.0400', '52365552199401369443408259986324629171792690921627298943075194906042228248932=0.0171']
2026-01-30 18:59:11 INFO __main__ [ACTIONS] replay_from_ms=1769798928000 cursor_ms=1769799110000
2026-01-30 18:59:11 WARNING __main__ [ACTIONS] lag_ms=441000 replay_from_ms=1769798951000 latest_ms=1769799110000
2026-01-30 18:59:13 INFO __main__ [SKIP] closed_positions filtered target=254 my=6 (trading only, risk still uses unfiltered)
2026-01-30 18:59:13 INFO __main__ [SAFE] lag_high reduce_reconcile_set size=5 recent_sec=600 lag_ms=441000 actions=0 actions_unreliable=False
2026-01-30 18:59:13 INFO __main__ [SKIP] long_ignore token_id=78280942695237665984381826147483624552959750094987001751755383401313451401568 expires_at=1766095200 end_date=2025-12-18T22:00:00Z
2026-01-30 18:59:13 INFO __main__ [SKIP] long_ignore token_id=107854623063551848956959323683906084993759235411761278828050226188359888582895 expires_at=1764460800 end_date=2025-11-30T00:00:00Z
2026-01-30 18:59:13 INFO __main__ [SKIP] long_ignore token_id=93234833651290403107627925842341315568920086887489975925643046473406259664707 expires_at=1764694800 end_date=2025-12-02T17:00:00Z
2026-01-30 18:59:13 INFO __main__ [RISK_SUMMARY] used_total=10.065399999999999 used_total_shadow=14.865399999999998 open_buy_orders_usd=0 shadow_buy_usd=4.8 recent_buy_usd=0.0 top_tokens=['78246210666082377632623139827154050778673061043185648855349012977046369895248=5.1500', '0x86b118f33cda768c1b1e0750de16a86739855ea9c7bd7f4263683fe2b6d0605b:1=4.7250', '78280942695237665984381826147483624552959750094987001751755383401313451401568=0.0600', '45114117423978908058411784388250724650163815971233725858783887280844341990470=0.0400', '52365552199401369443408259986324629171792690921627298943075194906042228248932=0.0171']
2026-01-30 18:59:34 INFO __main__ [ACTIONS] replay_from_ms=1769798951000 cursor_ms=1769799110000
2026-01-30 18:59:34 WARNING __main__ [ACTIONS] lag_ms=464000 replay_from_ms=1769798974000 latest_ms=1769799110000
2026-01-30 18:59:36 INFO __main__ [SKIP] closed_positions filtered target=254 my=6 (trading only, risk still uses unfiltered)
2026-01-30 18:59:36 INFO __main__ [SAFE] lag_high reduce_reconcile_set size=5 recent_sec=600 lag_ms=464000 actions=0 actions_unreliable=False
2026-01-30 18:59:36 INFO __main__ [SKIP] long_ignore token_id=78280942695237665984381826147483624552959750094987001751755383401313451401568 expires_at=1766095200 end_date=2025-12-18T22:00:00Z
2026-01-30 18:59:36 INFO __main__ [SKIP] long_ignore token_id=107854623063551848956959323683906084993759235411761278828050226188359888582895 expires_at=1764460800 end_date=2025-11-30T00:00:00Z
2026-01-30 18:59:36 INFO __main__ [SKIP] long_ignore token_id=93234833651290403107627925842341315568920086887489975925643046473406259664707 expires_at=1764694800 end_date=2025-12-02T17:00:00Z
2026-01-30 18:59:36 INFO __main__ [RISK_SUMMARY] used_total=10.065399999999999 used_total_shadow=14.865399999999998 open_buy_orders_usd=0 shadow_buy_usd=4.8 recent_buy_usd=0.0 top_tokens=['78246210666082377632623139827154050778673061043185648855349012977046369895248=5.1500', '0x86b118f33cda768c1b1e0750de16a86739855ea9c7bd7f4263683fe2b6d0605b:1=4.7250', '78280942695237665984381826147483624552959750094987001751755383401313451401568=0.0600', '45114117423978908058411784388250724650163815971233725858783887280844341990470=0.0400', '52365552199401369443408259986324629171792690921627298943075194906042228248932=0.0171']
2026-01-30 18:59:57 INFO __main__ [ACTIONS] replay_from_ms=1769798974000 cursor_ms=1769799110000
2026-01-30 18:59:57 WARNING __main__ [ACTIONS] lag_ms=487000 replay_from_ms=1769798997000 latest_ms=1769799110000
2026-01-30 19:00:00 INFO __main__ [SKIP] closed_positions filtered target=254 my=6 (trading only, risk still uses unfiltered)
2026-01-30 19:00:00 INFO __main__ [SAFE] lag_high reduce_reconcile_set size=5 recent_sec=600 lag_ms=487000 actions=0 actions_unreliable=False
2026-01-30 19:00:00 INFO __main__ [SKIP] long_ignore token_id=78280942695237665984381826147483624552959750094987001751755383401313451401568 expires_at=1766095200 end_date=2025-12-18T22:00:00Z
2026-01-30 19:00:00 INFO __main__ [SKIP] long_ignore token_id=107854623063551848956959323683906084993759235411761278828050226188359888582895 expires_at=1764460800 end_date=2025-11-30T00:00:00Z
2026-01-30 19:00:00 INFO __main__ [SKIP] long_ignore token_id=93234833651290403107627925842341315568920086887489975925643046473406259664707 expires_at=1764694800 end_date=2025-12-02T17:00:00Z
2026-01-30 19:00:00 INFO __main__ [RISK_SUMMARY] used_total=10.065399999999999 used_total_shadow=14.865399999999998 open_buy_orders_usd=0 shadow_buy_usd=4.8 recent_buy_usd=0.0 top_tokens=['78246210666082377632623139827154050778673061043185648855349012977046369895248=5.1500', '0x86b118f33cda768c1b1e0750de16a86739855ea9c7bd7f4263683fe2b6d0605b:1=4.7250', '78280942695237665984381826147483624552959750094987001751755383401313451401568=0.0600', '45114117423978908058411784388250724650163815971233725858783887280844341990470=0.0400', '52365552199401369443408259986324629171792690921627298943075194906042228248932=0.0171']
2026-01-30 19:00:21 INFO __main__ [ACTIONS] replay_from_ms=1769798997000 cursor_ms=1769799110000
2026-01-30 19:00:21 WARNING __main__ [ACTIONS] lag_ms=510000 replay_from_ms=1769799020000 latest_ms=1769799110000
2026-01-30 19:00:23 INFO __main__ [SKIP] closed_positions filtered target=254 my=6 (trading only, risk still uses unfiltered)
2026-01-30 19:00:23 INFO __main__ [SAFE] lag_high reduce_reconcile_set size=5 recent_sec=600 lag_ms=510000 actions=0 actions_unreliable=False
2026-01-30 19:00:23 INFO __main__ [SKIP] long_ignore token_id=78280942695237665984381826147483624552959750094987001751755383401313451401568 expires_at=1766095200 end_date=2025-12-18T22:00:00Z
2026-01-30 19:00:23 INFO __main__ [SKIP] long_ignore token_id=107854623063551848956959323683906084993759235411761278828050226188359888582895 expires_at=1764460800 end_date=2025-11-30T00:00:00Z
2026-01-30 19:00:23 INFO __main__ [SKIP] long_ignore token_id=93234833651290403107627925842341315568920086887489975925643046473406259664707 expires_at=1764694800 end_date=2025-12-02T17:00:00Z
2026-01-30 19:00:23 INFO __main__ [RISK_SUMMARY] used_total=10.065399999999999 used_total_shadow=14.865399999999998 open_buy_orders_usd=0 shadow_buy_usd=4.8 recent_buy_usd=0.0 top_tokens=['78246210666082377632623139827154050778673061043185648855349012977046369895248=5.1500', '0x86b118f33cda768c1b1e0750de16a86739855ea9c7bd7f4263683fe2b6d0605b:1=4.7250', '78280942695237665984381826147483624552959750094987001751755383401313451401568=0.0600', '45114117423978908058411784388250724650163815971233725858783887280844341990470=0.0400', '52365552199401369443408259986324629171792690921627298943075194906042228248932=0.0171']
2026-01-30 19:00:44 INFO __main__ [ACTIONS] replay_from_ms=1769799020000 cursor_ms=1769799110000
2026-01-30 19:00:44 WARNING __main__ [ACTIONS] lag_ms=534000 replay_from_ms=1769799044000 latest_ms=1769799110000
2026-01-30 19:00:46 INFO __main__ [SKIP] closed_positions filtered target=254 my=6 (trading only, risk still uses unfiltered)
2026-01-30 19:00:46 INFO __main__ [SAFE] lag_high reduce_reconcile_set size=5 recent_sec=600 lag_ms=534000 actions=0 actions_unreliable=False
2026-01-30 19:00:46 INFO __main__ [SKIP] long_ignore token_id=78280942695237665984381826147483624552959750094987001751755383401313451401568 expires_at=1766095200 end_date=2025-12-18T22:00:00Z
2026-01-30 19:00:46 INFO __main__ [SKIP] long_ignore token_id=107854623063551848956959323683906084993759235411761278828050226188359888582895 expires_at=1764460800 end_date=2025-11-30T00:00:00Z
2026-01-30 19:00:46 INFO __main__ [SKIP] long_ignore token_id=93234833651290403107627925842341315568920086887489975925643046473406259664707 expires_at=1764694800 end_date=2025-12-02T17:00:00Z
2026-01-30 19:00:46 INFO __main__ [RISK_SUMMARY] used_total=10.065399999999999 used_total_shadow=14.865399999999998 open_buy_orders_usd=0 shadow_buy_usd=4.8 recent_buy_usd=0.0 top_tokens=['78246210666082377632623139827154050778673061043185648855349012977046369895248=5.1500', '0x86b118f33cda768c1b1e0750de16a86739855ea9c7bd7f4263683fe2b6d0605b:1=4.7250', '78280942695237665984381826147483624552959750094987001751755383401313451401568=0.0600', '45114117423978908058411784388250724650163815971233725858783887280844341990470=0.0400', '52365552199401369443408259986324629171792690921627298943075194906042228248932=0.0171']
2026-01-30 19:01:07 INFO __main__ [ACTIONS] replay_from_ms=1769799044000 cursor_ms=1769799110000
2026-01-30 19:01:07 WARNING __main__ [ACTIONS] lag_ms=557000 replay_from_ms=1769799067000 latest_ms=1769799110000
2026-01-30 19:01:10 INFO __main__ [SKIP] closed_positions filtered target=254 my=6 (trading only, risk still uses unfiltered)
2026-01-30 19:01:10 INFO __main__ [SAFE] lag_high reduce_reconcile_set size=5 recent_sec=600 lag_ms=557000 actions=0 actions_unreliable=False
2026-01-30 19:01:10 INFO __main__ [SKIP] long_ignore token_id=78280942695237665984381826147483624552959750094987001751755383401313451401568 expires_at=1766095200 end_date=2025-12-18T22:00:00Z
2026-01-30 19:01:10 INFO __main__ [SKIP] long_ignore token_id=107854623063551848956959323683906084993759235411761278828050226188359888582895 expires_at=1764460800 end_date=2025-11-30T00:00:00Z
2026-01-30 19:01:10 INFO __main__ [SKIP] long_ignore token_id=93234833651290403107627925842341315568920086887489975925643046473406259664707 expires_at=1764694800 end_date=2025-12-02T17:00:00Z
2026-01-30 19:01:10 INFO __main__ [RISK_SUMMARY] used_total=10.065399999999999 used_total_shadow=14.865399999999998 open_buy_orders_usd=0 shadow_buy_usd=4.8 recent_buy_usd=0.0 top_tokens=['78246210666082377632623139827154050778673061043185648855349012977046369895248=5.1500', '0x86b118f33cda768c1b1e0750de16a86739855ea9c7bd7f4263683fe2b6d0605b:1=4.7250', '78280942695237665984381826147483624552959750094987001751755383401313451401568=0.0600', '45114117423978908058411784388250724650163815971233725858783887280844341990470=0.0400', '52365552199401369443408259986324629171792690921627298943075194906042228248932=0.0171']
2026-01-30 19:01:30 INFO __main__ [ACTIONS] replay_from_ms=1769799067000 cursor_ms=1769799110000
2026-01-30 19:01:31 WARNING __main__ [ACTIONS] lag_ms=580000 replay_from_ms=1769799090000 latest_ms=1769799110000
2026-01-30 19:01:33 INFO __main__ [SKIP] closed_positions filtered target=254 my=6 (trading only, risk still uses unfiltered)
2026-01-30 19:01:33 INFO __main__ [SAFE] lag_high reduce_reconcile_set size=5 recent_sec=600 lag_ms=580000 actions=0 actions_unreliable=False
2026-01-30 19:01:33 INFO __main__ [SKIP] long_ignore token_id=78280942695237665984381826147483624552959750094987001751755383401313451401568 expires_at=1766095200 end_date=2025-12-18T22:00:00Z
2026-01-30 19:01:33 INFO __main__ [SKIP] long_ignore token_id=107854623063551848956959323683906084993759235411761278828050226188359888582895 expires_at=1764460800 end_date=2025-11-30T00:00:00Z
2026-01-30 19:01:33 INFO __main__ [SKIP] long_ignore token_id=93234833651290403107627925842341315568920086887489975925643046473406259664707 expires_at=1764694800 end_date=2025-12-02T17:00:00Z
2026-01-30 19:01:33 INFO __main__ [RISK_SUMMARY] used_total=10.065399999999999 used_total_shadow=14.865399999999998 open_buy_orders_usd=0 shadow_buy_usd=4.8 recent_buy_usd=0.0 top_tokens=['78246210666082377632623139827154050778673061043185648855349012977046369895248=5.1500', '0x86b118f33cda768c1b1e0750de16a86739855ea9c7bd7f4263683fe2b6d0605b:1=4.7250', '78280942695237665984381826147483624552959750094987001751755383401313451401568=0.0600', '45114117423978908058411784388250724650163815971233725858783887280844341990470=0.0400', '52365552199401369443408259986324629171792690921627298943075194906042228248932=0.0171']
2026-01-30 19:01:54 INFO __main__ [ACTIONS] replay_from_ms=1769799090000 cursor_ms=1769799110000
2026-01-30 19:01:54 WARNING __main__ [ACTIONS] lag_ms=603000 replay_from_ms=1769799113000 latest_ms=1769799110000
2026-01-30 19:01:55 INFO __main__ [SKIP] closed_positions filtered target=254 my=6 (trading only, risk still uses unfiltered)
2026-01-30 19:01:55 INFO __main__ [SAFE] lag_high reduce_reconcile_set size=5 recent_sec=600 lag_ms=603000 actions=0 actions_unreliable=False
2026-01-30 19:01:55 INFO __main__ [SKIP] long_ignore token_id=78280942695237665984381826147483624552959750094987001751755383401313451401568 expires_at=1766095200 end_date=2025-12-18T22:00:00Z
2026-01-30 19:01:55 INFO __main__ [SKIP] long_ignore token_id=107854623063551848956959323683906084993759235411761278828050226188359888582895 expires_at=1764460800 end_date=2025-11-30T00:00:00Z
2026-01-30 19:01:55 INFO __main__ [SKIP] long_ignore token_id=93234833651290403107627925842341315568920086887489975925643046473406259664707 expires_at=1764694800 end_date=2025-12-02T17:00:00Z
2026-01-30 19:01:55 INFO __main__ [RISK_SUMMARY] used_total=10.065399999999999 used_total_shadow=14.865399999999998 open_buy_orders_usd=0 shadow_buy_usd=4.8 recent_buy_usd=0.0 top_tokens=['78246210666082377632623139827154050778673061043185648855349012977046369895248=5.1500', '0x86b118f33cda768c1b1e0750de16a86739855ea9c7bd7f4263683fe2b6d0605b:1=4.7250', '78280942695237665984381826147483624552959750094987001751755383401313451401568=0.0600', '45114117423978908058411784388250724650163815971233725858783887280844341990470=0.0400', '52365552199401369443408259986324629171792690921627298943075194906042228248932=0.0171']
2026-01-30 19:02:16 INFO __main__ [ACTIONS] replay_from_ms=1769799113000 cursor_ms=1769799110000
2026-01-30 19:02:18 INFO __main__ [SKIP] closed_positions filtered target=254 my=6 (trading only, risk still uses unfiltered)
2026-01-30 19:02:18 INFO __main__ [SAFE] actions_empty reduce_reconcile_set size=5 recent_sec=600 lag_ms=0 actions=0 actions_unreliable=False
2026-01-30 19:02:18 INFO __main__ [SKIP] long_ignore token_id=78280942695237665984381826147483624552959750094987001751755383401313451401568 expires_at=1766095200 end_date=2025-12-18T22:00:00Z
2026-01-30 19:02:18 INFO __main__ [SKIP] long_ignore token_id=107854623063551848956959323683906084993759235411761278828050226188359888582895 expires_at=1764460800 end_date=2025-11-30T00:00:00Z
2026-01-30 19:02:18 INFO __main__ [SKIP] long_ignore token_id=93234833651290403107627925842341315568920086887489975925643046473406259664707 expires_at=1764694800 end_date=2025-12-02T17:00:00Z
2026-01-30 19:02:18 INFO __main__ [RISK_SUMMARY] used_total=10.065399999999999 used_total_shadow=14.865399999999998 open_buy_orders_usd=0 shadow_buy_usd=4.8 recent_buy_usd=0.0 top_tokens=['78246210666082377632623139827154050778673061043185648855349012977046369895248=5.1500', '0x86b118f33cda768c1b1e0750de16a86739855ea9c7bd7f4263683fe2b6d0605b:1=4.7250', '78280942695237665984381826147483624552959750094987001751755383401313451401568=0.0600', '45114117423978908058411784388250724650163815971233725858783887280844341990470=0.0400', '52365552199401369443408259986324629171792690921627298943075194906042228248932=0.0171']
2026-01-30 19:02:39 INFO __main__ [ACTIONS] replay_from_ms=1769799113000 cursor_ms=1769799110000
2026-01-30 19:02:41 INFO __main__ [SKIP] closed_positions filtered target=254 my=6 (trading only, risk still uses unfiltered)
2026-01-30 19:02:41 INFO __main__ [SAFE] actions_empty reduce_reconcile_set size=5 recent_sec=600 lag_ms=0 actions=0 actions_unreliable=False
2026-01-30 19:02:41 INFO __main__ [SKIP] long_ignore token_id=78280942695237665984381826147483624552959750094987001751755383401313451401568 expires_at=1766095200 end_date=2025-12-18T22:00:00Z
2026-01-30 19:02:41 INFO __main__ [SKIP] long_ignore token_id=107854623063551848956959323683906084993759235411761278828050226188359888582895 expires_at=1764460800 end_date=2025-11-30T00:00:00Z
2026-01-30 19:02:41 INFO __main__ [SKIP] long_ignore token_id=93234833651290403107627925842341315568920086887489975925643046473406259664707 expires_at=1764694800 end_date=2025-12-02T17:00:00Z
2026-01-30 19:02:41 INFO __main__ [RISK_SUMMARY] used_total=10.065399999999999 used_total_shadow=14.865399999999998 open_buy_orders_usd=0 shadow_buy_usd=4.8 recent_buy_usd=0.0 top_tokens=['78246210666082377632623139827154050778673061043185648855349012977046369895248=5.1500', '0x86b118f33cda768c1b1e0750de16a86739855ea9c7bd7f4263683fe2b6d0605b:1=4.7250', '78280942695237665984381826147483624552959750094987001751755383401313451401568=0.0600', '45114117423978908058411784388250724650163815971233725858783887280844341990470=0.0400', '52365552199401369443408259986324629171792690921627298943075194906042228248932=0.0171']
2026-01-30 19:03:01 INFO __main__ [ACTIONS] replay_from_ms=1769799113000 cursor_ms=1769799110000
2026-01-30 19:03:04 INFO __main__ [SKIP] closed_positions filtered target=254 my=6 (trading only, risk still uses unfiltered)
2026-01-30 19:03:04 INFO __main__ [SAFE] actions_empty reduce_reconcile_set size=5 recent_sec=600 lag_ms=0 actions=0 actions_unreliable=False
2026-01-30 19:03:04 INFO __main__ [SKIP] long_ignore token_id=78280942695237665984381826147483624552959750094987001751755383401313451401568 expires_at=1766095200 end_date=2025-12-18T22:00:00Z
2026-01-30 19:03:04 INFO __main__ [SKIP] long_ignore token_id=107854623063551848956959323683906084993759235411761278828050226188359888582895 expires_at=1764460800 end_date=2025-11-30T00:00:00Z
2026-01-30 19:03:04 INFO __main__ [SKIP] long_ignore token_id=93234833651290403107627925842341315568920086887489975925643046473406259664707 expires_at=1764694800 end_date=2025-12-02T17:00:00Z
2026-01-30 19:03:04 INFO __main__ [RISK_SUMMARY] used_total=10.065399999999999 used_total_shadow=14.865399999999998 open_buy_orders_usd=0 shadow_buy_usd=4.8 recent_buy_usd=0.0 top_tokens=['78246210666082377632623139827154050778673061043185648855349012977046369895248=5.1500', '0x86b118f33cda768c1b1e0750de16a86739855ea9c7bd7f4263683fe2b6d0605b:1=4.7250', '78280942695237665984381826147483624552959750094987001751755383401313451401568=0.0600', '45114117423978908058411784388250724650163815971233725858783887280844341990470=0.0400', '52365552199401369443408259986324629171792690921627298943075194906042228248932=0.0171']
2026-01-30 19:03:24 INFO __main__ [ACTIONS] replay_from_ms=1769799113000 cursor_ms=1769799110000
2026-01-30 19:03:26 INFO __main__ [SKIP] closed_positions filtered target=254 my=6 (trading only, risk still uses unfiltered)
2026-01-30 19:03:26 INFO __main__ [SAFE] actions_empty reduce_reconcile_set size=5 recent_sec=600 lag_ms=0 actions=0 actions_unreliable=False
2026-01-30 19:03:26 INFO __main__ [SKIP] long_ignore token_id=78280942695237665984381826147483624552959750094987001751755383401313451401568 expires_at=1766095200 end_date=2025-12-18T22:00:00Z
2026-01-30 19:03:26 INFO __main__ [SKIP] long_ignore token_id=107854623063551848956959323683906084993759235411761278828050226188359888582895 expires_at=1764460800 end_date=2025-11-30T00:00:00Z
2026-01-30 19:03:26 INFO __main__ [SKIP] long_ignore token_id=93234833651290403107627925842341315568920086887489975925643046473406259664707 expires_at=1764694800 end_date=2025-12-02T17:00:00Z
2026-01-30 19:03:26 INFO __main__ [RISK_SUMMARY] used_total=10.065399999999999 used_total_shadow=14.865399999999998 open_buy_orders_usd=0 shadow_buy_usd=4.8 recent_buy_usd=0.0 top_tokens=['78246210666082377632623139827154050778673061043185648855349012977046369895248=5.1500', '0x86b118f33cda768c1b1e0750de16a86739855ea9c7bd7f4263683fe2b6d0605b:1=4.7250', '78280942695237665984381826147483624552959750094987001751755383401313451401568=0.0600', '45114117423978908058411784388250724650163815971233725858783887280844341990470=0.0400', '52365552199401369443408259986324629171792690921627298943075194906042228248932=0.0171']
2026-01-30 19:03:47 INFO __main__ [ACTIONS] replay_from_ms=1769799113000 cursor_ms=1769799110000
2026-01-30 19:03:50 INFO __main__ [SKIP] closed_positions filtered target=254 my=6 (trading only, risk still uses unfiltered)
2026-01-30 19:03:50 INFO __main__ [SAFE] actions_empty reduce_reconcile_set size=5 recent_sec=600 lag_ms=0 actions=0 actions_unreliable=False
2026-01-30 19:03:50 INFO __main__ [SKIP] long_ignore token_id=78280942695237665984381826147483624552959750094987001751755383401313451401568 expires_at=1766095200 end_date=2025-12-18T22:00:00Z
2026-01-30 19:03:50 INFO __main__ [SKIP] long_ignore token_id=107854623063551848956959323683906084993759235411761278828050226188359888582895 expires_at=1764460800 end_date=2025-11-30T00:00:00Z
2026-01-30 19:03:50 INFO __main__ [SKIP] long_ignore token_id=93234833651290403107627925842341315568920086887489975925643046473406259664707 expires_at=1764694800 end_date=2025-12-02T17:00:00Z
2026-01-30 19:03:50 INFO __main__ [RISK_SUMMARY] used_total=10.065399999999999 used_total_shadow=14.865399999999998 open_buy_orders_usd=0 shadow_buy_usd=4.8 recent_buy_usd=0.0 top_tokens=['78246210666082377632623139827154050778673061043185648855349012977046369895248=5.1500', '0x86b118f33cda768c1b1e0750de16a86739855ea9c7bd7f4263683fe2b6d0605b:1=4.7250', '78280942695237665984381826147483624552959750094987001751755383401313451401568=0.0600', '45114117423978908058411784388250724650163815971233725858783887280844341990470=0.0400', '52365552199401369443408259986324629171792690921627298943075194906042228248932=0.0171']
2026-01-30 19:04:10 INFO __main__ [CFG] reloaded (interval)
2026-01-30 19:04:11 INFO __main__ [ACTIONS] replay_from_ms=1769799113000 cursor_ms=1769799110000
2026-01-30 19:04:12 INFO __main__ [SKIP] closed_positions filtered target=254 my=6 (trading only, risk still uses unfiltered)
2026-01-30 19:04:12 INFO __main__ [SAFE] actions_empty reduce_reconcile_set size=5 recent_sec=600 lag_ms=0 actions=0 actions_unreliable=False
2026-01-30 19:04:12 INFO __main__ [SKIP] long_ignore token_id=78280942695237665984381826147483624552959750094987001751755383401313451401568 expires_at=1766095200 end_date=2025-12-18T22:00:00Z
2026-01-30 19:04:12 INFO __main__ [SKIP] long_ignore token_id=107854623063551848956959323683906084993759235411761278828050226188359888582895 expires_at=1764460800 end_date=2025-11-30T00:00:00Z
2026-01-30 19:04:12 INFO __main__ [SKIP] long_ignore token_id=93234833651290403107627925842341315568920086887489975925643046473406259664707 expires_at=1764694800 end_date=2025-12-02T17:00:00Z
2026-01-30 19:04:12 INFO __main__ [RISK_SUMMARY] used_total=10.065399999999999 used_total_shadow=14.865399999999998 open_buy_orders_usd=0 shadow_buy_usd=4.8 recent_buy_usd=0.0 top_tokens=['78246210666082377632623139827154050778673061043185648855349012977046369895248=5.1500', '0x86b118f33cda768c1b1e0750de16a86739855ea9c7bd7f4263683fe2b6d0605b:1=4.7250', '78280942695237665984381826147483624552959750094987001751755383401313451401568=0.0600', '45114117423978908058411784388250724650163815971233725858783887280844341990470=0.0400', '52365552199401369443408259986324629171792690921627298943075194906042228248932=0.0171']
2026-01-30 19:04:33 INFO __main__ [ACTIONS] replay_from_ms=1769799113000 cursor_ms=1769799110000
2026-01-30 19:04:36 INFO __main__ [SKIP] closed_positions filtered target=254 my=6 (trading only, risk still uses unfiltered)
2026-01-30 19:04:36 INFO __main__ [SAFE] actions_empty reduce_reconcile_set size=5 recent_sec=600 lag_ms=0 actions=0 actions_unreliable=False
2026-01-30 19:04:36 INFO __main__ [SKIP] long_ignore token_id=78280942695237665984381826147483624552959750094987001751755383401313451401568 expires_at=1766095200 end_date=2025-12-18T22:00:00Z
2026-01-30 19:04:36 INFO __main__ [SKIP] long_ignore token_id=107854623063551848956959323683906084993759235411761278828050226188359888582895 expires_at=1764460800 end_date=2025-11-30T00:00:00Z
2026-01-30 19:04:36 INFO __main__ [SKIP] long_ignore token_id=93234833651290403107627925842341315568920086887489975925643046473406259664707 expires_at=1764694800 end_date=2025-12-02T17:00:00Z
2026-01-30 19:04:36 INFO __main__ [RISK_SUMMARY] used_total=10.065399999999999 used_total_shadow=14.865399999999998 open_buy_orders_usd=0 shadow_buy_usd=4.8 recent_buy_usd=0.0 top_tokens=['78246210666082377632623139827154050778673061043185648855349012977046369895248=5.1500', '0x86b118f33cda768c1b1e0750de16a86739855ea9c7bd7f4263683fe2b6d0605b:1=4.7250', '78280942695237665984381826147483624552959750094987001751755383401313451401568=0.0600', '45114117423978908058411784388250724650163815971233725858783887280844341990470=0.0400', '52365552199401369443408259986324629171792690921627298943075194906042228248932=0.0171']
2026-01-30 19:04:57 INFO __main__ [ACTIONS] replay_from_ms=1769799113000 cursor_ms=1769799110000
2026-01-30 19:04:59 INFO __main__ [SKIP] closed_positions filtered target=254 my=6 (trading only, risk still uses unfiltered)
2026-01-30 19:04:59 INFO __main__ [POS] target_count=7 my_count=5 target_incomplete=False my_incomplete=False | t_src=http_positions t_cb=1769799897 t_rsec=25 t_mode=sec t_http=200 t_hit=None
2026-01-30 19:04:59 INFO __main__ [POS] target cache_headers_first={'CF-Cache-Status': 'MISS', 'Cache-Control': 'public, max-age=3', 'Last-Modified': 'Fri, 30 Jan 2026 19:04:58 GMT', 'Date': 'Fri, 30 Jan 2026 19:04:58 GMT', 'Server': 'cloudflare'}
2026-01-30 19:04:59 INFO __main__ [POS] target cache_headers_last={'CF-Cache-Status': 'MISS', 'Cache-Control': 'public, max-age=3', 'Last-Modified': 'Fri, 30 Jan 2026 19:04:59 GMT', 'Date': 'Fri, 30 Jan 2026 19:04:59 GMT', 'Server': 'cloudflare'}
2026-01-30 19:04:59 INFO __main__ [SAFE] actions_empty reduce_reconcile_set size=5 recent_sec=600 lag_ms=0 actions=0 actions_unreliable=False
2026-01-30 19:04:59 INFO __main__ [SKIP] long_ignore token_id=78280942695237665984381826147483624552959750094987001751755383401313451401568 expires_at=1766095200 end_date=2025-12-18T22:00:00Z
2026-01-30 19:04:59 INFO __main__ [SKIP] long_ignore token_id=107854623063551848956959323683906084993759235411761278828050226188359888582895 expires_at=1764460800 end_date=2025-11-30T00:00:00Z
2026-01-30 19:04:59 INFO __main__ [SKIP] long_ignore token_id=93234833651290403107627925842341315568920086887489975925643046473406259664707 expires_at=1764694800 end_date=2025-12-02T17:00:00Z
2026-01-30 19:04:59 INFO __main__ [RISK_SUMMARY] used_total=10.065399999999999 used_total_shadow=14.865399999999998 open_buy_orders_usd=0 shadow_buy_usd=4.8 recent_buy_usd=0.0 top_tokens=['78246210666082377632623139827154050778673061043185648855349012977046369895248=5.1500', '0x86b118f33cda768c1b1e0750de16a86739855ea9c7bd7f4263683fe2b6d0605b:1=4.7250', '78280942695237665984381826147483624552959750094987001751755383401313451401568=0.0600', '45114117423978908058411784388250724650163815971233725858783887280844341990470=0.0400', '52365552199401369443408259986324629171792690921627298943075194906042228248932=0.0171']
2026-01-30 19:05:20 INFO __main__ [ACTIONS] replay_from_ms=1769799113000 cursor_ms=1769799110000
2026-01-30 19:05:22 INFO __main__ [SKIP] closed_positions filtered target=254 my=6 (trading only, risk still uses unfiltered)
2026-01-30 19:05:22 INFO __main__ [SAFE] actions_empty reduce_reconcile_set size=5 recent_sec=600 lag_ms=0 actions=0 actions_unreliable=False
2026-01-30 19:05:23 INFO __main__ [SKIP] long_ignore token_id=78280942695237665984381826147483624552959750094987001751755383401313451401568 expires_at=1766095200 end_date=2025-12-18T22:00:00Z
2026-01-30 19:05:23 INFO __main__ [SKIP] long_ignore token_id=107854623063551848956959323683906084993759235411761278828050226188359888582895 expires_at=1764460800 end_date=2025-11-30T00:00:00Z
2026-01-30 19:05:23 INFO __main__ [SKIP] long_ignore token_id=93234833651290403107627925842341315568920086887489975925643046473406259664707 expires_at=1764694800 end_date=2025-12-02T17:00:00Z
2026-01-30 19:05:23 INFO __main__ [RISK_SUMMARY] used_total=10.065399999999999 used_total_shadow=14.865399999999998 open_buy_orders_usd=0 shadow_buy_usd=4.8 recent_buy_usd=0.0 top_tokens=['78246210666082377632623139827154050778673061043185648855349012977046369895248=5.1500', '0x86b118f33cda768c1b1e0750de16a86739855ea9c7bd7f4263683fe2b6d0605b:1=4.7250', '78280942695237665984381826147483624552959750094987001751755383401313451401568=0.0600', '45114117423978908058411784388250724650163815971233725858783887280844341990470=0.0400', '52365552199401369443408259986324629171792690921627298943075194906042228248932=0.0171']
2026-01-30 19:05:43 INFO __main__ [ACTIONS] replay_from_ms=1769799113000 cursor_ms=1769799110000
2026-01-30 19:05:46 INFO __main__ [SKIP] closed_positions filtered target=254 my=6 (trading only, risk still uses unfiltered)
2026-01-30 19:05:46 INFO __main__ [SAFE] actions_empty reduce_reconcile_set size=5 recent_sec=600 lag_ms=0 actions=0 actions_unreliable=False
2026-01-30 19:05:46 INFO __main__ [SKIP] long_ignore token_id=78280942695237665984381826147483624552959750094987001751755383401313451401568 expires_at=1766095200 end_date=2025-12-18T22:00:00Z
2026-01-30 19:05:46 INFO __main__ [SKIP] long_ignore token_id=107854623063551848956959323683906084993759235411761278828050226188359888582895 expires_at=1764460800 end_date=2025-11-30T00:00:00Z
2026-01-30 19:05:46 INFO __main__ [SKIP] long_ignore token_id=93234833651290403107627925842341315568920086887489975925643046473406259664707 expires_at=1764694800 end_date=2025-12-02T17:00:00Z
2026-01-30 19:05:46 INFO __main__ [RISK_SUMMARY] used_total=10.065399999999999 used_total_shadow=14.865399999999998 open_buy_orders_usd=0 shadow_buy_usd=4.8 recent_buy_usd=0.0 top_tokens=['78246210666082377632623139827154050778673061043185648855349012977046369895248=5.1500', '0x86b118f33cda768c1b1e0750de16a86739855ea9c7bd7f4263683fe2b6d0605b:1=4.7250', '78280942695237665984381826147483624552959750094987001751755383401313451401568=0.0600', '45114117423978908058411784388250724650163815971233725858783887280844341990470=0.0400', '52365552199401369443408259986324629171792690921627298943075194906042228248932=0.0171']
2026-01-30 19:06:06 INFO __main__ [ACTIONS] replay_from_ms=1769799113000 cursor_ms=1769799110000
2026-01-30 19:06:09 INFO __main__ [SKIP] closed_positions filtered target=254 my=6 (trading only, risk still uses unfiltered)
2026-01-30 19:06:09 INFO __main__ [SAFE] actions_empty reduce_reconcile_set size=5 recent_sec=600 lag_ms=0 actions=0 actions_unreliable=False
2026-01-30 19:06:09 INFO __main__ [SKIP] long_ignore token_id=78280942695237665984381826147483624552959750094987001751755383401313451401568 expires_at=1766095200 end_date=2025-12-18T22:00:00Z
2026-01-30 19:06:09 INFO __main__ [SKIP] long_ignore token_id=107854623063551848956959323683906084993759235411761278828050226188359888582895 expires_at=1764460800 end_date=2025-11-30T00:00:00Z
2026-01-30 19:06:09 INFO __main__ [SKIP] long_ignore token_id=93234833651290403107627925842341315568920086887489975925643046473406259664707 expires_at=1764694800 end_date=2025-12-02T17:00:00Z
2026-01-30 19:06:09 INFO __main__ [RISK_SUMMARY] used_total=10.065399999999999 used_total_shadow=14.865399999999998 open_buy_orders_usd=0 shadow_buy_usd=4.8 recent_buy_usd=0.0 top_tokens=['78246210666082377632623139827154050778673061043185648855349012977046369895248=5.1500', '0x86b118f33cda768c1b1e0750de16a86739855ea9c7bd7f4263683fe2b6d0605b:1=4.7250', '78280942695237665984381826147483624552959750094987001751755383401313451401568=0.0600', '45114117423978908058411784388250724650163815971233725858783887280844341990470=0.0400', '52365552199401369443408259986324629171792690921627298943075194906042228248932=0.0171']
2026-01-30 19:06:30 INFO __main__ [ACTIONS] replay_from_ms=1769799113000 cursor_ms=1769799110000
2026-01-30 19:06:31 INFO __main__ [SKIP] closed_positions filtered target=254 my=6 (trading only, risk still uses unfiltered)
2026-01-30 19:06:31 INFO __main__ [SAFE] actions_empty reduce_reconcile_set size=5 recent_sec=600 lag_ms=0 actions=0 actions_unreliable=False
2026-01-30 19:06:31 INFO __main__ [SKIP] long_ignore token_id=78280942695237665984381826147483624552959750094987001751755383401313451401568 expires_at=1766095200 end_date=2025-12-18T22:00:00Z
2026-01-30 19:06:31 INFO __main__ [SKIP] long_ignore token_id=107854623063551848956959323683906084993759235411761278828050226188359888582895 expires_at=1764460800 end_date=2025-11-30T00:00:00Z
2026-01-30 19:06:31 INFO __main__ [SKIP] long_ignore token_id=93234833651290403107627925842341315568920086887489975925643046473406259664707 expires_at=1764694800 end_date=2025-12-02T17:00:00Z
2026-01-30 19:06:31 INFO __main__ [RISK_SUMMARY] used_total=10.065399999999999 used_total_shadow=14.865399999999998 open_buy_orders_usd=0 shadow_buy_usd=4.8 recent_buy_usd=0.0 top_tokens=['78246210666082377632623139827154050778673061043185648855349012977046369895248=5.1500', '0x86b118f33cda768c1b1e0750de16a86739855ea9c7bd7f4263683fe2b6d0605b:1=4.7250', '78280942695237665984381826147483624552959750094987001751755383401313451401568=0.0600', '45114117423978908058411784388250724650163815971233725858783887280844341990470=0.0400', '52365552199401369443408259986324629171792690921627298943075194906042228248932=0.0171']
2026-01-30 19:06:52 INFO __main__ [ACTIONS] replay_from_ms=1769799113000 cursor_ms=1769799110000
2026-01-30 19:06:54 INFO __main__ [SKIP] closed_positions filtered target=254 my=6 (trading only, risk still uses unfiltered)
2026-01-30 19:06:54 INFO __main__ [SAFE] actions_empty reduce_reconcile_set size=5 recent_sec=600 lag_ms=0 actions=0 actions_unreliable=False
2026-01-30 19:06:54 INFO __main__ [SKIP] long_ignore token_id=78280942695237665984381826147483624552959750094987001751755383401313451401568 expires_at=1766095200 end_date=2025-12-18T22:00:00Z
2026-01-30 19:06:54 INFO __main__ [SKIP] long_ignore token_id=107854623063551848956959323683906084993759235411761278828050226188359888582895 expires_at=1764460800 end_date=2025-11-30T00:00:00Z
2026-01-30 19:06:54 INFO __main__ [SKIP] long_ignore token_id=93234833651290403107627925842341315568920086887489975925643046473406259664707 expires_at=1764694800 end_date=2025-12-02T17:00:00Z
2026-01-30 19:06:54 INFO __main__ [RISK_SUMMARY] used_total=10.065399999999999 used_total_shadow=14.865399999999998 open_buy_orders_usd=0 shadow_buy_usd=4.8 recent_buy_usd=0.0 top_tokens=['78246210666082377632623139827154050778673061043185648855349012977046369895248=5.1500', '0x86b118f33cda768c1b1e0750de16a86739855ea9c7bd7f4263683fe2b6d0605b:1=4.7250', '78280942695237665984381826147483624552959750094987001751755383401313451401568=0.0600', '45114117423978908058411784388250724650163815971233725858783887280844341990470=0.0400', '52365552199401369443408259986324629171792690921627298943075194906042228248932=0.0171']
2026-01-30 19:07:15 INFO __main__ [ACTIONS] replay_from_ms=1769799113000 cursor_ms=1769799110000
2026-01-30 19:07:17 INFO __main__ [SKIP] closed_positions filtered target=254 my=6 (trading only, risk still uses unfiltered)
2026-01-30 19:07:17 INFO __main__ [SAFE] actions_empty reduce_reconcile_set size=5 recent_sec=600 lag_ms=0 actions=0 actions_unreliable=False
2026-01-30 19:07:17 INFO __main__ [SKIP] long_ignore token_id=78280942695237665984381826147483624552959750094987001751755383401313451401568 expires_at=1766095200 end_date=2025-12-18T22:00:00Z
2026-01-30 19:07:17 INFO __main__ [SKIP] long_ignore token_id=107854623063551848956959323683906084993759235411761278828050226188359888582895 expires_at=1764460800 end_date=2025-11-30T00:00:00Z
2026-01-30 19:07:17 INFO __main__ [SKIP] long_ignore token_id=93234833651290403107627925842341315568920086887489975925643046473406259664707 expires_at=1764694800 end_date=2025-12-02T17:00:00Z
2026-01-30 19:07:17 INFO __main__ [RISK_SUMMARY] used_total=10.065399999999999 used_total_shadow=14.865399999999998 open_buy_orders_usd=0 shadow_buy_usd=4.8 recent_buy_usd=0.0 top_tokens=['78246210666082377632623139827154050778673061043185648855349012977046369895248=5.1500', '0x86b118f33cda768c1b1e0750de16a86739855ea9c7bd7f4263683fe2b6d0605b:1=4.7250', '78280942695237665984381826147483624552959750094987001751755383401313451401568=0.0600', '45114117423978908058411784388250724650163815971233725858783887280844341990470=0.0400', '52365552199401369443408259986324629171792690921627298943075194906042228248932=0.0171']
2026-01-30 19:07:17 INFO __main__ [INTENT] token_id=28665762595721703975313300738372745244806844956017602267661735638662655554712 old={'phase': 'LONG', 'desired_side': 'BUY', 'desired_shares': 19.047619047619047} new={'phase': 'LONG', 'desired_side': 'BUY', 'desired_shares': 18.46153846153846} reasons=desired_shares_down
2026-01-30 19:07:38 INFO __main__ [ACTIONS] replay_from_ms=1769799113000 cursor_ms=1769799110000
2026-01-30 19:07:40 INFO __main__ [SKIP] closed_positions filtered target=254 my=6 (trading only, risk still uses unfiltered)
2026-01-30 19:07:40 INFO __main__ [SAFE] actions_empty reduce_reconcile_set size=5 recent_sec=600 lag_ms=0 actions=0 actions_unreliable=False
2026-01-30 19:07:40 INFO __main__ [SKIP] long_ignore token_id=78280942695237665984381826147483624552959750094987001751755383401313451401568 expires_at=1766095200 end_date=2025-12-18T22:00:00Z
2026-01-30 19:07:40 INFO __main__ [SKIP] long_ignore token_id=107854623063551848956959323683906084993759235411761278828050226188359888582895 expires_at=1764460800 end_date=2025-11-30T00:00:00Z
2026-01-30 19:07:40 INFO __main__ [SKIP] long_ignore token_id=93234833651290403107627925842341315568920086887489975925643046473406259664707 expires_at=1764694800 end_date=2025-12-02T17:00:00Z
2026-01-30 19:07:40 INFO __main__ [RISK_SUMMARY] used_total=10.065399999999999 used_total_shadow=14.865399999999998 open_buy_orders_usd=0 shadow_buy_usd=4.8 recent_buy_usd=0.0 top_tokens=['78246210666082377632623139827154050778673061043185648855349012977046369895248=5.1500', '0x86b118f33cda768c1b1e0750de16a86739855ea9c7bd7f4263683fe2b6d0605b:1=4.7250', '78280942695237665984381826147483624552959750094987001751755383401313451401568=0.0600', '45114117423978908058411784388250724650163815971233725858783887280844341990470=0.0400', '52365552199401369443408259986324629171792690921627298943075194906042228248932=0.0171']
