2026-01-26 14:12:24 INFO __main__ 日志初始化完成: /home/trader/polymarket_api/POLY_SMARTMONEY/copytrade_v2/logs/copytrade_0xf5d4..a077_20260126_141224_pid1247193.log
2026-01-26 14:12:24 INFO __main__ [STATE] per-target state: /home/trader/polymarket_api/POLY_SMARTMONEY/copytrade_v2/state.json -> /home/trader/polymarket_api/POLY_SMARTMONEY/copytrade_v2/state_f5d4_a077.json
2026-01-26 14:12:24 INFO __main__ [STATE] path=/home/trader/polymarket_api/POLY_SMARTMONEY/copytrade_v2/state_f5d4_a077.json run_start_ms=1769436744430
2026-01-26 14:12:24 INFO __main__ [CFG] target=0xf5d4c1341267162afc3749908631087db95aa077 my=0x2C23aba6C7BC73a032F9bd2A413188f33ff4599f ratio=0.05
2026-01-26 14:12:24 DEBUG rlp.codec Consider installing rusty-rlp to improve pyrlp performance with a rust basedbackend. Not currently functional for Python 3.11
2026-01-26 14:12:24 DEBUG urllib3.connectionpool Starting new HTTPS connection (1): clob.polymarket.com:443
2026-01-26 14:12:25 DEBUG urllib3.connectionpool https://clob.polymarket.com:443 "GET /auth/derive-api-key HTTP/1.1" 200 None
2026-01-26 14:12:25 DEBUG urllib3.connectionpool Starting new HTTPS connection (1): clob.polymarket.com:443
2026-01-26 14:12:25 DEBUG urllib3.connectionpool https://clob.polymarket.com:443 "GET /data/orders?next_cursor=MA== HTTP/1.1" 200 None
2026-01-26 14:12:25 DEBUG urllib3.connectionpool Starting new HTTPS connection (1): data-api.polymarket.com:443
2026-01-26 14:12:25 DEBUG urllib3.connectionpool https://data-api.polymarket.com:443 "GET /trades?user=0xf5d4c1341267162afc3749908631087db95aa077&limit=300&offset=0&takerOnly=False HTTP/1.1" 200 None
2026-01-26 14:12:26 DEBUG urllib3.connectionpool https://data-api.polymarket.com:443 "GET /trades?user=0x2C23aba6C7BC73a032F9bd2A413188f33ff4599f&limit=300&offset=0&takerOnly=False HTTP/1.1" 200 None
2026-01-26 14:12:26 DEBUG urllib3.connectionpool Starting new HTTPS connection (1): data-api.polymarket.com:443
2026-01-26 14:12:26 DEBUG urllib3.connectionpool https://data-api.polymarket.com:443 "GET /positions?user=0xf5d4c1341267162afc3749908631087db95aa077&limit=500&offset=0&sizeThreshold=0.0&_cb=1769436746 HTTP/1.1" 200 None
2026-01-26 14:12:28 DEBUG urllib3.connectionpool https://data-api.polymarket.com:443 "GET /positions?user=0xf5d4c1341267162afc3749908631087db95aa077&limit=500&offset=500&sizeThreshold=0.0&_cb=1769436746 HTTP/1.1" 200 None
2026-01-26 14:12:28 DEBUG urllib3.connectionpool https://data-api.polymarket.com:443 "GET /positions?user=0x2C23aba6C7BC73a032F9bd2A413188f33ff4599f&limit=500&offset=0&sizeThreshold=0.0&sortBy=TOKENS&sortDirection=DESC HTTP/1.1" 200 None
2026-01-26 14:12:28 DEBUG __main__ [SKIP_DEBUG] closed_by_end_date token_key=0x8fcc65466e4600cd4a40488ff7478681bb3ac4f8aef2c277a239c39509a199dc:1 token_id=25977406651864767980617606856049495209711403867228732101803264643070309333261 slug=mlb-nyy-hou-2025-09-04 end_date=2025-09-11 end_ts=1757649599 now_ts=1769436745
2026-01-26 14:12:28 DEBUG __main__ [SKIP_DEBUG] closed_by_end_date token_key=0xb60bb6b6b0a4194c7581b6a24b7b35eee8c19a1ca8d2f941c13cb2d576bf64bc:1 token_id=92274749962021470762953964864761082963343676002933991437370129448671495687564 slug=mlb-tor-cin-2025-09-03 end_date=2025-09-10 end_ts=1757563199 now_ts=1769436745
2026-01-26 14:12:28 DEBUG __main__ [SKIP_DEBUG] closed_by_end_date token_key=0xe58167e3d5996739b3106060a379b9117ac373339dad6779c71cd2f6875e7f89:1 token_id=97675432126657811614474086070929521696917285269854307718725278071514740416374 slug=mlb-sf-col-2025-09-02 end_date=2025-09-10 end_ts=1757563199 now_ts=1769436745
2026-01-26 14:12:28 DEBUG __main__ [SKIP_DEBUG] closed_by_end_date token_key=0xcafc610a67bccef8eafb008dfb55bbc8951b80895ae24358f13ed094e529c83f:1 token_id=9317520071718209249158073407252295459940595244990088230605187732066512569414 slug=mlb-sf-col-2025-09-01 end_date=2025-09-08 end_ts=1757390399 now_ts=1769436745
2026-01-26 14:12:28 DEBUG __main__ [SKIP_DEBUG] closed_by_end_date token_key=0xc55f7d8a77d11eb5abf8ce9e2a3b1371588376993b3edb611ac185fe198d9529:1 token_id=91197047533901230376248697482868033569377076412028588630375459213810017445465 slug=mlb-tor-mia-2025-08-22 end_date=2025-08-29 end_ts=1756526399 now_ts=1769436745
2026-01-26 14:12:28 DEBUG __main__ [SKIP_DEBUG] closed_by_end_date token_key=0xa4a5e0a0b70d10666f369c23557dc2545405d27b80743768b8f2de3320585957:1 token_id=81662905605228743911472968110274612091956770607898737760912520286255750770052 slug=mlb-phi-mia-2025-09-06 end_date=2025-09-13 end_ts=1757822399 now_ts=1769436745
2026-01-26 14:12:28 DEBUG __main__ [SKIP_DEBUG] closed_by_end_date token_key=0x1b014b394db307dd44a10ce4e86b8289c2eaba94e18b6012be887849d56a4161:1 token_id=89106315083698615053253728228364656869652813267784422745223196856597793590361 slug=mlb-sd-col-2025-09-06 end_date=2025-09-14 end_ts=1757908799 now_ts=1769436745
2026-01-26 14:12:28 DEBUG __main__ [SKIP_DEBUG] closed_by_end_date token_key=0x822164c2ce449913eb8e9021e209757ee8a1042e93953853708b0f50452c04ca:1 token_id=80266308100167944933744901575980640858905028288464715911437832466566886066844 slug=nba-okc-hou-2026-01-15 end_date=2026-01-16 end_ts=1768625999 now_ts=1769436745
2026-01-26 14:12:28 DEBUG __main__ [SKIP_DEBUG] closed_by_end_date token_key=0xe4aba6582d03b5d01ca63775b477ed2f82a45c5296a2a2e549c24abd5b59d903:1 token_id=86779013079664172883908811831313794318863735864737868421697280990610213707691 slug=nba-lal-nop-2026-01-06 end_date=2026-01-07 end_ts=1767848399 now_ts=1769436745
2026-01-26 14:12:28 DEBUG __main__ [SKIP_DEBUG] closed_by_end_date token_key=0xb4d3ad42615b0051af94558c42f07eed577a018e60136f6e2e38bf28a84ae678:1 token_id=8780758277332915516873922860010050458236438428274946630917180194444012522968 slug=nba-cle-ind-2026-01-06 end_date=2026-01-07 end_ts=1767848399 now_ts=1769436745
2026-01-26 14:12:28 DEBUG __main__ [SKIP_DEBUG] closed_by_end_date token_key=0x86d45d601e1cdf29a74a5b1375c2b090343680376282cb12f8feff19d1f57780:1 token_id=9824874018618872336784753699061850935038007083643429039027054908675539113641 slug=mlb-sd-col-2025-09-07 end_date=2025-09-14 end_ts=1757908799 now_ts=1769436745
2026-01-26 14:12:28 DEBUG __main__ [SKIP_DEBUG] closed_by_end_date token_key=0x1be0b385d8ed7398f68d32cc2ed34aad5bfd66de0d36c47f0b8e74936b922c3c:1 token_id=106254107720643387887364280912493626535462207298436468999839878641262628108824 slug=mlb-lad-bal-2025-09-07 end_date=2025-09-14 end_ts=1757908799 now_ts=1769436745
2026-01-26 14:12:28 DEBUG __main__ [SKIP_DEBUG] closed_by_end_date token_key=0x9fd32de54884f45fe9931e2d2bff17dacb3f2991736ce8b5d0bd39777391bf72:1 token_id=56425300527799622788160527933943015767315123540911980263902768990498889292573 slug=mlb-mil-pit-2025-09-07 end_date=2025-09-14 end_ts=1757908799 now_ts=1769436745
2026-01-26 14:12:28 DEBUG __main__ [SKIP_DEBUG] closed_by_end_date token_key=0x4bd9e42625ab82370cbfecf2f92005710f88032aa4e5efbe02a347a888f695ad:1 token_id=33013522978037415890073639773000011169686732595829071555560613590823593570654 slug=mlb-oak-wsh-2025-08-07 end_date=2025-08-14 end_ts=1755230399 now_ts=1769436745
2026-01-26 14:12:28 DEBUG __main__ [SKIP_DEBUG] closed_by_end_date token_key=0x57e119f9863593977844b3d36d2cf7b750070e55eadb0e3b20a771256a784cc0:1 token_id=78180886149059865741872191553180973966689837191395621921734418902209888052429 slug=nba-min-was-2026-01-04 end_date=2026-01-04 end_ts=1767589199 now_ts=1769436745
2026-01-26 14:12:28 DEBUG __main__ [SKIP_DEBUG] closed_by_end_date token_key=0x5c73b7f1f668f5d067716ab556a0dd7f80d769069452c9ceede79f807e3b047c:1 token_id=94726362720067395817066662332023530054543993974007322127536788327364278240529 slug=mlb-nyy-stl-2025-08-15 end_date=2025-08-23 end_ts=1756007999 now_ts=1769436745
2026-01-26 14:12:28 DEBUG __main__ [SKIP_DEBUG] closed_by_end_date token_key=0xd406872bbbd5bf44db0591e85c79051e12eb9c09b99536c3d5fa1dc5bcf95f8a:1 token_id=17352763863235072051488532845280370044250207962093930883164729842331802300209 slug=mlb-det-min-2025-08-15 end_date=2025-08-23 end_ts=1756007999 now_ts=1769436745
2026-01-26 14:12:28 DEBUG __main__ [SKIP_DEBUG] closed_by_end_date token_key=0xc1e64c54cc51e1040763e1f2ea8ecbaa27493b6b0ad9ce9540ba180f992b3051:1 token_id=38825473960402468924703008786261466529854648863103790636191929598411235303668 slug=nba-mil-sac-2026-01-04 end_date=2026-01-05 end_ts=1767675599 now_ts=1769436745
2026-01-26 14:12:28 DEBUG __main__ [SKIP_DEBUG] closed_by_end_date token_key=0x22c3d7489e76b975abb9a1a157aabafe04c719d304cdae9ce3e65bb363b4a4c3:1 token_id=30086262920990015807743897603746722348437582839537252993767735602968221058074 slug=mlb-phi-wsh-2025-08-15 end_date=2025-08-22 end_ts=1755921599 now_ts=1769436745
2026-01-26 14:12:28 DEBUG __main__ [SKIP_DEBUG] closed_by_end_date token_key=0xefeb64430eaac55db65afc864f564c41527803fe662157783513be89a2e718d1:1 token_id=89167230934646786428803600965176679238626877682287136748370438374996405738661 slug=mlb-nym-wsh-2025-08-19 end_date=2025-08-26 end_ts=1756267199 now_ts=1769436745
2026-01-26 14:12:28 DEBUG __main__ [SKIP_DEBUG] closed_by_end_date token_key=0xacb19f4b63e3a7a23fc0bc04b0d697b1c9aa7c2055ed70bc77321ed41df490be:1 token_id=102641772578785751958629818361108234945105570899142531026399238965698624890978 slug=mlb-tor-pit-2025-08-19 end_date=2025-08-26 end_ts=1756267199 now_ts=1769436745
2026-01-26 14:12:28 DEBUG __main__ [SKIP_DEBUG] closed_by_end_date token_key=0xff6e17482176dcf3624e7de8e6c01e8f2b343445e8df752b507f10ce44fb3b7a:1 token_id=30102817400351263434265143057412423608283290536627193150480706373168644374047 slug=mlb-mil-pit-2025-09-05 end_date=2025-09-12 end_ts=1757735999 now_ts=1769436745
2026-01-26 14:12:28 DEBUG __main__ [SKIP_DEBUG] closed_by_end_date token_key=0xc19efbd69a43a68a28609c4eb9b056a34eba3053847d28146df65eb2c604d2a5:1 token_id=115024353303939355168385659650229241611104501867237594464262240784345809421235 slug=mlb-nyy-bos-2025-09-13 end_date=2025-09-20 end_ts=1758427199 now_ts=1769436745
2026-01-26 14:12:28 DEBUG __main__ [SKIP_DEBUG] closed_by_end_date token_key=0x716e7fbb2a6a08f70dbb4e57e5db707487b28bece74625aaef483d92c64f764b:1 token_id=63025004991840781688002720226364761395508825373705980263558106366100013059339 slug=mlb-hou-atl-2025-09-13 end_date=2025-09-20 end_ts=1758427199 now_ts=1769436745
2026-01-26 14:12:28 DEBUG __main__ [SKIP_DEBUG] closed_by_end_date token_key=0x76ff29c71102b663433e2d32310499fde6a90da16adba0e9dde66c2d489f3724:1 token_id=99895971062643982476959197566635619845498489353830772041637215647827865171149 slug=mlb-tor-mia-2025-08-23 end_date=2025-08-30 end_ts=1756612799 now_ts=1769436745
2026-01-26 14:12:28 DEBUG __main__ [SKIP_DEBUG] closed_by_end_date token_key=0xf6eb1544a37996f5274b614abfbdb07befb8e80b35baf16b6ce6eeae49dc18c8:1 token_id=25977068057431863499129818810875625068292160013255842115785236671222504756574 slug=nhl-edm-chi-2026-01-12 end_date=2026-01-13 end_ts=1768366799 now_ts=1769436745
2026-01-26 14:12:28 DEBUG __main__ [SKIP_DEBUG] closed_by_end_date token_key=0x3607142aa6f53613bb1391725ef723e2f89a60e0b7d2e867bc674708d61846de:1 token_id=84079422967125701737664418544563897723966883354347114914000598940158253784264 slug=nba-phi-tor-2026-01-12 end_date=2026-01-13 end_ts=1768366799 now_ts=1769436745
2026-01-26 14:12:28 DEBUG __main__ [SKIP_DEBUG] closed_by_end_date token_key=0xcb6b9bf53366d3e4e689ed46207b33096c7cdbdb0be0f29495be7b01f31df128:1 token_id=91253223708185617139756411240154236979867580502613206603222417353291601238366 slug=nhl-tb-phi-2026-01-12 end_date=2026-01-13 end_ts=1768366799 now_ts=1769436745
2026-01-26 14:12:28 DEBUG __main__ [SKIP_DEBUG] closed_by_end_date token_key=0x4df5dcf303454c2087067fc4b27201a741707fb8dd768e6d96c24c7eb7adea63:1 token_id=10959026543499423288644964118424658958087664941830750678620673109111165608046 slug=nba-phx-mem-2026-01-07 end_date=2026-01-08 end_ts=1767934799 now_ts=1769436745
2026-01-26 14:12:28 DEBUG __main__ [SKIP_DEBUG] closed_by_end_date token_key=0xb2578e821f34738770c5a285e3865806a6183cdb3f657143dfe6b16f341df59c:1 token_id=99369985522483212006915499928806924126182348361844803446049324690727761509109 slug=nba-orl-bkn-2026-01-07 end_date=2026-01-08 end_ts=1767934799 now_ts=1769436745
2026-01-26 14:12:28 DEBUG __main__ [SKIP_DEBUG] closed_by_end_date token_key=0xc9e4e57b23cb94403ccda8b2bb01dd7a4f75d77005b5b672a007e258ed24b6d8:1 token_id=26698173976296534495277424440540105507762227613653078124701444091189859158858 slug=nba-tor-cha-2026-01-07 end_date=2026-01-08 end_ts=1767934799 now_ts=1769436745
2026-01-26 14:12:28 DEBUG __main__ [SKIP_DEBUG] closed_by_end_date token_key=0xadca52c2d196f1cd7255e45e80aace8a49debdc04a3d2fd102e03d2542d5e7b0:1 token_id=73197089867058556960988229092680052998459880218609911423381993792517124119925 slug=nba-bos-atl-2026-01-17 end_date=2026-01-18 end_ts=1768798799 now_ts=1769436745
2026-01-26 14:12:28 DEBUG __main__ [SKIP_DEBUG] closed_by_end_date token_key=0xfce81c7c745b1d8c98cacdae729ecb901502075205d0e1ff9c1787f7d0f7df14:1 token_id=7538950046688074482841997009721781465812381521156564802824112517527495184650 slug=nhl-edm-van-2026-01-17 end_date=2026-01-18 end_ts=1768798799 now_ts=1769436745
2026-01-26 14:12:28 DEBUG __main__ [SKIP_DEBUG] closed_by_end_date token_key=0xd06c027ec00d7dd6114fa5e5e963065e9c2ace7eda79fade99e9dd29a3d6796d:1 token_id=84773868649126125430465641255256627051004444286652181929224948879469160745568 slug=nba-nyk-por-2026-01-11 end_date=2026-01-11 end_ts=1768193999 now_ts=1769436745
2026-01-26 14:12:28 DEBUG __main__ [SKIP_DEBUG] closed_by_end_date token_key=0x94639034c1b5aec417c77ee186130e180f0fd5a38ef29953802568731f31c7b7:1 token_id=27511739384871450232411494498789540560788690767153562308126007309947816724512 slug=mlb-tb-wsh-2025-08-30 end_date=2025-09-06 end_ts=1757217599 now_ts=1769436745
2026-01-26 14:12:28 DEBUG __main__ [SKIP_DEBUG] closed_by_end_date token_key=0xafbf2b33071adb196f92955c47ff91ddcef30c2cef3bc56e56c3dd9ff1f8f5d4:1 token_id=86775655488314929865353688882492095813483742043035673675206011213424300163357 slug=mlb-tex-oak-2025-08-30 end_date=2025-09-07 end_ts=1757303999 now_ts=1769436745
2026-01-26 14:12:28 DEBUG __main__ [SKIP_DEBUG] closed_by_end_date token_key=0xf077088b79929e2eeb97871e8d71d71c04f5aef773c9ee54ec489ddc1028817e:1 token_id=9016758815979388230167817204678707489736637819206652737712798257840813480996 slug=mlb-nyy-cws-2025-08-30 end_date=2025-09-06 end_ts=1757217599 now_ts=1769436745
2026-01-26 14:12:28 DEBUG __main__ [SKIP_DEBUG] closed_by_end_date token_key=0x6903462e4c8bc3f982e53bfb88f321a73c99e046175d24cbf8ccd985f2f6073a:1 token_id=20245603743400168713463203971896706459932395700413064949236958134255998812505 slug=mlb-chc-col-2025-08-30 end_date=2025-09-07 end_ts=1757303999 now_ts=1769436745
2026-01-26 14:12:28 DEBUG __main__ [SKIP_DEBUG] closed_by_end_date token_key=0xf35b3e80df13fff8bd8e34e9daea767d8c8888ef4eba6874da19d22c456b18fa:1 token_id=32841624563366484017276266428015967067520616255188170715056739086289735536379 slug=mlb-tor-col-2025-08-05 end_date=2025-08-13 end_ts=1755143999 now_ts=1769436745
2026-01-26 14:12:28 DEBUG __main__ [SKIP_DEBUG] closed_by_end_date token_key=0x1448a98cf4c388a12c38a687455942049e9dbefa351386cd1f957a4a16334af2:1 token_id=102789271343638600956235375307152677182927370744893885655951299342575576259281 slug=nba-phx-bkn-2026-01-19 end_date=2026-01-20 end_ts=1768971599 now_ts=1769436745
2026-01-26 14:12:28 DEBUG __main__ [SKIP_DEBUG] closed_by_end_date token_key=0x96c7ea50b334fc56764f3ad7dbe0093a325e724aaf40d2c4d1f34710285277ee:1 token_id=49964025683371605631352413316538386382821862208682971364470894633979713676276 slug=nhl-nyi-van-2026-01-19 end_date=2026-01-20 end_ts=1768971599 now_ts=1769436745
2026-01-26 14:12:28 DEBUG __main__ [SKIP_DEBUG] closed_by_end_date token_key=0x1d9921b0a498d2f0f68351a35d4b5e5fd6b34f5800e2b0dc304fe82872fff15b:1 token_id=73222854146421675752746898713600437350256675719760876211589957230651142068940 slug=nba-lac-was-2026-01-19 end_date=2026-01-19 end_ts=1768885199 now_ts=1769436745
2026-01-26 14:12:28 DEBUG __main__ [SKIP_DEBUG] closed_by_end_date token_key=0x77283a70c8d14270d6b708c07c59cfe1841e3dcd666c4aa02b113f08fd27213d:1 token_id=95031037277554545070562184414629790882654924439747168545599804179505404133417 slug=nba-okc-cle-2026-01-19 end_date=2026-01-19 end_ts=1768885199 now_ts=1769436745
2026-01-26 14:12:28 DEBUG __main__ [SKIP_DEBUG] closed_by_end_date token_key=0xd4e5c5b26a9aa24e64c6ddc6dc4bf19fc545c806a21de56fc8165f74f9b4f704:1 token_id=60366131586016066990158119124530478664309217010933656418156355676124301095364 slug=nhl-min-sea-2026-01-08 end_date=2026-01-09 end_ts=1768021199 now_ts=1769436745
2026-01-26 14:12:28 DEBUG __main__ [SKIP_DEBUG] closed_by_end_date token_key=0xf29e574df87ba4368085a32cff6230175b901ccd2b3133b3f5c18d14ded228c9:1 token_id=112804884185581350015840767329675193637305294263715779109956973296990042508525 slug=mlb-bos-bal-2025-08-28 end_date=2025-09-04 end_ts=1757044799 now_ts=1769436745
2026-01-26 14:12:28 DEBUG __main__ [SKIP_DEBUG] closed_by_end_date token_key=0xb1affc9e528cdcca4d808588fc11c86fae1e689078d22386693011e4bcbe8a4c:1 token_id=15816427479067518209104485176362621826789710750991538736066130777925015279886 slug=mlb-nyy-cws-2025-08-28 end_date=2025-09-04 end_ts=1757044799 now_ts=1769436745
2026-01-26 14:12:28 DEBUG __main__ [SKIP_DEBUG] closed_by_end_date token_key=0xad3ceb1ef15a8deb37e74120b52d0398be2c0347fdda54f886aa6f43b99e003f:1 token_id=16953549284789995695795219080457913680931492955946119400534426826862733449467 slug=nhl-col-car-2026-01-03 end_date=2026-01-04 end_ts=1767589199 now_ts=1769436745
2026-01-26 14:12:28 DEBUG __main__ [SKIP_DEBUG] closed_by_end_date token_key=0xcdeaf16161b6f3fd2fe35a8c8a351e3b98c07e2508e5d22f3b3411459723ef94:1 token_id=82623475578204075175906963417417069048885416191723191988735220931425969890898 slug=nhl-tb-sj-2026-01-03 end_date=2026-01-03 end_ts=1767502799 now_ts=1769436745
2026-01-26 14:12:28 DEBUG __main__ [SKIP_DEBUG] closed_by_end_date token_key=0x26902bcc2f03bb24192350e9648c53f3dc171d58d653757b09512a2ef2c33d90:1 token_id=27501318925286334360982423383927631403311984191279392450953422021505515040667 slug=mlb-tor-col-2025-08-04 end_date=2025-08-12 end_ts=1755057599 now_ts=1769436745
2026-01-26 14:12:28 DEBUG __main__ [SKIP_DEBUG] closed_by_end_date token_key=0xec5891b2439b48b16fe6531a660a9cbc3fe4f31f639a92780f6721e252ad1699:1 token_id=70020275432347486174006275350026579769061441217811778633525110516398163820688 slug=mlb-tb-cws-2025-09-09 end_date=2025-09-16 end_ts=1758081599 now_ts=1769436745
2026-01-26 14:12:28 DEBUG __main__ [SKIP_DEBUG] closed_by_end_date token_key=0x8f6f1fca932f1eb01e9e35b105199820b18125a0de4f50e1571d8682c5117157:1 token_id=37149934101003387411066466157626390228608412789814302010065002461758452751325 slug=mlb-nym-mia-2025-09-27 end_date=2025-10-04 end_ts=1759636799 now_ts=1769436745
2026-01-26 14:12:28 DEBUG __main__ [SKIP_DEBUG] closed_by_end_date token_key=0xb43fafcd835af9527f68d335e4ad24ac39c1a198ea8e0992962f347d0b8c662f:1 token_id=82539579921917503432648064287660712368657222822085867835315695716550081291479 slug=mlb-det-cws-2025-08-11 end_date=2025-08-18 end_ts=1755575999 now_ts=1769436745
2026-01-26 14:12:28 DEBUG __main__ [SKIP_DEBUG] closed_by_end_date token_key=0xa01df8c3e64e983fa3c5efc5c39838e91ca760002b7ee857771644cac51ef860:1 token_id=78942315388085384483613907537837705396965216398131603201706742473476626282173 slug=mlb-lad-ari-2025-09-25 end_date=2025-10-02 end_ts=1759463999 now_ts=1769436745
2026-01-26 14:12:28 DEBUG __main__ [SKIP_DEBUG] closed_by_end_date token_key=0xb66e4b71c8a5a5579cec4b253f5482bb6bbafe32b564475a7119769a44dff1c7:1 token_id=30336780920366692158905174453761407607003060931373289530912440500712452181966 slug=nba-okc-mem-2026-01-09 end_date=2026-01-10 end_ts=1768107599 now_ts=1769436745
2026-01-26 14:12:28 DEBUG __main__ [SKIP_DEBUG] closed_by_end_date token_key=0x3b4df4f0983bc355a62fe40ead0f86f20e62bdc91bc0db400d88ee377b5a7f16:1 token_id=44249973620910207284201959118134259048730477062332472392630951495183717462297 slug=mlb-mil-wsh-2025-08-01 end_date=2025-08-08 end_ts=1754711999 now_ts=1769436745
2026-01-26 14:12:28 DEBUG __main__ [SKIP_DEBUG] closed_by_end_date token_key=0x0722102b758fff894d63c9d44ed47f24c99ca0486d746c82a5d06659c2e7d116:1 token_id=81039396921871273341672616254211835691150332375457153266535715381862600243459 slug=nba-lac-bkn-2026-01-09 end_date=2026-01-10 end_ts=1768107599 now_ts=1769436745
2026-01-26 14:12:28 DEBUG __main__ [SKIP_DEBUG] closed_by_end_date token_key=0xb2a3f38004a5b06953655f05de615a560e4047a03e1926eed1a368e61aa2a4a7:1 token_id=85723699614783474899037547826501129261253426927291698105581155049560375463529 slug=mlb-lad-tb-2025-08-01 end_date=2025-08-08 end_ts=1754711999 now_ts=1769436745
2026-01-26 14:12:28 DEBUG __main__ [SKIP_DEBUG] closed_by_end_date token_key=0xc912b26a0df6b8cfc1c0a54bae6f7fc2f181c9ea1095c64ed4af4fa8a4bea482:1 token_id=62949266730901111057531397219739135366153304116361699506319342566887384608036 slug=nba-mil-cha-2025-12-29 end_date=2025-12-30 end_ts=1767157199 now_ts=1769436745
2026-01-26 14:12:28 DEBUG __main__ [SKIP_DEBUG] closed_by_end_date token_key=0x0d4f2824830bc2ea6b8a9f5b47f822289e69194cd368adfb687b84709cabee56:1 token_id=7227802468808405748366439921489721495836951127344029184013927127579555059775 slug=nba-min-chi-2025-12-29 end_date=2025-12-30 end_ts=1767157199 now_ts=1769436745
2026-01-26 14:12:28 DEBUG __main__ [SKIP_DEBUG] closed_by_end_date token_key=0xccfedc6e2d2fec6ae4149067c63eb2eaf2c95f5581a78b82f530d774dc72ae6c:1 token_id=92662952857347638633465942107943389386343052419997344392927364182453600411885 slug=nba-gsw-bkn-2025-12-29 end_date=2025-12-30 end_ts=1767157199 now_ts=1769436745
2026-01-26 14:12:28 DEBUG __main__ [SKIP_DEBUG] closed_by_end_date token_key=0x916e83aae5cd39b58ffc05ba50f91f138404fe866b792437947255c910cc5529:1 token_id=37857784404402017881781410301497657149860775458272573381249246400230787534809 slug=nhl-nj-van-2026-01-23 end_date=2026-01-24 end_ts=1769317199 now_ts=1769436745
2026-01-26 14:12:28 DEBUG __main__ [SKIP_DEBUG] closed_by_end_date token_key=0x5810b974bb35ce989d2ef2b2d5daa33f859bb183e95e93d1737d89d84e88e5c2:1 token_id=33260145970952160141411335569629404447042762560284550064914206910481607539263 slug=nba-tor-por-2026-01-23 end_date=2026-01-24 end_ts=1769317199 now_ts=1769436745
2026-01-26 14:12:28 DEBUG __main__ [SKIP_DEBUG] closed_by_end_date token_key=0xa345ad4b502b334e23751cf330a4384dda8f32d15cdfefb2f6ee99a673686176:1 token_id=59395175553086311659920601055194594153124000403498962166083838348913703558491 slug=nba-bos-bkn-2026-01-23 end_date=2026-01-24 end_ts=1769317199 now_ts=1769436745
2026-01-26 14:12:28 DEBUG __main__ [SKIP_DEBUG] closed_by_end_date token_key=0x878cba25807307cb95f83e1709c0800b70b0d709bf9d7472a2fb0c64c28acabe:1 token_id=113443706541331109490817232024179801889856645865023227773039287616652041684131 slug=nhl-tb-phi-2026-01-10 end_date=2026-01-11 end_ts=1768193999 now_ts=1769436745
2026-01-26 14:12:28 DEBUG __main__ [SKIP_DEBUG] closed_by_end_date token_key=0x05d2ffddc558c2c3b5b89de64f700ee0885fdea82440a895cd79bd8cf964d1a3:1 token_id=82150370526775779694717872566348092217597526376726820524618641395190942036461 slug=nba-cha-uta-2026-01-10 end_date=2026-01-11 end_ts=1768193999 now_ts=1769436745
2026-01-26 14:12:28 DEBUG __main__ [SKIP_DEBUG] closed_by_end_date token_key=0x04e35a7d369709de8b165b414e2f537770125f73ecafbea18834478c3f969fcc:1 token_id=101308454742913212194539832903140167081709660178167655786350331003974917098950 slug=mlb-chc-col-2025-08-29 end_date=2025-09-06 end_ts=1757217599 now_ts=1769436745
2026-01-26 14:12:28 DEBUG __main__ [SKIP_DEBUG] closed_by_end_date token_key=0xb86e5095f51fa447284d91f8a32dc06f710cfb70fa954679e1249c905fd4164a:1 token_id=66298357638434300261092102435544550112728328929952090747315741262882872601858 slug=mlb-nyy-cws-2025-08-29 end_date=2025-09-05 end_ts=1757131199 now_ts=1769436745
2026-01-26 14:12:28 DEBUG __main__ [SKIP_DEBUG] closed_by_end_date token_key=0xe5d9df1055643d68bcde22c1324d113de19e53f3ff96083a486e7b0f1ab294f7:1 token_id=49151413199963087022108479815554434958241320729635969587799996561666723150448 slug=nba-lal-den-2026-01-20 end_date=2026-01-21 end_ts=1769057999 now_ts=1769436745
2026-01-26 14:12:28 DEBUG __main__ [SKIP_DEBUG] closed_by_end_date token_key=0xabe586ee42a3c2607c0e2c174e513a02cfd68312e7d6473ad2bd34594b8dd281:1 token_id=22485673559326179029009204772288932860754872730928384133351923148254352254478 slug=nba-det-nop-2026-01-21 end_date=2026-01-22 end_ts=1769144399 now_ts=1769436745
2026-01-26 14:12:28 DEBUG __main__ [SKIP_DEBUG] closed_by_end_date token_key=0x4af0e42f2e4ba9dc89718b5934da285e8f3c3c632e5fdd9e86399a1aab2a4faa:1 token_id=52429499913355481075715788836515246021713532953725678047782243718563699518059 slug=nba-okc-mil-2026-01-21 end_date=2026-01-22 end_ts=1769144399 now_ts=1769436745
2026-01-26 14:12:28 DEBUG __main__ [SKIP_DEBUG] closed_by_end_date token_key=0x435dbb7bde05ec37c4b419bbeeeae3c3353faaacb03ecf0e9515a6c477f48fb7:1 token_id=67545952483116094391668027455605711877339695654404153609743165308599006476268 slug=nba-tor-sac-2026-01-21 end_date=2026-01-22 end_ts=1769144399 now_ts=1769436745
2026-01-26 14:12:28 DEBUG __main__ [SKIP_DEBUG] closed_by_end_date token_key=0xd5de02ffc8f9b068a111d9180e673df48a27116f228bc32068f4c01102665fb6:1 token_id=13953188828071889572279734442128029386088031976781417028561688158553316261999 slug=nba-det-lal-2025-12-30 end_date=2025-12-31 end_ts=1767243599 now_ts=1769436745
2026-01-26 14:12:28 DEBUG __main__ [SKIP_DEBUG] closed_by_end_date token_key=0x6af14a17bfba27e208668080c448fe93f03ff48bec06adf2d81491e1cf0e0809:1 token_id=54561181613834528842126473174465940567549530839669188235144895089446155905269 slug=nba-bos-uta-2025-12-30 end_date=2025-12-31 end_ts=1767243599 now_ts=1769436745
2026-01-26 14:12:28 DEBUG __main__ [SKIP_DEBUG] closed_by_end_date token_key=0x2e6769eb73f1e7291ccbd0c7dfa10a9dc690eddd1090dea889575fd22ae559c1:1 token_id=58309154316444681467833824951324867394083654580162740524879880459338697730315 slug=nhl-nyi-chi-2025-12-30 end_date=2025-12-31 end_ts=1767243599 now_ts=1769436745
2026-01-26 14:12:28 DEBUG __main__ [SKIP_DEBUG] closed_by_end_date token_key=0xc3964789cb0f44950685f589ae22d11f9bc95ac602d7ff2092cf2d400b419c6e:1 token_id=101997068038580738279002070263611823486938738398878800651201691536352375932174 slug=mlb-nyy-min-2025-09-17 end_date=2025-09-24 end_ts=1758772799 now_ts=1769436745
2026-01-26 14:12:28 DEBUG __main__ [SKIP_DEBUG] closed_by_end_date token_key=0x47a22b65fe18040f54a9204ff9509e07ac52f9d421cac20e5ed3a226ca94834c:1 token_id=107171333982321022252552667660718432172977725512514123534485459491444624526247 slug=mlb-mia-col-2025-09-17 end_date=2025-09-25 end_ts=1758859199 now_ts=1769436745
2026-01-26 14:12:28 DEBUG __main__ [SKIP_DEBUG] closed_by_end_date token_key=0x0a49c588dfc4a172a853af53916c02d6f47d0028438ea962077158268cf38d9d:1 token_id=49194710727300690587379844180366087937906805376693978370074460863484870231944 slug=mlb-phi-wsh-2025-08-17 end_date=2025-08-24 end_ts=1756094399 now_ts=1769436745
2026-01-26 14:12:28 DEBUG __main__ [SKIP_DEBUG] closed_by_end_date token_key=0x29cabbf5eba55f7d7e436f87c53830d1cb671784f05d17668f771cbce19bf26d:1 token_id=58282925673900284847713473291506641914660085207308360789406429994512082773716 slug=mlb-nyy-stl-2025-08-17 end_date=2025-08-24 end_ts=1756094399 now_ts=1769436745
2026-01-26 14:12:28 DEBUG __main__ [SKIP_DEBUG] closed_by_end_date token_key=0x35b685e3db08a059498d6eef7b5c6c443371d7a22fbf4650f99ec801d515bfc7:1 token_id=64205413147223450964852670837548337999156075178526478796119300103945264021345 slug=mlb-sf-pit-2025-08-06 end_date=2025-08-13 end_ts=1755143999 now_ts=1769436745
2026-01-26 14:12:28 DEBUG __main__ [SKIP_DEBUG] closed_by_end_date token_key=0x3b5cbbc5cee37eef9ea98c9315147b33c7d0b1f2cc8501b6211edd63efda8f15:1 token_id=36000941443860632841378088750228731537883443394821203247124386413594202120107 slug=mlb-tor-col-2025-08-06 end_date=2025-08-13 end_ts=1755143999 now_ts=1769436745
2026-01-26 14:12:28 DEBUG __main__ [SKIP_DEBUG] closed_by_end_date token_key=0xe1d917d0b13d1e7099b95e963fc7880c92ad572b3f8ea443c1aa6dc585c63ad4:1 token_id=5420837297463489499880049599736409587181708223872692867357171097077434875714 slug=nba-sas-ind-2026-01-02 end_date=2026-01-03 end_ts=1767502799 now_ts=1769436745
2026-01-26 14:12:28 DEBUG __main__ [SKIP_DEBUG] closed_by_end_date token_key=0x39310dbdbc542eda4650a85fb8121fad8235485a4c46766fbf8d8551f2b23936:1 token_id=85994706949719114817652336121703387833927108046999832862664132986248006070041 slug=nba-okc-gsw-2026-01-02 end_date=2026-01-03 end_ts=1767502799 now_ts=1769436745
2026-01-26 14:12:28 DEBUG __main__ [SKIP_DEBUG] closed_by_end_date token_key=0xf0a160802585360478eecd2db99a7484927ff0872b8a94376bc3d66ce7c44cb2:1 token_id=28485636686824236549879939020382205538970746764802850791348615033461341226429 slug=mlb-phi-tex-2025-08-08 end_date=2025-08-16 end_ts=1755403199 now_ts=1769436745
2026-01-26 14:12:28 DEBUG __main__ [SKIP_DEBUG] closed_by_end_date token_key=0xcf810dd5fc4560378d5eadac29e22bd5824f11b34e02ab5f9f1ffb9b7cafbe66:1 token_id=35236387973832753929803327640215581960063313066163180861177428173820629215149 slug=nba-bos-sac-2026-01-01 end_date=2026-01-02 end_ts=1767416399 now_ts=1769436745
2026-01-26 14:12:28 DEBUG __main__ [SKIP_DEBUG] closed_by_end_date token_key=0xe71b868769998a4a1d32e31edf835e85a8c2ab6b8a1cba56290c2db3920e5c99:1 token_id=11942310028179641702235029665095703717907484661389507904712856433564401578459 slug=nba-hou-bkn-2026-01-01 end_date=2026-01-01 end_ts=1767329999 now_ts=1769436745
2026-01-26 14:12:28 DEBUG __main__ [SKIP_DEBUG] closed_by_end_date token_key=0x2f00b2ad481462c69c85566063308308080e6ef34b097dd18bbe8f87ec7d2d8e:1 token_id=60417353886734481415571642497498945961856638915534878336436183954397557886007 slug=mlb-phi-tex-2025-08-10 end_date=2025-08-17 end_ts=1755489599 now_ts=1769436745
2026-01-26 14:12:28 DEBUG __main__ [SKIP_DEBUG] closed_by_end_date token_key=0xe877153577de11aa4084cee3727afab000eb8d28d54b9af673b577ff72a2c1a5:1 token_id=67601366103800417225580811568837150308161549173826129668457933248345012365982 slug=mlb-mil-wsh-2025-08-02 end_date=2025-08-09 end_ts=1754798399 now_ts=1769436745
2026-01-26 14:12:28 DEBUG __main__ [SKIP_DEBUG] closed_by_end_date token_key=0x9a94d8fa5cb4d339aaac84ab997b8f39975084229fe68fb9888811e3281fbf09:1 token_id=45892416049036939725779397887681800162594117495888260594586541671106826189034 slug=nba-hou-lal-2025-12-25 end_date=2025-12-26 end_ts=1766811599 now_ts=1769436745
2026-01-26 14:12:28 DEBUG __main__ [SKIP_DEBUG] closed_by_end_date token_key=0xfcb1aae7f6e0e7031bf1467ea4e186c925b9d7dfabab0e5484fa4002e1301e91:1 token_id=82655037730606974427153815359943927000179951971301645371426375271243031931028 slug=mlb-tb-oak-2025-08-13 end_date=2025-08-21 end_ts=1755835199 now_ts=1769436745
2026-01-26 14:12:28 DEBUG __main__ [SKIP_DEBUG] closed_by_end_date token_key=0x09ab0eada982ae74e57a2e87c52ed3d14ea91c700c40db60a5876dcb519756bf:1 token_id=102840420078501935421705497866165883445425492073195614372968219398290829729027 slug=mlb-det-cws-2025-08-13 end_date=2025-08-20 end_ts=1755748799 now_ts=1769436745
2026-01-26 14:12:28 DEBUG __main__ [SKIP_DEBUG] closed_by_end_date token_key=0xf157f8833aeccf84673c6f0c7679b6d737f5317bf482d35693b3db09a54180c0:1 token_id=39283613599863887404395239610160563884936490411604076878028498560317683128428 slug=nba-gsw-cha-2025-12-31 end_date=2025-12-31 end_ts=1767243599 now_ts=1769436745
2026-01-26 14:12:28 DEBUG __main__ [SKIP_DEBUG] closed_by_end_date token_key=0x780f9796bb6389755383a5bd24a4c7716e1c5f09707de1e9157dc0b520a46161:1 token_id=18267771347877737251744380589055862411999072867857495548096868697469372649878 slug=nba-orl-ind-2025-12-31 end_date=2025-12-31 end_ts=1767243599 now_ts=1769436745
2026-01-26 14:12:28 DEBUG __main__ [SKIP_DEBUG] closed_by_end_date token_key=0xbb674fa47990f9721468862a8c93f97b1263985f00fa47d8d137abd5ae5a4093:1 token_id=17787613898065250665797290282021689508048873400956572158457358087748285240001 slug=nhl-tb-ana-2025-12-31 end_date=2025-12-31 end_ts=1767243599 now_ts=1769436745
2026-01-26 14:12:28 DEBUG __main__ [SKIP_DEBUG] closed_by_end_date token_key=0x53359b68f2e196b4340c6b23126ee838b2000c9206604bd86cbccd60c2888e0d:1 token_id=89308977180041318312815170262014334637333716210138900220863591045661157293276 slug=nba-det-por-2025-12-22 end_date=2025-12-23 end_ts=1766552399 now_ts=1769436745
2026-01-26 14:12:28 DEBUG __main__ [SKIP_DEBUG] closed_by_end_date token_key=0x0b032b49051b44d77626f1875c1f6a6d7be2e3c6dd1f5f1f26126a69ac275fd8:1 token_id=53972730195516625793965889863495604268823526330725333671751085808392308176455 slug=nhl-col-min-2025-12-21 end_date=2025-12-21 end_ts=1766379599 now_ts=1769436745
2026-01-26 14:12:28 DEBUG __main__ [SKIP_DEBUG] closed_by_end_date token_key=0x4c65f558aab4eeb9929e4e7cf7a9d747cffb89e93693066c85657b853d709cc7:1 token_id=86131790583293560163198994984536287293282217124652813388015264942349638236201 slug=nhl-ott-bos-2025-12-21 end_date=2025-12-22 end_ts=1766465999 now_ts=1769436745
2026-01-26 14:12:28 DEBUG __main__ [SKIP_DEBUG] closed_by_end_date token_key=0x6698f3324b7f643dfa2c9bcd2ecefa65935714b505eb5ee4ae15c139e48a3ea3:1 token_id=110690028030517780020337488198678963034976558168387054076463309401775408564995 slug=nba-lal-dal-2026-01-24 end_date=2026-01-25 end_ts=1769403599 now_ts=1769436745
2026-01-26 14:12:28 DEBUG __main__ [SKIP_DEBUG] closed_by_end_date token_key=0x188710cca5d961454b0173c03be5643b32bacb9a5cc1df7cccd5eb0958308808:1 token_id=900947867830871457327289810838080334202248825429042797211638137737971671593 slug=nba-mia-uta-2026-01-24 end_date=2026-01-25 end_ts=1769403599 now_ts=1769436745
2026-01-26 14:12:28 DEBUG __main__ [SKIP_DEBUG] closed_by_end_date token_key=0x112b62626ff4148078814e85e484869c3880f04c241c428f4497193a7140527d:1 token_id=599020489869413774511691698443259994690417350590674464625147602715629128516 slug=nhl-lak-stl-2026-01-24 end_date=2026-01-25 end_ts=1769403599 now_ts=1769436745
2026-01-26 14:12:28 DEBUG __main__ [SKIP_DEBUG] closed_by_end_date token_key=0x5dd65b5098269c80ae795dab95ca283d12e38acaa7d9e1fb52efa3aea4aafb93:1 token_id=40815633538540785363202234733241110525293611913674364309730836718326564274048 slug=mlb-phi-cws-2025-07-29 end_date=2025-08-05 end_ts=1754452799 now_ts=1769436745
2026-01-26 14:12:28 DEBUG __main__ [SKIP_DEBUG] closed_by_end_date token_key=0x735190d98bc4a0214bfbb9356b51e1271c97fd152da6e122d2ae8917bcae00dd:1 token_id=99515371612296493562301126240810260901838994368143004149858035530315548222813 slug=mlb-lad-cin-2025-07-29 end_date=2025-08-05 end_ts=1754452799 now_ts=1769436745
2026-01-26 14:12:28 DEBUG __main__ [SKIP_DEBUG] closed_by_end_date token_key=0x0a8da15627f2c9a6d86a89eee04ec3078019e6b812d4ea1d232a9aaa4426a04a:1 token_id=13193809777320965787505277427073108178611783966857263435710549518185131564685 slug=mlb-bos-bal-2025-08-27 end_date=2025-09-03 end_ts=1756958399 now_ts=1769436745
2026-01-26 14:12:28 DEBUG __main__ [SKIP_DEBUG] closed_by_end_date token_key=0x0555503296390b35358d63e270158dbe5892239bb9f4d46eae9e0ed26e7a783b:1 token_id=37016474774023751751797741303853482574666445001290957833483490935629665342058 slug=nba-det-sac-2025-12-23 end_date=2025-12-24 end_ts=1766638799 now_ts=1769436745
2026-01-26 14:12:28 DEBUG __main__ [SKIP_DEBUG] closed_by_end_date token_key=0x0d6eb111b5067b789d1d76889d0011a216220c7ec1322cdda5ffacab18633618:1 token_id=54205238316362067502921030406109239692599366055300924875726531354882382952842 slug=nba-mem-uta-2025-12-23 end_date=2025-12-24 end_ts=1766638799 now_ts=1769436745
2026-01-26 14:12:28 DEBUG __main__ [SKIP_DEBUG] closed_by_end_date token_key=0x2a5fa0a2127dd071c40d64adfbf5a3ee63592a4fea9843af82f34a5c966fa412:1 token_id=2084217026925213163893877424686641751824420647354329983366871790449404771600 slug=nba-orl-por-2025-12-23 end_date=2025-12-24 end_ts=1766638799 now_ts=1769436745
2026-01-26 14:12:28 DEBUG __main__ [SKIP_DEBUG] closed_by_end_date token_key=0x5442929071a53ca5f48e679912e7f1238cbc071568fdc9eccd9e69e78d43e305:1 token_id=74233459942641542711003432019981796848874544551148590063568278439698564504867 slug=mlb-atl-wsh-2025-09-15 end_date=2025-09-22 end_ts=1758599999 now_ts=1769436745
2026-01-26 14:12:28 DEBUG __main__ [SKIP_DEBUG] closed_by_end_date token_key=0x829d56631873e7ba29ab9e9072ae0e42cb0e382250ce0566f50667ce6fd52d0f:1 token_id=40819724725065497114076478951831316313288290672763983075537395137666858680686 slug=nba-lac-por-2025-12-26 end_date=2025-12-27 end_ts=1766897999 now_ts=1769436745
2026-01-26 14:12:28 DEBUG __main__ [SKIP_DEBUG] closed_by_end_date token_key=0x324d42bf7fef07014d2bf89daacc645cd3f6b811c8aa5573b74bab6f06c52098:1 token_id=36277104660914318379023202921310613000719124563852457256872314877544330568534 slug=nba-phx-nop-2025-12-26 end_date=2025-12-27 end_ts=1766897999 now_ts=1769436745
2026-01-26 14:12:28 DEBUG __main__ [SKIP_DEBUG] closed_by_end_date token_key=0xab257cde8b78dfbb723c3c5356e667f4d475adac090103050bcdfab236083390:1 token_id=81056004964347880216853052646540588030659894655166350192460850561201465226289 slug=nba-den-was-2026-01-22 end_date=2026-01-23 end_ts=1769230799 now_ts=1769436745
2026-01-26 14:12:28 DEBUG __main__ [SKIP_DEBUG] closed_by_end_date token_key=0xa52bb0c3cc22447bbd10f220498f9ee8266b901113d6371f1a308fec3cf77304:1 token_id=35256619541379007155696175295893825287309087848823794041303482505443065080832 slug=mlb-sea-bal-2025-08-12 end_date=2025-08-19 end_ts=1755662399 now_ts=1769436745
2026-01-26 14:12:28 DEBUG __main__ [SKIP_DEBUG] closed_by_end_date token_key=0x45d7c5318549040a77268ac575d25fca384dac212278b606572bfbbd79e38ab2:1 token_id=60708587154919634428498746568272932211574027521859688246127712503166738844372 slug=nhl-col-las-2025-12-27 end_date=2025-12-28 end_ts=1766984399 now_ts=1769436745
2026-01-26 14:12:28 DEBUG __main__ [SKIP_DEBUG] closed_by_end_date token_key=0x9fba0c5ec2e5e8c38165844c5714992a3668687014c76f85a20343547819a155:1 token_id=65571917835752178963741481719831292117212206811099532744790597068027191244137 slug=nba-nyk-atl-2025-12-27 end_date=2025-12-28 end_ts=1766984399 now_ts=1769436745
2026-01-26 14:12:28 DEBUG __main__ [SKIP_DEBUG] closed_by_end_date token_key=0x27abe0918cf73b4a7d912d7c5cc387c556f578f871e0b0d8244050867a450469:1 token_id=105640118488006335624718218286283176834146191841784071808223920606978193354237 slug=mlb-sea-oak-2025-07-28 end_date=2025-08-05 end_ts=1754452799 now_ts=1769436745
2026-01-26 14:12:28 DEBUG __main__ [SKIP_DEBUG] closed_by_end_date token_key=0xb033a26bb4d9f99f0f502115264ed350ff6fa682bfe14f2685e1500a39647c49:1 token_id=21341809754419341246363855452614705233560188682483683709664017289069252833900 slug=mlb-atl-kc-2025-07-28 end_date=2025-08-04 end_ts=1754366399 now_ts=1769436745
2026-01-26 14:12:28 DEBUG __main__ [SKIP_DEBUG] closed_by_end_date token_key=0x3c1f02f81379939fcdc97b5098e0b5b9700711fe44174c0300f3b3640c97f257:1 token_id=48633648271934189396783149711368144401612598547981886417968603870941203841133 slug=mlb-mia-col-2025-09-18 end_date=2025-09-25 end_ts=1758859199 now_ts=1769436745
2026-01-26 14:12:28 DEBUG __main__ [SKIP_DEBUG] closed_by_end_date token_key=0x8459b2d1dc2a77c8e69cdd916e996660ade8a5bd53258633c1ae6ce7747b712e:1 token_id=55225483525030651307701576324231471722722408831605659691405370026926758777674 slug=mlb-det-cle-2025-09-30 end_date=2025-10-07 end_ts=1759895999 now_ts=1769436745
2026-01-26 14:12:28 DEBUG __main__ [SKIP_DEBUG] closed_by_end_date token_key=0xf6b661015fc4a4c0ae53f600837a9d8122a36e92d1ed638ee0bb42c5e8854cea:1 token_id=101682469757392843941806589259202266078922989321139323312826869529204777754787 slug=mlb-nyy-bal-2025-09-18 end_date=2025-09-25 end_ts=1758859199 now_ts=1769436745
2026-01-26 14:12:28 DEBUG __main__ [SKIP_DEBUG] closed_by_end_date token_key=0xc41451683030a56eb556c338d921297e876b6504e2140ebf865cdda3740d52c8:1 token_id=17607924365720855615950391598505789301228933195995769008377830907198690656707 slug=nba-orl-uta-2025-12-20 end_date=2025-12-21 end_ts=1766379599 now_ts=1769436745
2026-01-26 14:12:28 DEBUG __main__ [SKIP_DEBUG] closed_by_end_date token_key=0x40bd2d3e5a6e85fd4a9dd2b4bd0f15b05a396a0bdb9b1627b123f7e9d2027bb1:1 token_id=47143731835232732492215037107311800884443014312279228738461856401563576380044 slug=mlb-kc-laa-2025-09-23 end_date=2025-10-01 end_ts=1759377599 now_ts=1769436745
2026-01-26 14:12:28 DEBUG __main__ [SKIP_DEBUG] closed_by_end_date token_key=0xb65a2f1aa8aafd45e49b54bbea99781cd69a6c8ce979c5f3c51737486e740d6d:1 token_id=109379226131970862297739802015553505424378723181874444869837116308538938880674 slug=nhl-edm-pit-2025-12-16 end_date=2025-12-17 end_ts=1766033999 now_ts=1769436745
2026-01-26 14:12:28 DEBUG __main__ [SKIP_DEBUG] closed_by_end_date token_key=0x69b20c5cc0f0b3767ff9d4dd7bf3e7005a5e49f320fca74ee5307dad5bb7b5ae:1 token_id=91546082314681549812949005902459162135349764324044783138444460209760107569665 slug=nhl-col-tor-2026-01-25 end_date=2026-01-25 end_ts=1769403599 now_ts=1769436745
2026-01-26 14:12:28 DEBUG __main__ [SKIP_DEBUG] closed_by_end_date token_key=0x148abca6ac465abd48714c0af71313d96d686731589f48938e3de69160895ce6:1 token_id=74355783801239922831622081184296075876581987575050144040400188497017359147519 slug=nhl-pit-van-2026-01-25 end_date=2026-01-25 end_ts=1769403599 now_ts=1769436745
2026-01-26 14:12:28 DEBUG __main__ [SKIP_DEBUG] closed_by_end_date token_key=0xc786a67ca6fb523fbde6ceeae2db8e08ed1953efc34187bdc36fc1244340f76a:1 token_id=108933364589075777870940251520486797095591816136220472580701600373174470258002 slug=nba-lal-phi-2025-12-07 end_date=2025-12-08 end_ts=1765256399 now_ts=1769436745
2026-01-26 14:12:28 DEBUG __main__ [SKIP_DEBUG] closed_by_end_date token_key=0x82aba3a7bb5842cd06643de028ad434f5ab9f330faa9d5eb1d9f44dce5bf9167:1 token_id=19151402986045448255085471183409428168825000013763434689110682746023995253224 slug=nhl-col-phi-2025-12-07 end_date=2025-12-07 end_ts=1765169999 now_ts=1769436745
2026-01-26 14:12:28 DEBUG __main__ [SKIP_DEBUG] closed_by_end_date token_key=0x0d88ebbea074e7a6ea9fe600187a3e82ebb797884783707bb312061e571b9b5f:1 token_id=31782361660729322547395592728402292079367241690191571618434861079202222535241 slug=nba-den-cha-2025-12-07 end_date=2025-12-07 end_ts=1765169999 now_ts=1769436745
2026-01-26 14:12:28 DEBUG __main__ [SKIP_DEBUG] closed_by_end_date token_key=0x2fd067007a20428037a1708a8de7d5c40d5969111fc0f786caf06bcd67da395d:1 token_id=68667230882200946246786602676203775813940767619357501534674730652657163666910 slug=nhl-las-nyr-2025-12-08 end_date=2025-12-08 end_ts=1765256399 now_ts=1769436745
2026-01-26 14:12:28 DEBUG __main__ [SKIP_DEBUG] closed_by_end_date token_key=0x8de0b9338045bdcb4db2e946b4e5d8299f7aaafef5cdc3fe6dbee64022d08859:1 token_id=78136386310772781328283895175630460357567922156964281920028538401683394638332 slug=nba-bos-tor-2025-12-07 end_date=2025-12-07 end_ts=1765169999 now_ts=1769436745
2026-01-26 14:12:28 DEBUG __main__ [SKIP_DEBUG] closed_by_end_date token_key=0x046df5ec9cb51381ff63bd0b8848172d54f881d436552fead995906f58e521de:1 token_id=58583521373741552776721496301726940086463050529904763301217428321144147463943 slug=nba-okc-uta-2025-12-07 end_date=2025-12-08 end_ts=1765256399 now_ts=1769436745
2026-01-26 14:12:28 DEBUG __main__ [SKIP_DEBUG] closed_by_end_date token_key=0xd60e8d759ce7c64c0b6288d6136e19414722cf00cc4fbc3f85e2ec5a40c7a92c:1 token_id=109120082185260708651376284030501851586440559710539223467597530219415747371641 slug=nba-nyk-ind-2025-12-18 end_date=2025-12-19 end_ts=1766206799 now_ts=1769436745
2026-01-26 14:12:28 DEBUG __main__ [SKIP_DEBUG] closed_by_end_date token_key=0x249c21c68d86405e81fd7aabd5e34fa4035c66c11674d7159498ad1378a63062:1 token_id=12547249546853393111561503306290774687958449344174623619817853594997598748962 slug=nba-lal-uta-2025-12-18 end_date=2025-12-19 end_ts=1766206799 now_ts=1769436745
2026-01-26 14:12:28 DEBUG __main__ [SKIP_DEBUG] closed_by_end_date token_key=0x21b8f6323ed7c16f8912e3e2917550dd933bb76a7988cbabab3f00ca5b6e0e53:1 token_id=54197129263794651292306785978144621242115487162508009418074954787918444523766 slug=nba-mia-bkn-2025-12-18 end_date=2025-12-19 end_ts=1766206799 now_ts=1769436745
2026-01-26 14:12:28 DEBUG __main__ [SKIP_DEBUG] closed_by_end_date token_key=0xd41f3a2c2858ff5b99f05e18ac21d11b2e4c5703a73cfe34591578351a0c7bd3:1 token_id=83608823696715202446160511130038608475736499430879628700455154870438832539634 slug=nhl-nyr-stl-2025-12-18 end_date=2025-12-19 end_ts=1766206799 now_ts=1769436745
2026-01-26 14:12:28 DEBUG __main__ [SKIP_DEBUG] closed_by_end_date token_key=0xb994ab0be52c5c2017613daf72a2c62ed93fc8dd8cf76a2f0ebc85dda9c3f4f5:1 token_id=45060926621843961518979907549917394912492480235381409484622501801409620975856 slug=mlb-bos-tb-2025-09-19 end_date=2025-09-26 end_ts=1758945599 now_ts=1769436745
2026-01-26 14:12:28 DEBUG __main__ [SKIP_DEBUG] closed_by_end_date token_key=0x56a828fbd2da930ce881d6f0722fd809dcb2ac5bfc1cbb117ec41f32dacb5350:1 token_id=8970629070756512530032294194638534979349055456844152773910642834213766490871 slug=nhl-car-nsh-2025-12-17 end_date=2025-12-18 end_ts=1766120399 now_ts=1769436745
2026-01-26 14:12:28 DEBUG __main__ [SKIP_DEBUG] closed_by_end_date token_key=0x138e8bf25bc392d4c3e0d8eedc2ee24b0978afda0904940353fe74b8cafa2cb0:1 token_id=46360884406388868444586519716567779362917819607048911592485202283164717929814 slug=mlb-sd-cws-2025-09-20 end_date=2025-09-27 end_ts=1759031999 now_ts=1769436745
2026-01-26 14:12:28 DEBUG __main__ [SKIP_DEBUG] closed_by_end_date token_key=0x3c1857b9409de0c455ccc955ea40f8b4449250c9d65c84e92ef2cf2120c1f92d:1 token_id=52823063136184662134204592049925177315701125620796484706213738213301686030924 slug=nba-sas-atl-2025-12-19 end_date=2025-12-20 end_ts=1766293199 now_ts=1769436745
2026-01-26 14:12:28 DEBUG __main__ [SKIP_DEBUG] closed_by_end_date token_key=0xbd7c21ee7e76571a5a2f89cf674d82c9b12edf0f44b89f5472462f24f96b1f15:1 token_id=95790527898908517928015785747093037013685342112886410573393182585497129334928 slug=mlb-laa-col-2025-09-20 end_date=2025-09-28 end_ts=1759118399 now_ts=1769436745
2026-01-26 14:12:28 DEBUG __main__ [SKIP_DEBUG] closed_by_end_date token_key=0x8b62fb7fc94ddcc28f64a36676801ffbc2728debfa79273d0751cb30c13bef2e:1 token_id=8160041972881634195493215548691455694349815892661527130382665057988491952123 slug=mlb-sea-det-2025-10-07 end_date=2025-10-14 end_ts=1760500799 now_ts=1769436745
2026-01-26 14:12:28 DEBUG __main__ [SKIP_DEBUG] closed_by_end_date token_key=0x0410f89f29b09931246b65ec4d28ccf135c497fd90783bb103a99bbd144b718d:1 token_id=11264350847847741057023282022336599081752391479919169591892159244669394779632 slug=mlb-sea-hou-2025-09-21 end_date=2025-09-28 end_ts=1759118399 now_ts=1769436745
2026-01-26 14:12:28 DEBUG __main__ [SKIP_DEBUG] closed_by_end_date token_key=0xdfb2f4235a3abf8a1229d46c432d2ca81bf277a219aa3a2d887273923bf6d621:1 token_id=17278194633600075157207774095824256004123364464291096671103241181413104562051 slug=nhl-col-nyr-2025-12-06 end_date=2025-12-06 end_ts=1765083599 now_ts=1769436745
2026-01-26 14:12:28 DEBUG __main__ [SKIP_DEBUG] closed_by_end_date token_key=0x79d30a2e022d6c164bf7c2f52bf38e6237e990e3859f2a9e4bc28da67df36738:1 token_id=97242245499083176268110641818913743733961193905249574288774348721442418982988 slug=nba-atl-was-2025-12-06 end_date=2025-12-07 end_ts=1765169999 now_ts=1769436745
2026-01-26 14:12:28 DEBUG __main__ [SKIP_DEBUG] closed_by_end_date token_key=0x68081b0ecf652db540400bc03a150c925c0c8ca5314f8b9eb0f28725f6337676:1 token_id=28667558301879418844063525707234310209774449567131360168252371075297536473076 slug=nhl-las-cbj-2025-12-14 end_date=2025-12-14 end_ts=1765774799 now_ts=1769436745
2026-01-26 14:12:28 DEBUG __main__ [SKIP_DEBUG] closed_by_end_date token_key=0x791a4abaf2c8fc00ecf7a5ca061db741631fd964703dd26ec79b980f350c74de:1 token_id=44509473174377265365878032340111924549282943577057742902427627937533688404750 slug=nhl-car-phi-2025-12-14 end_date=2025-12-14 end_ts=1765774799 now_ts=1769436745
2026-01-26 14:12:28 DEBUG __main__ [SKIP_DEBUG] closed_by_end_date token_key=0xe2606b19d9a523b737ad2c7e685a96f03555af0f005b31e52313731041e4bddf:1 token_id=29805743798053702113882506673237281373893683107304360513026745151918816576438 slug=nhl-det-chi-2025-12-14 end_date=2025-12-14 end_ts=1765774799 now_ts=1769436745
2026-01-26 14:12:28 DEBUG __main__ [SKIP_DEBUG] closed_by_end_date token_key=0x3a368392653bddfa0e3a5096a6ea499888282a8903d62cad5688be83d09044b5:1 token_id=43497070233669810356342104822340791937569015823498658411959144677029311341837 slug=mlb-chc-cws-2025-07-27 end_date=2025-08-03 end_ts=1754279999 now_ts=1769436745
2026-01-26 14:12:28 DEBUG __main__ [SKIP_DEBUG] closed_by_end_date token_key=0x21e31aec5bf75d247cc285803413066b65595f6e942a7864be881be5b2587c60:1 token_id=65154211154157464676951866111726428899849674634453552929010873344973374416525 slug=nba-chi-cha-2025-12-12 end_date=2025-12-13 end_ts=1765688399 now_ts=1769436745
2026-01-26 14:12:28 DEBUG __main__ [SKIP_DEBUG] closed_by_end_date token_key=0x2974f6b6bd58c1c2e3185a31cfaf56ce2f346863f3bf3d91957ea7bea3de8649:1 token_id=108546718292526212576283159554355309911188843013162658361026812498604918389235 slug=nhl-las-phi-2025-12-12 end_date=2025-12-12 end_ts=1765601999 now_ts=1769436745
2026-01-26 14:12:28 DEBUG __main__ [SKIP_DEBUG] closed_by_end_date token_key=0xa9e2a4e0afe064fc76aa327b394fc9730027ef4611aa2a621aae9017279d6aad:1 token_id=19542634162816333128570693498483915905507461886909777795509459396543054106160 slug=nba-den-sac-2025-12-11 end_date=2025-12-12 end_ts=1765601999 now_ts=1769436745
2026-01-26 14:12:28 DEBUG __main__ [SKIP_DEBUG] closed_by_end_date token_key=0x2469d78e18162cacf0e59e952895988fc30a95efdcbcded82b137c6fd393cd53:1 token_id=31784432420079705433593864929613851702555331771652925430076523847648348953243 slug=nba-den-atl-2025-12-05 end_date=2025-12-06 end_ts=1765083599 now_ts=1769436745
2026-01-26 14:12:28 DEBUG __main__ [SKIP_DEBUG] closed_by_end_date token_key=0x910294bddeb36e754b435958d86d422efbe28bd32b830c9b1aeab556d34602f7:1 token_id=51031618480890664310769786881069260511558017229583767263572978666710566193208 slug=mlb-nym-sf-2025-07-27 end_date=2025-08-03 end_ts=1754279999 now_ts=1769436745
2026-01-26 14:12:28 DEBUG __main__ [SKIP_DEBUG] closed_by_end_date token_key=0xa2829e54da21fad5a71c6098094f8fdb28ede6071ec51211415514dc71677fbd:1 token_id=77739265445417263990407240100946093270816164740996397812276620446663630086602 slug=mlb-mil-pit-2025-09-06 end_date=2025-09-13 end_ts=1757822399 now_ts=1769436745
2026-01-26 14:12:28 DEBUG __main__ [SKIP_DEBUG] closed_by_end_date token_key=0x93cab6a58741c2a52f3c3a89204a13be0de1e676af36bb07eb5f5f2f67c1f3c4:1 token_id=37195478729754178435390590851720961224706894952868029195144348365788598203534 slug=nba-bos-was-2025-12-04 end_date=2025-12-05 end_ts=1764997199 now_ts=1769436745
2026-01-26 14:12:28 DEBUG __main__ [SKIP_DEBUG] closed_by_end_date token_key=0xc6ccee7d98a0051e245e4becae42d18b71a23a25cedc0e850d29c7d2330abbf0:1 token_id=61175745627723441074319602835183455597949178682139343279667226365688250078917 slug=nba-uta-bkn-2025-12-04 end_date=2025-12-05 end_ts=1764997199 now_ts=1769436745
2026-01-26 14:12:28 DEBUG __main__ [SKIP_DEBUG] closed_by_end_date token_key=0xcf86a068220fc7d666b1b3e69c3be37c5cbf7512b17660ff36b46426ff04521e:1 token_id=14730935464773069704056222375402091523372897573833687386045781923765351950363 slug=nba-okc-atl-2025-10-25 end_date=2025-10-25 end_ts=1761451199 now_ts=1769436745
2026-01-26 14:12:28 DEBUG __main__ [SKIP_DEBUG] closed_by_end_date token_key=0xa4665cb732d95c9e2e98d1f93399ae0203f00c9fed650ac56ee93e7112913c6c:1 token_id=49180736769410929152520684070336964554800754442930926144613167881570849036024 slug=nhl-dal-wpg-2025-12-10 end_date=2025-12-10 end_ts=1765429199 now_ts=1769436745
2026-01-26 14:12:28 DEBUG __main__ [SKIP_DEBUG] closed_by_end_date token_key=0x755ef82493ffb871b36605f1e54dfeb0cff443cc820acb07547fc9d69ee3de29:1 token_id=52465471750776066764708550115570895586889121726895579349488964775006129922057 slug=nba-nyk-tor-2025-12-09 end_date=2025-12-10 end_ts=1765429199 now_ts=1769436745
2026-01-26 14:12:28 DEBUG __main__ [SKIP_DEBUG] closed_by_end_date token_key=0xd40c1e9c012cfb8d906ffc338c02366f0bf97afbca3e266b55021f40b7ff2d0f:1 token_id=80801035302385230095252707056979974918339061110991813591333898235779830485139 slug=nba-okc-ind-2025-10-23 end_date=2025-10-23 end_ts=1761278399 now_ts=1769436745
2026-01-26 14:12:28 DEBUG __main__ [SKIP_DEBUG] closed_by_end_date token_key=0x258a55f1d28a0f88c569b6cf11370f4f26d5199eca6d1bd411aa7877baf11bd0:1 token_id=3527775864497855533078700814506801014580831075573124993135449902948967176867 slug=nba-sas-nop-2025-12-08 end_date=2025-12-09 end_ts=1765342799 now_ts=1769436745
2026-01-26 14:12:28 DEBUG __main__ [SKIP_DEBUG] closed_by_end_date token_key=0xfe36558007596674a15545f35cc99757e0b1d9092fe9e5e6bd884fea2aaa8727:1 token_id=33308904814893220813653823409097693279965518196911903254542875907034598580105 slug=nba-den-min-2025-10-28 end_date=2025-10-28 end_ts=1761710399 now_ts=1769436745
2026-01-26 14:12:28 DEBUG __main__ [SKIP_DEBUG] closed_by_end_date token_key=0x101c713f70a3759aa25865cf27d3936b052ebaed717fb04c03f12335645069a0:1 token_id=53719297421361664500084229095315859713323695912335410856278204235628744040706 slug=nba-por-lal-2025-10-28 end_date=2025-10-28 end_ts=1761710399 now_ts=1769436745
2026-01-26 14:12:28 DEBUG __main__ [SKIP_DEBUG] closed_by_end_date token_key=0x61c3604478a723068a4189ef4b197b20eb1e524b82f24ddd584ad424f07d935a:1 token_id=75777090437503557853813993107485738066670210235310880301579637026738932245012 slug=nba-okc-dal-2025-10-28 end_date=2025-10-28 end_ts=1761710399 now_ts=1769436745
2026-01-26 14:12:28 DEBUG __main__ [SKIP_DEBUG] closed_by_end_date token_key=0x12899fadc50f47afa5f8e145380a9c6f0262d75ea12749bbbcb4f8b50f96cf6b:1 token_id=38489710206351002266036612280230748165102516187175290608628298208123746725814 slug=nba-sas-nop-2025-10-24 end_date=2025-10-25 end_ts=1761451199 now_ts=1769436745
2026-01-26 14:12:28 DEBUG __main__ [SKIP_DEBUG] closed_by_end_date token_key=0x52f962dfc3c1a9178846eb756f533760e492ba6e02e6d13eb554838d477a812f:1 token_id=6325103272892693798980683168113146429039850222424414951831660541955506145225 slug=nba-min-por-2025-10-22 end_date=2025-10-23 end_ts=1761278399 now_ts=1769436745
2026-01-26 14:12:28 DEBUG __main__ [SKIP_DEBUG] closed_by_end_date token_key=0x0e0c0580278b2821582db0db63af52e5beaf663484dc7a6af75b26a0786d6d13:1 token_id=52937475977543752843883127286935176308716945914158370965250104990488497540815 slug=nba-min-nop-2025-12-02 end_date=2025-12-03 end_ts=1764824399 now_ts=1769436745
2026-01-26 14:12:28 DEBUG __main__ [SKIP_DEBUG] closed_by_end_date token_key=0xf3816c070f570a82e6a76e2d837a42568b09b214b0a0fbeb8aebe6ab26a032e7:1 token_id=60846193595666847892081612642123089501058689681866667959518893971992665137592 slug=mlb-sf-col-2025-09-03 end_date=2025-09-11 end_ts=1757649599 now_ts=1769436745
2026-01-26 14:12:28 DEBUG __main__ [SKIP_DEBUG] closed_by_end_date token_key=0x7286f0eea1f426e9c831ea9534d74b05c30f72096aeff6aaa66b42b9a9d10364:1 token_id=101466115430440759802873778891420492713067557917725720236970740163198965558921 slug=nba-den-ind-2025-12-03 end_date=2025-12-04 end_ts=1764910799 now_ts=1769436745
2026-01-26 14:12:28 DEBUG __main__ [SKIP_DEBUG] closed_by_end_date token_key=0x74afd0b950ebf24b21b19a5b0c3b56f7c0a2fb25ae00870746ddea0ef72c252d:1 token_id=72223799038004754937043787963616120149736091335869887909069804117776720866953 slug=nhl-wsh-sj-2025-12-03 end_date=2025-12-03 end_ts=1764824399 now_ts=1769436745
2026-01-26 14:12:28 DEBUG __main__ [SKIP_DEBUG] closed_by_end_date token_key=0xc32a7c41b9162ddb0b60e65c337960b8d1b4d6c98cd1d6a813f7740967d4cc31:1 token_id=41483672229771342239982224696886020898235288457941702172740187933301003705654 slug=nba-mem-sac-2025-11-30 end_date=2025-12-01 end_ts=1764651599 now_ts=1769436745
2026-01-26 14:12:28 DEBUG __main__ [SKIP_DEBUG] closed_by_end_date token_key=0xc8f4ceaa457bacb2c35df6412f65c50596f17a1d43734d86895a4ce510b4585e:1 token_id=105805346739500992595592849942884155968780190054857892632628506313057317498606 slug=nba-cle-ind-2025-12-01 end_date=2025-12-02 end_ts=1764737999 now_ts=1769436745
2026-01-26 14:12:28 DEBUG __main__ [SKIP_DEBUG] closed_by_end_date token_key=0x7935938759ba02a61dbcdc4be66aa3bede09ad2bfce5af1f94d9e3b7a5d39bc5:1 token_id=94094669958745376071906001927644325678845485936204610763546804597945561981190 slug=nhl-car-bos-2025-11-17 end_date=2025-11-17 end_ts=1763441999 now_ts=1769436745
2026-01-26 14:12:28 DEBUG __main__ [SKIP_DEBUG] closed_by_end_date token_key=0xe7a214df989b1392e3afc5d3cc6d357c0202acb24577881b0fab7ac3ed2e4820:1 token_id=114871895557612512732253600805932497514667481917582171807520034671370362261376 slug=nba-den-phx-2025-11-29 end_date=2025-11-30 end_ts=1764565199 now_ts=1769436745
2026-01-26 14:12:28 DEBUG __main__ [SKIP_DEBUG] closed_by_end_date token_key=0xae621092ee326f5d4034034cb01432b828fe66c7555c6596aa9b5544f0db1786:1 token_id=85255642249637284873255117529908610221009224261803683080311150245380661941967 slug=nba-tor-bkn-2025-11-11 end_date=2025-11-12 end_ts=1763009999 now_ts=1769436745
2026-01-26 14:12:28 DEBUG __main__ [SKIP_DEBUG] closed_by_end_date token_key=0x81da073364856f4fcc1ff519306db77dccb1f339406c08c414dee11f45ebba28:1 token_id=27528235726609110764791086111103058726905782437773942367372696042461077385574 slug=nba-den-sac-2025-11-11 end_date=2025-11-12 end_ts=1763009999 now_ts=1769436745
2026-01-26 14:12:28 DEBUG __main__ [SKIP_DEBUG] closed_by_end_date token_key=0x050b2b7bd62fa7f667e1a5e1b293c9259cd62523d6cd53ee7d77059b1f45602c:1 token_id=103786175708293200446909119172774311896123956536327608584423975751780191178534 slug=nba-tor-ind-2025-11-15 end_date=2025-11-16 end_ts=1763355599 now_ts=1769436745
2026-01-26 14:12:28 DEBUG __main__ [SKIP_DEBUG] closed_by_end_date token_key=0x125b2e163595310db2874455ab1bb801c7f404c569d4e064f2cc911feeb79d1b:1 token_id=106186684552356443831724556949646903265341493754577939816261308643914589237631 slug=nhl-las-stl-2025-11-15 end_date=2025-11-15 end_ts=1763269199 now_ts=1769436745
2026-01-26 14:12:28 DEBUG __main__ [SKIP_DEBUG] closed_by_end_date token_key=0xe36cf5049a44bad42b67f7496b6b8994f5ea7041c7ff3e286ae754f48cb7c1b6:1 token_id=100816611017847571166918066857859686236687176615306704215212059516244589725336 slug=nba-nyk-dal-2025-11-19 end_date=2025-11-20 end_ts=1763701199 now_ts=1769436745
2026-01-26 14:12:28 DEBUG __main__ [SKIP_DEBUG] closed_by_end_date token_key=0x7cd040c8931518bab4b99ae296e1c0f336c374e3153f52fd53c727be0b2e264d:1 token_id=51794589785070506617713861461984448174989757502260409308319586745373900690131 slug=nba-chi-por-2025-11-19 end_date=2025-11-20 end_ts=1763701199 now_ts=1769436745
2026-01-26 14:12:28 DEBUG __main__ [SKIP_DEBUG] closed_by_end_date token_key=0xb29090e9272c9ef55d5374f21d05c3cc7eb738496527ef00004308e5fe236407:1 token_id=103020406010654822386660609571365502147517985108175206908511817058746620024043 slug=nba-mem-phx-2025-10-30 end_date=2025-10-30 end_ts=1761883199 now_ts=1769436745
2026-01-26 14:12:28 DEBUG __main__ [SKIP_DEBUG] closed_by_end_date token_key=0xdf8a9c0df3fe74efea57f0cdabd9e0e95102e0c90b1fcd5775b884534667a379:1 token_id=108673833278630046492782788244456422560332627057389184811168829067974253888259 slug=nba-den-lac-2025-11-12 end_date=2025-11-13 end_ts=1763096399 now_ts=1769436745
2026-01-26 14:12:28 DEBUG __main__ [SKIP_DEBUG] closed_by_end_date token_key=0x1fa0a429c2183b5423564b1c6294214ba01be7ffd6344d2fd3500f0e98e58481:1 token_id=24799498436399710927370251738016497398630943181903364568370678464996977282519 slug=nba-atl-sac-2025-11-12 end_date=2025-11-13 end_ts=1763096399 now_ts=1769436745
2026-01-26 14:12:28 DEBUG __main__ [SKIP_DEBUG] closed_by_end_date token_key=0xc7b22fe5f4490aad06f633cabdfcbea275459e47b533c2a3b6f718f7824c2015:1 token_id=84129920814558478737985719691978414518329507256271537279769164827510248793781 slug=nba-por-uta-2025-10-30 end_date=2025-10-30 end_ts=1761883199 now_ts=1769436745
2026-01-26 14:12:28 DEBUG __main__ [SKIP_DEBUG] closed_by_end_date token_key=0xef039af8642def43a83acf9926c9351fe054ee98467ec0af8dbe478b91e4ecf6:1 token_id=101425294180655745471375430352443744635971130362078777156066730363724448087210 slug=nba-atl-bkn-2025-10-29 end_date=2025-10-29 end_ts=1761796799 now_ts=1769436745
2026-01-26 14:12:28 DEBUG __main__ [SKIP_DEBUG] closed_by_end_date token_key=0x36693a2b4b5a0b403eb4c79bf2acf9f72b16f876a2d325d9b321dfb75999af4b:1 token_id=15469266706186257082753018098251692362582142485389000339425296999388132325611 slug=mlb-cin-wsh-2025-07-23 end_date=2025-07-30 end_ts=1753934399 now_ts=1769436745
2026-01-26 14:12:28 DEBUG __main__ [SKIP_DEBUG] closed_by_end_date token_key=0xbd3d618de90c42961674715677a4be4dc270abd6a96ab63a5e4ba7bbc43204c6:1 token_id=98681562392969616485314813938589120367832629577854836605728233871293708028702 slug=nba-lal-nop-2025-11-14 end_date=2025-11-15 end_ts=1763269199 now_ts=1769436745
2026-01-26 14:12:28 DEBUG __main__ [SKIP_DEBUG] closed_by_end_date token_key=0x3f0d333df5f5cc29eebc04a0da5ce9b9002c9645b635edad03576003c648f411:1 token_id=24725319311879496807345499867845429845056314810585191433698936494880701979094 slug=nba-lac-dal-2025-11-14 end_date=2025-11-15 end_ts=1763269199 now_ts=1769436745
2026-01-26 14:12:28 DEBUG __main__ [SKIP_DEBUG] closed_by_end_date token_key=0x7dfcb55ffa1fef6bf4d26eabe674f10143e4ba6c762745704c31a7f0f3fae596:1 token_id=65551738458741677983931261514683106376504001053468665161941480844026583357665 slug=nhl-ott-ana-2025-11-20 end_date=2025-11-20 end_ts=1763701199 now_ts=1769436745
2026-01-26 14:12:28 DEBUG __main__ [SKIP_DEBUG] closed_by_end_date token_key=0x9f8bb8a6ac949c249597632de0ab6e12b42f6e78be63f3f6e1a113a146354c31:1 token_id=85793088672467335428845884480911156912393277198626930509394748938898727522709 slug=nba-phi-mil-2025-11-20 end_date=2025-11-21 end_ts=1763787599 now_ts=1769436745
2026-01-26 14:12:28 DEBUG __main__ [SKIP_DEBUG] closed_by_end_date token_key=0x55aef230faf5eae10e203514cbda2439fa10c48e247d89de8d687db6dac5130b:1 token_id=105195273800805741302360656781906689814267611070744981889377039652248092220829 slug=nba-gsw-lal-2025-10-21 end_date=2025-10-22 end_ts=1761191999 now_ts=1769436745
2026-01-26 14:12:28 DEBUG __main__ [SKIP_DEBUG] closed_by_end_date token_key=0x61bfd6379481a60b5b6c3dfec7b2a94b486e680c9f60a05cc53007d77988d2c0:1 token_id=77108643033920280556257363686437990064465884637674485013095487695412852329254 slug=nhl-nyr-bos-2025-11-28 end_date=2025-11-28 end_ts=1764392399 now_ts=1769436745
2026-01-26 14:12:28 DEBUG __main__ [SKIP_DEBUG] closed_by_end_date token_key=0x1c109546defd49b46ddcff332c934d43d488fafa263d3a9753c119c4776c3ab7:1 token_id=16877368116848081073126797958232726144375430583370614768631993408060319756898 slug=nba-atl-nop-2025-11-22 end_date=2025-11-23 end_ts=1763960399 now_ts=1769436745
2026-01-26 14:12:28 DEBUG __main__ [SKIP_DEBUG] closed_by_end_date token_key=0x955670282e570980c9f380e5968fd07c7e425a461095451fdcc3adcc8afa236a:1 token_id=33267677499872019653010941912472260068992120719086259448494819799477078420262 slug=nba-atl-uta-2025-11-13 end_date=2025-11-14 end_ts=1763182799 now_ts=1769436745
2026-01-26 14:12:28 DEBUG __main__ [SKIP_DEBUG] closed_by_end_date token_key=0x631bd621d63eddb7044e05f76c494a5739fe4346d1f059bc585b5f26819b554c:1 token_id=89073853274295104038182810946800644116328667672793801957858183198900600574552 slug=nba-det-mil-2025-11-22 end_date=2025-11-23 end_ts=1763960399 now_ts=1769436745
2026-01-26 14:12:28 DEBUG __main__ [SKIP_DEBUG] closed_by_end_date token_key=0x5570d8ee7ba9a373d230b82f85462aedef69a69723264b54eba6e08afcb97b3f:1 token_id=55301253255720247185553910140282068225270715012360240173934780741414317161698 slug=nhl-col-nsh-2025-11-22 end_date=2025-11-22 end_ts=1763873999 now_ts=1769436745
2026-01-26 14:12:28 DEBUG __main__ [SKIP_DEBUG] closed_by_end_date token_key=0xc420d7b4b1db682539bc5541aa29757c1eb2decb19b7b8f29988263da03a1f49:1 token_id=88079670153808584475679402482444722699425890157232551434830174341899517746481 slug=nhl-ott-sj-2025-11-22 end_date=2025-11-22 end_ts=1763873999 now_ts=1769436745
2026-01-26 14:12:28 DEBUG __main__ [SKIP_DEBUG] closed_by_end_date token_key=0x7ba860c525ad2f7bae3493609ea704e643b8f102d8fd509e26c3d938d2f88d9b:1 token_id=34855785662998909645951226348982804880303526134403023337701672273131381139174 slug=mlb-mil-atl-2025-08-04 end_date=2025-08-11 end_ts=1754971199 now_ts=1769436745
2026-01-26 14:12:28 DEBUG __main__ [SKIP_DEBUG] closed_by_end_date token_key=0xbab973f427549e8ccdb387120b5e59c21d4b9df232f1a57628b30cd6df76e44c:1 token_id=45344440610424578866378288545957271233447743567808756595287812363883936708528 slug=mlb-stl-col-2025-07-21 end_date=2025-07-29 end_ts=1753847999 now_ts=1769436745
2026-01-26 14:12:28 DEBUG __main__ [SKIP_DEBUG] closed_by_end_date token_key=0x86c9d24297beb3d5c16c7c782b887b84839230746a5e8166bf0bf0234f81e51d:1 token_id=47206683300292439238499826904766540188649429477325515741877398716243522089526 slug=nba-det-bkn-2025-11-08 end_date=2025-11-08 end_ts=1762664399 now_ts=1769436745
2026-01-26 14:12:28 DEBUG __main__ [SKIP_DEBUG] closed_by_end_date token_key=0xb775bfaceb3f0648819c39a2463379a6c7848a1bde317825f773404222cab195:1 token_id=63942412324321457676780903546860736321481365714008788938896892592575270094079 slug=nhl-col-chi-2025-11-23 end_date=2025-11-23 end_ts=1763960399 now_ts=1769436745
2026-01-26 14:12:28 DEBUG __main__ [SKIP_DEBUG] closed_by_end_date token_key=0x5f7126cc7c8caa63e5a03ab307ca4f354a298d0fcf7ed34991ea8e05d1ac3743:1 token_id=106633948000460042657115809992142720197423942835262889594793982830697350388338 slug=nba-lal-uta-2025-11-23 end_date=2025-11-24 end_ts=1764046799 now_ts=1769436745
2026-01-26 14:12:28 DEBUG __main__ [SKIP_DEBUG] closed_by_end_date token_key=0xaac04695827c91ceee9cc5042fd747068a3352754003b39195d8d13e59babbd5:1 token_id=102473864824121433034949155833147071864060403887788021904875849243330333976824 slug=nba-det-ind-2025-11-24 end_date=2025-11-25 end_ts=1764133199 now_ts=1769436745
2026-01-26 14:12:28 DEBUG __main__ [SKIP_DEBUG] closed_by_end_date token_key=0x4c1b6c85ba5b824a3e623981806fa59777ee436b3bba5cd9ae608bf375fb632a:1 token_id=82675649838501749163107329542834274630131433058281591378089296483042163167684 slug=nba-hou-phx-2025-11-24 end_date=2025-11-25 end_ts=1764133199 now_ts=1769436745
2026-01-26 14:12:28 DEBUG __main__ [SKIP_DEBUG] closed_by_end_date token_key=0x6f43350263e24a4b25151e602ea818c7cfda15bc2afe5bf72a59d139f8f27ce5:1 token_id=20210742525699286058351923423696051524181005600018827549548477077170566341592 slug=nba-den-mem-2025-11-24 end_date=2025-11-25 end_ts=1764133199 now_ts=1769436745
2026-01-26 14:12:28 DEBUG __main__ [SKIP_DEBUG] closed_by_end_date token_key=0xaa3769f8838df9a56769a82d22d3ac9b9479d192ca14f75fc4ab096fcdd1c274:1 token_id=23604500552772693033813298030197076378177821180527473576316492464222456885811 slug=nhl-fla-nsh-2025-11-24 end_date=2025-11-24 end_ts=1764046799 now_ts=1769436745
2026-01-26 14:12:28 DEBUG __main__ [SKIP_DEBUG] closed_by_end_date token_key=0x0e194ff1505c1d6bf255ce8f061df7f2398f25f9e04ebcd5e4ea59eecadabc32:1 token_id=58938369552874204267594037760470509130297461554245906417327770177713698028194 slug=nba-hou-mil-2025-11-09 end_date=2025-11-09 end_ts=1762750799 now_ts=1769436745
2026-01-26 14:12:28 DEBUG __main__ [SKIP_DEBUG] closed_by_end_date token_key=0xe93c79708256b1f78d82277d2b8778a5a3fd998833083fedb6c8a7baf20b3720:1 token_id=85374654564571011618622090925906683013951311580939997127429619977793879570031 slug=nba-det-phi-2025-11-09 end_date=2025-11-10 end_ts=1762837199 now_ts=1769436745
2026-01-26 14:12:28 DEBUG __main__ [SKIP_DEBUG] closed_by_end_date token_key=0x1b4ae0a526adc375d495d8fce0aca4cc1da3088fdcbd54345424535a15ce1abb:1 token_id=41514409204811681957297914647439181721960830322421349815421512981934146077920 slug=mlb-det-tex-2025-07-20 end_date=2025-07-27 end_ts=1753675199 now_ts=1769436745
2026-01-26 14:12:28 DEBUG __main__ [SKIP_DEBUG] closed_by_end_date token_key=0x50a77f21bd0bfbcbcb29c94322cc81b1071e0bd519dd66636dc08ab04df103d2:1 token_id=25511715433319323115007156606271691382230188557607145822146632908568437346600 slug=mlb-bos-chc-2025-07-20 end_date=2025-07-27 end_ts=1753675199 now_ts=1769436745
2026-01-26 14:12:28 DEBUG __main__ [SKIP_DEBUG] closed_by_end_date token_key=0x66c38501668ffb6540451bb27d178ce909a2b41d540d53a8ed4866a356f38604:1 token_id=92150075071270827827251467746554569960191671064043536099451656967913975051695 slug=nhl-tb-nj-2025-12-12 end_date=2025-12-12 end_ts=1765601999 now_ts=1769436745
2026-01-26 14:12:28 DEBUG __main__ [SKIP_DEBUG] closed_by_end_date token_key=0xdca56969ed806810c5dfc33e13c4c20f5096e6a96a8fe9375b136501146a8a6b:1 token_id=100011868529525780496605099492333710092353889172528716436522673257255377293007 slug=mlb-mil-cin-2025-08-15 end_date=2025-08-22 end_ts=1755921599 now_ts=1769436745
2026-01-26 14:12:28 DEBUG __main__ [SKIP_DEBUG] closed_by_end_date token_key=0xf4a3fa28b55b9932b858cc1f0ca39077f1f66ca5e10e7268c8686b8c2f0befd6:1 token_id=24862496164956197086672449472250325422413110789773031851899136860728398981519 slug=nba-min-cha-2025-11-01 end_date=2025-11-01 end_ts=1762055999 now_ts=1769436745
2026-01-26 14:12:28 DEBUG __main__ [SKIP_DEBUG] closed_by_end_date token_key=0xe66f91322820bba90ca87aef3685758fbf41d7ba8b804f41c56b501aa8d957e9:1 token_id=52661814761051329790095383320919610985498119765370107508728429570307467529112 slug=nba-orl-was-2025-11-02 end_date=2025-11-02 end_ts=1762145999 now_ts=1769436745
2026-01-26 14:12:28 DEBUG __main__ [SKIP_DEBUG] closed_by_end_date token_key=0x52950fce7fe836b77b7368667d4f98cf8c22eb75f30f0e3b40e93e57a736385f:1 token_id=109442754827692862802405369397342294322135969649351839702817139399828434027094 slug=nba-hou-bos-2025-11-02 end_date=2025-11-02 end_ts=1762145999 now_ts=1769436745
2026-01-26 14:12:28 DEBUG __main__ [SKIP_DEBUG] closed_by_end_date token_key=0xdaabc6970b0c19844e4babc0e71a3994877fad201eba43847d82a242eaae92c7:1 token_id=54618100176931052568906150891018719446751988696551985170919167316756406267072 slug=nba-okc-lac-2025-11-05 end_date=2025-11-05 end_ts=1762405199 now_ts=1769436745
2026-01-26 14:12:28 DEBUG __main__ [SKIP_DEBUG] closed_by_end_date token_key=0x5853fb179b80e298879fe46d0b5e9cbce2ba30a55e39d88155328f17fa5ffd04:1 token_id=100524438334826283273811466004409901391664768353780357503582328499404579854131 slug=nba-hou-mem-2025-11-06 end_date=2025-11-06 end_ts=1762491599 now_ts=1769436745
2026-01-26 14:12:28 DEBUG __main__ [SKIP_DEBUG] closed_by_end_date token_key=0x93602d67b8dd1a7f2f7803f773a5f10e87f40c63d496e5b5663c770f93457387:1 token_id=100276853335496619169775183313919424729319736693839513465358568973973525645462 slug=nba-mil-dal-2025-11-11 end_date=2025-11-11 end_ts=1762923599 now_ts=1769436745
2026-01-26 14:12:28 DEBUG __main__ [SKIP_DEBUG] closed_by_end_date token_key=0x2168b5c04b842959e83cfdda7df7998e830c183f453cefa083040a67a5316eab:1 token_id=101624508648074932956690923561022956359819884806824885217097375517767218146528 slug=nba-min-uta-2025-11-11 end_date=2025-11-11 end_ts=1762923599 now_ts=1769436745
2026-01-26 14:12:28 DEBUG __main__ [SKIP_DEBUG] closed_by_end_date token_key=0x319a2f28b0de6794f3f951b7f4604d63caaeefe91a01659305189c3bc40a61be:1 token_id=59222453713348003115668416306693643635474426618499610407411299707793730966954 slug=nba-lal-cha-2025-11-11 end_date=2025-11-11 end_ts=1762923599 now_ts=1769436745
2026-01-26 14:12:28 DEBUG __main__ [SKIP_DEBUG] closed_by_end_date token_key=0x96d6f70bd65e8ef5d009958d68ae412853487ab398d25bbebe44e12d07440ef2:1 token_id=70005405883220322001840280469476166897090776141340125801800173736395868031176 slug=nba-phx-sac-2025-11-26 end_date=2025-11-27 end_ts=1764305999 now_ts=1769436745
2026-01-26 14:12:28 DEBUG __main__ [SKIP_DEBUG] closed_by_end_date token_key=0x42b616c90a02e4e01bfed0aa673a1320f966e3381bef135101d21c350b847dfc:1 token_id=82750499935898534777285233703067071414034865235839356616574948796672081652677 slug=nba-nyk-cha-2025-11-26 end_date=2025-11-27 end_ts=1764305999 now_ts=1769436745
2026-01-26 14:12:28 DEBUG __main__ [SKIP_DEBUG] closed_by_end_date token_key=0x127434070b4800a00a7aa06e1b97e0a3e5c8a14ef9386c46c4cbf23bb7664bf0:1 token_id=85746688868290450040230932766202407089641918105921960733382789748152583308565 slug=nba-sas-chi-2025-11-11 end_date=2025-11-11 end_ts=1762923599 now_ts=1769436745
2026-01-26 14:12:28 DEBUG __main__ [SKIP_DEBUG] closed_by_end_date token_key=0xbe6760894fdee8f71fecdd3ac6aa54eb75e49e5befff3d171408f392aa723bf0:1 token_id=10903061921083958464335554432785703077072806691695938199772175167285146772073 slug=nba-dal-was-2025-11-09 end_date=2025-11-09 end_ts=1762750799 now_ts=1769436745
2026-01-26 14:12:28 DEBUG __main__ [SKIP_DEBUG] closed_by_end_date token_key=0x48c8e0f8bdc3f3d0b277418a88e25538f9f7bf61aad6bd098d7821888a711e27:1 token_id=110286614601172835271033879642197262178091122202394973226712306971213349562479 slug=nba-det-mem-2025-11-04 end_date=2025-11-04 end_ts=1762318799 now_ts=1769436745
2026-01-26 14:12:28 DEBUG __main__ [SKIP_DEBUG] closed_by_end_date token_key=0xcc828574758ef29c5db61a92685719404174fe0c8d616932d70fbdd4213f03c8:1 token_id=86447998305847452263915979098845758367425666048095665351963868959380459577467 slug=nba-min-bkn-2025-11-04 end_date=2025-11-04 end_ts=1762318799 now_ts=1769436745
2026-01-26 14:12:28 DEBUG __main__ [SKIP_DEBUG] closed_by_end_date token_key=0xd50ceea48bf35887b52e07ac4a3aacd237d62e23bfea8572e2446cf4f33100a2:1 token_id=8664377103677583574031596645766062818655796537898141489000858682512868822019 slug=nba-orl-phi-2025-11-25 end_date=2025-11-26 end_ts=1764219599 now_ts=1769436745
2026-01-26 14:12:28 DEBUG __main__ [SKIP_DEBUG] closed_by_end_date token_key=0x1f8be996c2f51369cb6c4d0cce06da4d1141da52847178e6fa5aedd60eb56fca:1 token_id=57763190901935136126067728979844727725278661107001700855104216023779530297301 slug=nba-orl-cha-2025-10-30 end_date=2025-10-30 end_ts=1761883199 now_ts=1769436745
2026-01-26 14:12:28 DEBUG __main__ [SKIP_DEBUG] closed_by_end_date token_key=0x2f126442cf0ac25244fa3cc836ade5814eb11b65f3de71e86d3d1c81094ec11c:1 token_id=20230864326959468428587854668829365944990913130653500833548380370362400016968 slug=mlb-sf-pit-2025-08-05 end_date=2025-08-12 end_ts=1755057599 now_ts=1769436745
2026-01-26 14:12:28 DEBUG __main__ [SKIP_DEBUG] closed_by_end_date token_key=0xaaf4c5c5b786a167b762d1cf8d7fca1c78070a3b6bc62374bc46ebc20863d44b:1 token_id=48452085268651801628193027577518318883417876709371180373736346922067664653417 slug=mlb-chc-laa-2025-08-24 end_date=2025-08-31 end_ts=1756699199 now_ts=1769436745
2026-01-26 14:12:28 DEBUG __main__ [SKIP_DEBUG] closed_by_end_date token_key=0x0dd1c1e9822bb2e8e93ad94d67cdac36fb524a84e0daa1aefad62514d23d520b:1 token_id=78081577289374778371012475352690856121126927710443025749584716045727641262995 slug=mlb-bos-oak-2025-09-08 end_date=2025-09-16 end_ts=1758081599 now_ts=1769436745
2026-01-26 14:12:28 DEBUG __main__ [SKIP_DEBUG] closed_by_end_date token_key=0x671675301367019853ee970e009809609d4e06cd3f5e2b0fa768d432db52dd83:1 token_id=39507328485194123843529892671465770815059401539215839857614157716433025011013 slug=mlb-sd-wsh-2025-07-18 end_date=2025-07-25 end_ts=1753502399 now_ts=1769436745
2026-01-26 14:12:28 DEBUG __main__ [SKIP_DEBUG] closed_by_end_date token_key=0x76f3c9c1d1b848c82f2efa6ce74c6c45d8e774b775b77c60415ee3d76e29c261:1 token_id=80673863022396064758101672203081809406762542378269070230936381206934588203594 slug=mlb-pit-col-2025-08-03 end_date=2025-08-10 end_ts=1754884799 now_ts=1769436745
2026-01-26 14:12:28 DEBUG __main__ [SKIP_DEBUG] closed_by_end_date token_key=0xe47c8f4b477b8ba31ba33c63e57f51306ec3cafe3816b05730e0a77121fe4aa2:1 token_id=115296316217736109965279050537219746593925537184762802262206994696088175813401 slug=btc-updown-15m-1768591800 end_date=2026-01-16 end_ts=1768625999 now_ts=1769436745
2026-01-26 14:12:28 DEBUG __main__ [SKIP_DEBUG] closed_by_end_date token_key=0x4c656e958bebaf736384cedee0c01e8af591cd50029dc6084fa9c66a6dcafd39:1 token_id=12945579381830182134956928627272822395896584088568169081534021684434843363326 slug=btc-updown-15m-1768571100 end_date=2026-01-16 end_ts=1768625999 now_ts=1769436745
2026-01-26 14:12:28 DEBUG __main__ [SKIP_DEBUG] closed_by_end_date token_key=0xeda1ebc07920b65b39c217e80f25ffaea94aa2aabc3dc432ad5af38031475936:1 token_id=17833428675428911915215760753230299516280904819838401772710532149931716969382 slug=btc-updown-15m-1768634100 end_date=2026-01-17 end_ts=1768712399 now_ts=1769436745
2026-01-26 14:12:28 DEBUG __main__ [SKIP_DEBUG] closed_by_end_date token_key=0xd4c3408b8c6d57fc85f8561822a4b327bfc08bbf11e9cd5c2f7f4ee418ac8436:1 token_id=32665364395226503845834957084339724078182061630614335632729341955632086051641 slug=btc-updown-15m-1768565700 end_date=2026-01-16 end_ts=1768625999 now_ts=1769436745
2026-01-26 14:12:28 DEBUG __main__ [SKIP_DEBUG] closed_by_end_date token_key=0x62664926ad9229c2f85838968b39a4a34ee66ac026e6d086e8e03ddf38c4079f:1 token_id=35599209878186079352651710826704096659134139242823403153868309375654279976341 slug=btc-updown-15m-1768584600 end_date=2026-01-16 end_ts=1768625999 now_ts=1769436745
2026-01-26 14:12:28 DEBUG __main__ [SKIP_DEBUG] closed_by_end_date token_key=0x1d439a9304085ddf1587581481dcf52e3421f6ec0d5fb76edd6d815f268a5916:1 token_id=51323199324586230731007170952431992034791283173352231208583347570073734515320 slug=btc-updown-15m-1768626900 end_date=2026-01-17 end_ts=1768712399 now_ts=1769436745
2026-01-26 14:12:28 DEBUG __main__ [SKIP_DEBUG] closed_by_end_date token_key=0xcc36c80c3a5d503fe499de7f17dfd29394df58d9081f34ca812e8a7bdbe7ffc5:1 token_id=5443216319422939293353535206448026179222400359948842233289908103977493445470 slug=btc-updown-15m-1768619700 end_date=2026-01-17 end_ts=1768712399 now_ts=1769436745
2026-01-26 14:12:28 DEBUG __main__ [SKIP_DEBUG] closed_by_end_date token_key=0x8f0e8f0a1ef65569df2d54f5de3d2855c06a3f45631e9bd07eee16432148d640:1 token_id=62530593183033289352966798914537440309023956783165934482532673554619407468737 slug=btc-updown-15m-1768607100 end_date=2026-01-17 end_ts=1768712399 now_ts=1769436745
2026-01-26 14:12:28 DEBUG __main__ [SKIP_DEBUG] closed_by_end_date token_key=0x96e2bcc522cef7d54e03ef1e47294622f654fbefe19d89adc5bf8bda148ea6f7:1 token_id=6496567916493266166986337984470863149217778356225317864642552807174312253406 slug=btc-updown-15m-1768594500 end_date=2026-01-16 end_ts=1768625999 now_ts=1769436745
2026-01-26 14:12:28 DEBUG __main__ [SKIP_DEBUG] closed_by_end_date token_key=0x8f1f9b96e334fb958654609897ed48d395f50a131ce1da26ce052993b4f9bea4:1 token_id=74694739175449555866560931034891124937757660462442769145780468793223517691612 slug=btc-updown-15m-1768564800 end_date=2026-01-16 end_ts=1768625999 now_ts=1769436745
2026-01-26 14:12:28 DEBUG __main__ [SKIP_DEBUG] closed_by_end_date token_key=0xb2b4ba33eb946321781ab13912ba1f9a8d34a00f6ea2457127d10234c5772f6f:1 token_id=8610003154906798261907791595811127601584600702345908930093995214602869694004 slug=btc-updown-15m-1768563900 end_date=2026-01-16 end_ts=1768625999 now_ts=1769436745
2026-01-26 14:12:28 DEBUG __main__ [SKIP_DEBUG] closed_by_end_date token_key=0x88fc271272a414b83402e7bc1e276f32efeb0be5d0186cc4edc129ad957158a9:1 token_id=93262030536955584855856767632879131751766184370238312372560624777506544930047 slug=btc-updown-15m-1768631400 end_date=2026-01-17 end_ts=1768712399 now_ts=1769436745
2026-01-26 14:12:28 DEBUG __main__ [SKIP_DEBUG] closed_by_end_date token_key=0x1f2ea55dd3eddeae1abf6dbe5046ec73110b316dcea6710f302e8e3f95dc6f27:1 token_id=60656643905338436565152094057519187027221206372995577835476469508730764926973 slug=btc-updown-15m-1768579200 end_date=2026-01-16 end_ts=1768625999 now_ts=1769436745
2026-01-26 14:12:28 DEBUG __main__ [SKIP_DEBUG] closed_by_end_date token_key=0xa2e8c4fac0abc7c1ffdc34006a3ba6332705c8ddc3160f3c9f79d69b630d0adf:1 token_id=6792820432069179208911680068431795871331289540316529175328281594351491670630 slug=nba-hou-tor-2025-10-29 end_date=2025-10-29 end_ts=1761796799 now_ts=1769436745
2026-01-26 14:12:28 DEBUG __main__ [SKIP_DEBUG] closed_by_end_date token_key=0xdc734814f6b2b5a0d7fc37bed77f458530f59166c9691c44ca06438790fd1cf2:1 token_id=69791637793504025771243483262052339258352357338119719387272213495772619924136 slug=mlb-hou-laa-2025-09-27 end_date=2025-10-05 end_ts=1759723199 now_ts=1769436745
2026-01-26 14:12:28 DEBUG __main__ [SKIP_DEBUG] closed_by_end_date token_key=0x035aeecbedca1c3f74691ae48c78651f809e74a360db6da550a3a35a10dd2eff:1 token_id=103496774574228867812172286513762373378970322779205233442400873452054331516909 slug=btc-updown-15m-1768341600 end_date=2026-01-13 end_ts=1768366799 now_ts=1769436745
2026-01-26 14:12:28 DEBUG __main__ [SKIP_DEBUG] closed_by_end_date token_key=0xa3af0eda1c5624e536d95280310a40c4491552bd1d6ef71b2f5d5429bab4d6ab:1 token_id=41553629226306167326740151058180134924196790436418332413034747744692550994306 slug=btc-updown-15m-1768343400 end_date=2026-01-13 end_ts=1768366799 now_ts=1769436745
2026-01-26 14:12:28 DEBUG __main__ [SKIP_DEBUG] closed_by_end_date token_key=0xd4422afe978d0e602d6a48639adf6079d186cc3069573f91f9056fdda5f6ebc0:1 token_id=44601500040561215875245293390797676879643178218023342861291889710324443817922 slug=btc-updown-15m-1768337100 end_date=2026-01-13 end_ts=1768366799 now_ts=1769436745
2026-01-26 14:12:28 DEBUG __main__ [SKIP_DEBUG] closed_by_end_date token_key=0x641bbe7ba6991994ebb7b5547a2c12aef141b0ee765f03c5c23a2376ed1a0638:1 token_id=45114117423978908058411784388250724650163815971233725858783887280844341990470 slug=bitcoin-up-or-down-on-november-6 end_date=2025-11-06T00:00:00 end_ts=1762405200 now_ts=1769436745
2026-01-26 14:12:28 DEBUG __main__ [SKIP_DEBUG] closed_by_end_date token_key=0xbea5d5174cb5355eaf0f8cee780e67d0b22a6ff614ef7ec82cc2fe6ce8f4b111:1 token_id=52365552199401369443408259986324629171792690921627298943075194906042228248932 slug=us-x-venezuela-military-engagement-by-november-30-216-397-226-467-735-374-192-441-421-482-389 end_date=2025-11-30T00:00:00 end_ts=1764478800 now_ts=1769436745
2026-01-26 14:12:28 DEBUG __main__ [SKIP_DEBUG] closed_by_end_date token_key=0x8c62ff986325a2fcf82c92283ce3e146e6c4441fbe5bca4210c6a42261fdc17d:1 token_id=91209103980499018928114352563209674884891757355535667564472034243955458902034 slug=north-korea-missile-launch-by-november-30 end_date=2025-11-30T00:00:00 end_ts=1764478800 now_ts=1769436745
2026-01-26 14:12:28 DEBUG __main__ [SKIP_DEBUG] closed_by_end_date token_key=0xd548f81d61927511b75416bf486b776287dad0d4af12b2cc4a9dc6d1ee107189:1 token_id=79301686648265326530204879336142128062211949805895403651018179312976691109117 slug=us-x-venezuela-military-engagement-by-november-14-153-761-615 end_date=2025-11-14T00:00:00 end_ts=1763096400 now_ts=1769436745
2026-01-26 14:12:28 DEBUG __main__ [SKIP_DEBUG] closed_by_end_date token_key=0x2f676f8d85d60dd20ce0e0ba14608825b970a0491b419d7dedfa81bcf646af2b:1 token_id=8655145599450414843588120159949058223889302270938462113438487478853299858641 slug=ukraine-agrees-to-us-approved-peace-plan-by-thursday end_date=2025-11-27T00:00:00 end_ts=1764219600 now_ts=1769436745
2026-01-26 14:12:28 DEBUG __main__ [SKIP_DEBUG] closed_by_end_date token_key=0x96a19b471abe54716c4e15ec47d47c48472722f032a3235120a814b5a1275d05:1 token_id=74399563160940063581201033295883414410058609169638740147767384683668188918015 slug=will-frankenstein-be-the-top-global-netflix-movie-this-week-november-25-2025 end_date=2025-11-25T00:00:00 end_ts=1764046800 now_ts=1769436745
2026-01-26 14:12:28 INFO __main__ [SKIP] closed_token_keys added count=254
2026-01-26 14:12:28 INFO __main__ [SKIP] closed_positions filtered target=248 my=6 (trading only, risk still uses unfiltered)
2026-01-26 14:12:28 INFO __main__ [POS] target_count=0 my_count=4 target_incomplete=False my_incomplete=False | t_src=http_positions t_cb=1769436746 t_rsec=25 t_mode=sec t_http=200 t_hit=None
2026-01-26 14:12:28 INFO __main__ [POS] target cache_headers_first={'CF-Cache-Status': 'MISS', 'Cache-Control': 'public, max-age=1', 'Last-Modified': 'Mon, 26 Jan 2026 14:12:26 GMT', 'Date': 'Mon, 26 Jan 2026 14:12:26 GMT', 'Server': 'cloudflare'}
2026-01-26 14:12:28 INFO __main__ [POS] target cache_headers_last={'CF-Cache-Status': 'MISS', 'Cache-Control': 'public, max-age=1', 'Last-Modified': 'Mon, 26 Jan 2026 14:12:28 GMT', 'Date': 'Mon, 26 Jan 2026 14:12:28 GMT', 'Server': 'cloudflare'}
2026-01-26 14:12:28 INFO __main__ [BOOT] baseline_only: baseline_keys=0 baseline_ids=0 cursor_ms=1769436744430
2026-01-26 14:12:48 DEBUG urllib3.connectionpool Starting new HTTPS connection (1): clob.polymarket.com:443
2026-01-26 14:12:49 DEBUG urllib3.connectionpool https://clob.polymarket.com:443 "GET /data/orders?next_cursor=MA== HTTP/1.1" 200 None
2026-01-26 14:12:49 DEBUG urllib3.connectionpool https://data-api.polymarket.com:443 "GET /trades?user=0xf5d4c1341267162afc3749908631087db95aa077&limit=300&offset=0&takerOnly=False HTTP/1.1" 200 None
2026-01-26 14:12:49 DEBUG urllib3.connectionpool https://data-api.polymarket.com:443 "GET /trades?user=0x2C23aba6C7BC73a032F9bd2A413188f33ff4599f&limit=300&offset=0&takerOnly=False HTTP/1.1" 200 None
2026-01-26 14:12:49 DEBUG urllib3.connectionpool Starting new HTTPS connection (1): data-api.polymarket.com:443
2026-01-26 14:12:50 DEBUG urllib3.connectionpool https://data-api.polymarket.com:443 "GET /positions?user=0xf5d4c1341267162afc3749908631087db95aa077&limit=500&offset=0&sizeThreshold=0.0&_cb=1769436769 HTTP/1.1" 200 None
2026-01-26 14:12:51 DEBUG urllib3.connectionpool https://data-api.polymarket.com:443 "GET /positions?user=0xf5d4c1341267162afc3749908631087db95aa077&limit=500&offset=500&sizeThreshold=0.0&_cb=1769436769 HTTP/1.1" 200 None
2026-01-26 14:12:51 DEBUG urllib3.connectionpool https://data-api.polymarket.com:443 "GET /positions?user=0x2C23aba6C7BC73a032F9bd2A413188f33ff4599f&limit=500&offset=0&sizeThreshold=0.0&sortBy=TOKENS&sortDirection=DESC HTTP/1.1" 200 None
2026-01-26 14:12:51 INFO __main__ [SKIP] closed_positions filtered target=248 my=6 (trading only, risk still uses unfiltered)
2026-01-26 14:12:51 INFO __main__ [SAFE] actions_empty reduce_reconcile_set size=4 recent_sec=600 lag_ms=0 actions=0 actions_unreliable=False
2026-01-26 14:12:51 DEBUG urllib3.connectionpool Starting new HTTPS connection (1): gamma-api.polymarket.com:443
2026-01-26 14:12:53 DEBUG urllib3.connectionpool https://gamma-api.polymarket.com:443 "GET /markets?clob_token_ids=107854623063551848956959323683906084993759235411761278828050226188359888582895&clob_token_ids=93234833651290403107627925842341315568920086887489975925643046473406259664707&clob_token_ids=78246210666082377632623139827154050778673061043185648855349012977046369895248&clob_token_ids=78280942695237665984381826147483624552959750094987001751755383401313451401568&limit=4 HTTP/1.1" 200 None
2026-01-26 14:12:53 INFO __main__ [SKIP] long_ignore token_id=107854623063551848956959323683906084993759235411761278828050226188359888582895 expires_at=1764460800 end_date=2025-11-30T00:00:00Z
2026-01-26 14:12:53 INFO __main__ [SKIP] long_ignore token_id=93234833651290403107627925842341315568920086887489975925643046473406259664707 expires_at=1764694800 end_date=2025-12-02T17:00:00Z
2026-01-26 14:12:53 INFO __main__ [SKIP] long_ignore token_id=78280942695237665984381826147483624552959750094987001751755383401313451401568 expires_at=1766095200 end_date=2025-12-18T22:00:00Z
2026-01-26 14:12:53 INFO __main__ [RISK_SUMMARY] used_total=5.6404 used_total_shadow=5.6404 open_buy_orders_usd=0 shadow_buy_usd=0.0 recent_buy_usd=0.0 top_tokens=['78246210666082377632623139827154050778673061043185648855349012977046369895248=5.4500', '78280942695237665984381826147483624552959750094987001751755383401313451401568=0.0600', '45114117423978908058411784388250724650163815971233725858783887280844341990470=0.0400', '52365552199401369443408259986324629171792690921627298943075194906042228248932=0.0171', '93234833651290403107627925842341315568920086887489975925643046473406259664707=0.0160']
2026-01-26 14:12:53 INFO __main__ [DBG] token_id=78246210666082377632623139827154050778673061043185648855349012977046369895248 missing=True missing_streak=1 t_now=None t_last=None my_shares=10.0 open_orders_count=0
2026-01-26 14:12:53 INFO __main__ [DBG] token_id=78246210666082377632623139827154050778673061043185648855349012977046369895248 legacy_desired=0.0
2026-01-26 14:13:13 DEBUG urllib3.connectionpool Starting new HTTPS connection (1): clob.polymarket.com:443
2026-01-26 14:13:13 DEBUG urllib3.connectionpool https://clob.polymarket.com:443 "GET /data/orders?next_cursor=MA== HTTP/1.1" 200 None
2026-01-26 14:13:15 DEBUG urllib3.connectionpool https://data-api.polymarket.com:443 "GET /trades?user=0xf5d4c1341267162afc3749908631087db95aa077&limit=300&offset=0&takerOnly=False HTTP/1.1" 200 None
2026-01-26 14:13:15 DEBUG urllib3.connectionpool https://data-api.polymarket.com:443 "GET /trades?user=0x2C23aba6C7BC73a032F9bd2A413188f33ff4599f&limit=300&offset=0&takerOnly=False HTTP/1.1" 200 None
2026-01-26 14:13:15 DEBUG urllib3.connectionpool Starting new HTTPS connection (1): data-api.polymarket.com:443
2026-01-26 14:13:16 DEBUG urllib3.connectionpool https://data-api.polymarket.com:443 "GET /positions?user=0xf5d4c1341267162afc3749908631087db95aa077&limit=500&offset=0&sizeThreshold=0.0&_cb=1769436795 HTTP/1.1" 200 None
2026-01-26 14:13:16 DEBUG urllib3.connectionpool https://data-api.polymarket.com:443 "GET /positions?user=0xf5d4c1341267162afc3749908631087db95aa077&limit=500&offset=500&sizeThreshold=0.0&_cb=1769436795 HTTP/1.1" 200 None
2026-01-26 14:13:17 DEBUG urllib3.connectionpool https://data-api.polymarket.com:443 "GET /positions?user=0x2C23aba6C7BC73a032F9bd2A413188f33ff4599f&limit=500&offset=0&sizeThreshold=0.0&sortBy=TOKENS&sortDirection=DESC HTTP/1.1" 200 None
2026-01-26 14:13:17 INFO __main__ [SKIP] closed_positions filtered target=248 my=6 (trading only, risk still uses unfiltered)
2026-01-26 14:13:17 INFO __main__ [SAFE] actions_empty reduce_reconcile_set size=4 recent_sec=600 lag_ms=0 actions=0 actions_unreliable=False
2026-01-26 14:13:17 INFO __main__ [SKIP] long_ignore token_id=107854623063551848956959323683906084993759235411761278828050226188359888582895 expires_at=1764460800 end_date=2025-11-30T00:00:00Z
2026-01-26 14:13:17 INFO __main__ [SKIP] long_ignore token_id=93234833651290403107627925842341315568920086887489975925643046473406259664707 expires_at=1764694800 end_date=2025-12-02T17:00:00Z
2026-01-26 14:13:17 INFO __main__ [SKIP] long_ignore token_id=78280942695237665984381826147483624552959750094987001751755383401313451401568 expires_at=1766095200 end_date=2025-12-18T22:00:00Z
2026-01-26 14:13:17 INFO __main__ [RISK_SUMMARY] used_total=5.6404 used_total_shadow=5.6404 open_buy_orders_usd=0 shadow_buy_usd=0.0 recent_buy_usd=0.0 top_tokens=['78246210666082377632623139827154050778673061043185648855349012977046369895248=5.4500', '78280942695237665984381826147483624552959750094987001751755383401313451401568=0.0600', '45114117423978908058411784388250724650163815971233725858783887280844341990470=0.0400', '52365552199401369443408259986324629171792690921627298943075194906042228248932=0.0171', '93234833651290403107627925842341315568920086887489975925643046473406259664707=0.0160']
2026-01-26 14:13:37 DEBUG urllib3.connectionpool Starting new HTTPS connection (1): clob.polymarket.com:443
2026-01-26 14:13:37 DEBUG urllib3.connectionpool https://clob.polymarket.com:443 "GET /data/orders?next_cursor=MA== HTTP/1.1" 200 None
2026-01-26 14:13:37 DEBUG urllib3.connectionpool https://data-api.polymarket.com:443 "GET /trades?user=0xf5d4c1341267162afc3749908631087db95aa077&limit=300&offset=0&takerOnly=False HTTP/1.1" 200 None
2026-01-26 14:13:38 DEBUG urllib3.connectionpool https://data-api.polymarket.com:443 "GET /trades?user=0x2C23aba6C7BC73a032F9bd2A413188f33ff4599f&limit=300&offset=0&takerOnly=False HTTP/1.1" 200 None
2026-01-26 14:13:38 DEBUG urllib3.connectionpool Starting new HTTPS connection (1): data-api.polymarket.com:443
2026-01-26 14:13:38 DEBUG urllib3.connectionpool https://data-api.polymarket.com:443 "GET /positions?user=0xf5d4c1341267162afc3749908631087db95aa077&limit=500&offset=0&sizeThreshold=0.0&_cb=1769436818 HTTP/1.1" 200 None
2026-01-26 14:13:39 DEBUG urllib3.connectionpool https://data-api.polymarket.com:443 "GET /positions?user=0xf5d4c1341267162afc3749908631087db95aa077&limit=500&offset=500&sizeThreshold=0.0&_cb=1769436818 HTTP/1.1" 200 None
2026-01-26 14:13:40 DEBUG urllib3.connectionpool https://data-api.polymarket.com:443 "GET /positions?user=0x2C23aba6C7BC73a032F9bd2A413188f33ff4599f&limit=500&offset=0&sizeThreshold=0.0&sortBy=TOKENS&sortDirection=DESC HTTP/1.1" 200 None
2026-01-26 14:13:40 INFO __main__ [SKIP] closed_positions filtered target=248 my=6 (trading only, risk still uses unfiltered)
2026-01-26 14:13:40 INFO __main__ [SAFE] actions_empty reduce_reconcile_set size=4 recent_sec=600 lag_ms=0 actions=0 actions_unreliable=False
2026-01-26 14:13:40 INFO __main__ [SKIP] long_ignore token_id=107854623063551848956959323683906084993759235411761278828050226188359888582895 expires_at=1764460800 end_date=2025-11-30T00:00:00Z
2026-01-26 14:13:40 INFO __main__ [SKIP] long_ignore token_id=93234833651290403107627925842341315568920086887489975925643046473406259664707 expires_at=1764694800 end_date=2025-12-02T17:00:00Z
2026-01-26 14:13:40 INFO __main__ [SKIP] long_ignore token_id=78280942695237665984381826147483624552959750094987001751755383401313451401568 expires_at=1766095200 end_date=2025-12-18T22:00:00Z
2026-01-26 14:13:40 INFO __main__ [RISK_SUMMARY] used_total=5.6404 used_total_shadow=5.6404 open_buy_orders_usd=0 shadow_buy_usd=0.0 recent_buy_usd=0.0 top_tokens=['78246210666082377632623139827154050778673061043185648855349012977046369895248=5.4500', '78280942695237665984381826147483624552959750094987001751755383401313451401568=0.0600', '45114117423978908058411784388250724650163815971233725858783887280844341990470=0.0400', '52365552199401369443408259986324629171792690921627298943075194906042228248932=0.0171', '93234833651290403107627925842341315568920086887489975925643046473406259664707=0.0160']
2026-01-26 14:14:00 DEBUG urllib3.connectionpool Starting new HTTPS connection (1): clob.polymarket.com:443
2026-01-26 14:14:00 DEBUG urllib3.connectionpool https://clob.polymarket.com:443 "GET /data/orders?next_cursor=MA== HTTP/1.1" 200 None
2026-01-26 14:14:00 DEBUG urllib3.connectionpool https://data-api.polymarket.com:443 "GET /trades?user=0xf5d4c1341267162afc3749908631087db95aa077&limit=300&offset=0&takerOnly=False HTTP/1.1" 200 None
2026-01-26 14:14:01 DEBUG urllib3.connectionpool https://data-api.polymarket.com:443 "GET /trades?user=0x2C23aba6C7BC73a032F9bd2A413188f33ff4599f&limit=300&offset=0&takerOnly=False HTTP/1.1" 200 None
2026-01-26 14:14:01 DEBUG urllib3.connectionpool Starting new HTTPS connection (1): data-api.polymarket.com:443
2026-01-26 14:14:02 DEBUG urllib3.connectionpool https://data-api.polymarket.com:443 "GET /positions?user=0xf5d4c1341267162afc3749908631087db95aa077&limit=500&offset=0&sizeThreshold=0.0&_cb=1769436841 HTTP/1.1" 200 None
2026-01-26 14:14:02 DEBUG urllib3.connectionpool https://data-api.polymarket.com:443 "GET /positions?user=0xf5d4c1341267162afc3749908631087db95aa077&limit=500&offset=500&sizeThreshold=0.0&_cb=1769436841 HTTP/1.1" 200 None
2026-01-26 14:14:03 DEBUG urllib3.connectionpool https://data-api.polymarket.com:443 "GET /positions?user=0x2C23aba6C7BC73a032F9bd2A413188f33ff4599f&limit=500&offset=0&sizeThreshold=0.0&sortBy=TOKENS&sortDirection=DESC HTTP/1.1" 200 None
2026-01-26 14:14:03 INFO __main__ [SKIP] closed_positions filtered target=248 my=6 (trading only, risk still uses unfiltered)
2026-01-26 14:14:03 INFO __main__ [SAFE] actions_empty reduce_reconcile_set size=4 recent_sec=600 lag_ms=0 actions=0 actions_unreliable=False
2026-01-26 14:14:03 INFO __main__ [SKIP] long_ignore token_id=107854623063551848956959323683906084993759235411761278828050226188359888582895 expires_at=1764460800 end_date=2025-11-30T00:00:00Z
2026-01-26 14:14:03 INFO __main__ [SKIP] long_ignore token_id=93234833651290403107627925842341315568920086887489975925643046473406259664707 expires_at=1764694800 end_date=2025-12-02T17:00:00Z
2026-01-26 14:14:03 INFO __main__ [SKIP] long_ignore token_id=78280942695237665984381826147483624552959750094987001751755383401313451401568 expires_at=1766095200 end_date=2025-12-18T22:00:00Z
2026-01-26 14:14:03 INFO __main__ [RISK_SUMMARY] used_total=5.6404 used_total_shadow=5.6404 open_buy_orders_usd=0 shadow_buy_usd=0.0 recent_buy_usd=0.0 top_tokens=['78246210666082377632623139827154050778673061043185648855349012977046369895248=5.4500', '78280942695237665984381826147483624552959750094987001751755383401313451401568=0.0600', '45114117423978908058411784388250724650163815971233725858783887280844341990470=0.0400', '52365552199401369443408259986324629171792690921627298943075194906042228248932=0.0171', '93234833651290403107627925842341315568920086887489975925643046473406259664707=0.0160']
2026-01-26 14:14:23 DEBUG urllib3.connectionpool Starting new HTTPS connection (1): clob.polymarket.com:443
2026-01-26 14:14:24 DEBUG urllib3.connectionpool https://clob.polymarket.com:443 "GET /data/orders?next_cursor=MA== HTTP/1.1" 200 None
2026-01-26 14:14:24 DEBUG urllib3.connectionpool https://data-api.polymarket.com:443 "GET /trades?user=0xf5d4c1341267162afc3749908631087db95aa077&limit=300&offset=0&takerOnly=False HTTP/1.1" 200 None
2026-01-26 14:14:24 DEBUG urllib3.connectionpool https://data-api.polymarket.com:443 "GET /trades?user=0x2C23aba6C7BC73a032F9bd2A413188f33ff4599f&limit=300&offset=0&takerOnly=False HTTP/1.1" 200 None
2026-01-26 14:14:24 DEBUG urllib3.connectionpool Starting new HTTPS connection (1): data-api.polymarket.com:443
2026-01-26 14:14:25 DEBUG urllib3.connectionpool https://data-api.polymarket.com:443 "GET /positions?user=0xf5d4c1341267162afc3749908631087db95aa077&limit=500&offset=0&sizeThreshold=0.0&_cb=1769436864 HTTP/1.1" 200 None
2026-01-26 14:14:26 DEBUG urllib3.connectionpool https://data-api.polymarket.com:443 "GET /positions?user=0xf5d4c1341267162afc3749908631087db95aa077&limit=500&offset=500&sizeThreshold=0.0&_cb=1769436864 HTTP/1.1" 200 None
2026-01-26 14:14:26 DEBUG urllib3.connectionpool https://data-api.polymarket.com:443 "GET /positions?user=0x2C23aba6C7BC73a032F9bd2A413188f33ff4599f&limit=500&offset=0&sizeThreshold=0.0&sortBy=TOKENS&sortDirection=DESC HTTP/1.1" 200 None
2026-01-26 14:14:26 INFO __main__ [SKIP] closed_positions filtered target=248 my=6 (trading only, risk still uses unfiltered)
2026-01-26 14:14:26 INFO __main__ [SAFE] actions_empty reduce_reconcile_set size=4 recent_sec=600 lag_ms=0 actions=0 actions_unreliable=False
2026-01-26 14:14:26 INFO __main__ [SKIP] long_ignore token_id=107854623063551848956959323683906084993759235411761278828050226188359888582895 expires_at=1764460800 end_date=2025-11-30T00:00:00Z
2026-01-26 14:14:26 INFO __main__ [SKIP] long_ignore token_id=93234833651290403107627925842341315568920086887489975925643046473406259664707 expires_at=1764694800 end_date=2025-12-02T17:00:00Z
2026-01-26 14:14:26 INFO __main__ [SKIP] long_ignore token_id=78280942695237665984381826147483624552959750094987001751755383401313451401568 expires_at=1766095200 end_date=2025-12-18T22:00:00Z
2026-01-26 14:14:26 INFO __main__ [RISK_SUMMARY] used_total=5.6404 used_total_shadow=5.6404 open_buy_orders_usd=0 shadow_buy_usd=0.0 recent_buy_usd=0.0 top_tokens=['78246210666082377632623139827154050778673061043185648855349012977046369895248=5.4500', '78280942695237665984381826147483624552959750094987001751755383401313451401568=0.0600', '45114117423978908058411784388250724650163815971233725858783887280844341990470=0.0400', '52365552199401369443408259986324629171792690921627298943075194906042228248932=0.0171', '93234833651290403107627925842341315568920086887489975925643046473406259664707=0.0160']
2026-01-26 14:14:26 WARNING __main__ [FREEZE] token_id=78246210666082377632623139827154050778673061043185648855349012977046369895248 reason=missing_streak streak=5 until=1769438430
2026-01-26 14:14:46 DEBUG urllib3.connectionpool Starting new HTTPS connection (1): clob.polymarket.com:443
2026-01-26 14:14:46 DEBUG urllib3.connectionpool https://clob.polymarket.com:443 "GET /data/orders?next_cursor=MA== HTTP/1.1" 200 None
2026-01-26 14:14:47 DEBUG urllib3.connectionpool https://data-api.polymarket.com:443 "GET /trades?user=0xf5d4c1341267162afc3749908631087db95aa077&limit=300&offset=0&takerOnly=False HTTP/1.1" 200 None
2026-01-26 14:14:48 DEBUG urllib3.connectionpool https://data-api.polymarket.com:443 "GET /trades?user=0x2C23aba6C7BC73a032F9bd2A413188f33ff4599f&limit=300&offset=0&takerOnly=False HTTP/1.1" 200 None
2026-01-26 14:14:48 DEBUG urllib3.connectionpool Starting new HTTPS connection (1): data-api.polymarket.com:443
2026-01-26 14:14:49 DEBUG urllib3.connectionpool https://data-api.polymarket.com:443 "GET /positions?user=0xf5d4c1341267162afc3749908631087db95aa077&limit=500&offset=0&sizeThreshold=0.0&_cb=1769436888 HTTP/1.1" 200 None
2026-01-26 14:14:50 DEBUG urllib3.connectionpool https://data-api.polymarket.com:443 "GET /positions?user=0xf5d4c1341267162afc3749908631087db95aa077&limit=500&offset=500&sizeThreshold=0.0&_cb=1769436888 HTTP/1.1" 200 None
2026-01-26 14:14:50 DEBUG urllib3.connectionpool https://data-api.polymarket.com:443 "GET /positions?user=0x2C23aba6C7BC73a032F9bd2A413188f33ff4599f&limit=500&offset=0&sizeThreshold=0.0&sortBy=TOKENS&sortDirection=DESC HTTP/1.1" 200 None
2026-01-26 14:14:50 INFO __main__ [SKIP] closed_positions filtered target=248 my=6 (trading only, risk still uses unfiltered)
2026-01-26 14:14:50 INFO __main__ [SAFE] actions_empty reduce_reconcile_set size=4 recent_sec=600 lag_ms=0 actions=0 actions_unreliable=False
2026-01-26 14:14:50 INFO __main__ [SKIP] long_ignore token_id=107854623063551848956959323683906084993759235411761278828050226188359888582895 expires_at=1764460800 end_date=2025-11-30T00:00:00Z
2026-01-26 14:14:50 INFO __main__ [SKIP] long_ignore token_id=93234833651290403107627925842341315568920086887489975925643046473406259664707 expires_at=1764694800 end_date=2025-12-02T17:00:00Z
2026-01-26 14:14:50 INFO __main__ [SKIP] long_ignore token_id=78280942695237665984381826147483624552959750094987001751755383401313451401568 expires_at=1766095200 end_date=2025-12-18T22:00:00Z
2026-01-26 14:14:50 INFO __main__ [RISK_SUMMARY] used_total=5.6404 used_total_shadow=5.6404 open_buy_orders_usd=0 shadow_buy_usd=0.0 recent_buy_usd=0.0 top_tokens=['78246210666082377632623139827154050778673061043185648855349012977046369895248=5.4500', '78280942695237665984381826147483624552959750094987001751755383401313451401568=0.0600', '45114117423978908058411784388250724650163815971233725858783887280844341990470=0.0400', '52365552199401369443408259986324629171792690921627298943075194906042228248932=0.0171', '93234833651290403107627925842341315568920086887489975925643046473406259664707=0.0160']
2026-01-26 14:15:10 DEBUG urllib3.connectionpool Starting new HTTPS connection (1): clob.polymarket.com:443
2026-01-26 14:15:10 DEBUG urllib3.connectionpool https://clob.polymarket.com:443 "GET /data/orders?next_cursor=MA== HTTP/1.1" 200 None
2026-01-26 14:15:10 DEBUG urllib3.connectionpool https://data-api.polymarket.com:443 "GET /trades?user=0xf5d4c1341267162afc3749908631087db95aa077&limit=300&offset=0&takerOnly=False HTTP/1.1" 200 None
2026-01-26 14:15:11 DEBUG urllib3.connectionpool https://data-api.polymarket.com:443 "GET /trades?user=0x2C23aba6C7BC73a032F9bd2A413188f33ff4599f&limit=300&offset=0&takerOnly=False HTTP/1.1" 200 None
2026-01-26 14:15:11 DEBUG urllib3.connectionpool Starting new HTTPS connection (1): data-api.polymarket.com:443
2026-01-26 14:15:12 DEBUG urllib3.connectionpool https://data-api.polymarket.com:443 "GET /positions?user=0xf5d4c1341267162afc3749908631087db95aa077&limit=500&offset=0&sizeThreshold=0.0&_cb=1769436911 HTTP/1.1" 200 None
2026-01-26 14:15:12 DEBUG urllib3.connectionpool https://data-api.polymarket.com:443 "GET /positions?user=0xf5d4c1341267162afc3749908631087db95aa077&limit=500&offset=500&sizeThreshold=0.0&_cb=1769436911 HTTP/1.1" 200 None
2026-01-26 14:15:12 DEBUG urllib3.connectionpool https://data-api.polymarket.com:443 "GET /positions?user=0x2C23aba6C7BC73a032F9bd2A413188f33ff4599f&limit=500&offset=0&sizeThreshold=0.0&sortBy=TOKENS&sortDirection=DESC HTTP/1.1" 200 None
2026-01-26 14:15:12 INFO __main__ [SKIP] closed_positions filtered target=248 my=6 (trading only, risk still uses unfiltered)
2026-01-26 14:15:12 INFO __main__ [SAFE] actions_empty reduce_reconcile_set size=4 recent_sec=600 lag_ms=0 actions=0 actions_unreliable=False
2026-01-26 14:15:12 INFO __main__ [SKIP] long_ignore token_id=107854623063551848956959323683906084993759235411761278828050226188359888582895 expires_at=1764460800 end_date=2025-11-30T00:00:00Z
2026-01-26 14:15:12 INFO __main__ [SKIP] long_ignore token_id=93234833651290403107627925842341315568920086887489975925643046473406259664707 expires_at=1764694800 end_date=2025-12-02T17:00:00Z
2026-01-26 14:15:12 INFO __main__ [SKIP] long_ignore token_id=78280942695237665984381826147483624552959750094987001751755383401313451401568 expires_at=1766095200 end_date=2025-12-18T22:00:00Z
2026-01-26 14:15:12 INFO __main__ [RISK_SUMMARY] used_total=5.6404 used_total_shadow=5.6404 open_buy_orders_usd=0 shadow_buy_usd=0.0 recent_buy_usd=0.0 top_tokens=['78246210666082377632623139827154050778673061043185648855349012977046369895248=5.4500', '78280942695237665984381826147483624552959750094987001751755383401313451401568=0.0600', '45114117423978908058411784388250724650163815971233725858783887280844341990470=0.0400', '52365552199401369443408259986324629171792690921627298943075194906042228248932=0.0171', '93234833651290403107627925842341315568920086887489975925643046473406259664707=0.0160']
2026-01-26 14:15:32 DEBUG urllib3.connectionpool Starting new HTTPS connection (1): clob.polymarket.com:443
2026-01-26 14:15:33 DEBUG urllib3.connectionpool https://clob.polymarket.com:443 "GET /data/orders?next_cursor=MA== HTTP/1.1" 200 None
2026-01-26 14:15:33 DEBUG urllib3.connectionpool https://data-api.polymarket.com:443 "GET /trades?user=0xf5d4c1341267162afc3749908631087db95aa077&limit=300&offset=0&takerOnly=False HTTP/1.1" 200 None
2026-01-26 14:15:34 DEBUG urllib3.connectionpool https://data-api.polymarket.com:443 "GET /trades?user=0x2C23aba6C7BC73a032F9bd2A413188f33ff4599f&limit=300&offset=0&takerOnly=False HTTP/1.1" 200 None
2026-01-26 14:15:34 DEBUG urllib3.connectionpool Starting new HTTPS connection (1): data-api.polymarket.com:443
2026-01-26 14:15:34 DEBUG urllib3.connectionpool https://data-api.polymarket.com:443 "GET /positions?user=0xf5d4c1341267162afc3749908631087db95aa077&limit=500&offset=0&sizeThreshold=0.0&_cb=1769436934 HTTP/1.1" 200 None
2026-01-26 14:15:35 DEBUG urllib3.connectionpool https://data-api.polymarket.com:443 "GET /positions?user=0xf5d4c1341267162afc3749908631087db95aa077&limit=500&offset=500&sizeThreshold=0.0&_cb=1769436934 HTTP/1.1" 200 None
2026-01-26 14:15:35 DEBUG urllib3.connectionpool https://data-api.polymarket.com:443 "GET /positions?user=0x2C23aba6C7BC73a032F9bd2A413188f33ff4599f&limit=500&offset=0&sizeThreshold=0.0&sortBy=TOKENS&sortDirection=DESC HTTP/1.1" 200 None
2026-01-26 14:15:35 INFO __main__ [SKIP] closed_positions filtered target=248 my=6 (trading only, risk still uses unfiltered)
2026-01-26 14:15:35 INFO __main__ [SAFE] actions_empty reduce_reconcile_set size=4 recent_sec=600 lag_ms=0 actions=0 actions_unreliable=False
2026-01-26 14:15:35 INFO __main__ [SKIP] long_ignore token_id=107854623063551848956959323683906084993759235411761278828050226188359888582895 expires_at=1764460800 end_date=2025-11-30T00:00:00Z
2026-01-26 14:15:35 INFO __main__ [SKIP] long_ignore token_id=93234833651290403107627925842341315568920086887489975925643046473406259664707 expires_at=1764694800 end_date=2025-12-02T17:00:00Z
2026-01-26 14:15:35 INFO __main__ [SKIP] long_ignore token_id=78280942695237665984381826147483624552959750094987001751755383401313451401568 expires_at=1766095200 end_date=2025-12-18T22:00:00Z
2026-01-26 14:15:35 INFO __main__ [RISK_SUMMARY] used_total=5.6404 used_total_shadow=5.6404 open_buy_orders_usd=0 shadow_buy_usd=0.0 recent_buy_usd=0.0 top_tokens=['78246210666082377632623139827154050778673061043185648855349012977046369895248=5.4500', '78280942695237665984381826147483624552959750094987001751755383401313451401568=0.0600', '45114117423978908058411784388250724650163815971233725858783887280844341990470=0.0400', '52365552199401369443408259986324629171792690921627298943075194906042228248932=0.0171', '93234833651290403107627925842341315568920086887489975925643046473406259664707=0.0160']
2026-01-26 14:15:55 DEBUG urllib3.connectionpool Starting new HTTPS connection (1): clob.polymarket.com:443
2026-01-26 14:15:55 DEBUG urllib3.connectionpool https://clob.polymarket.com:443 "GET /data/orders?next_cursor=MA== HTTP/1.1" 200 None
2026-01-26 14:15:56 DEBUG urllib3.connectionpool https://data-api.polymarket.com:443 "GET /trades?user=0xf5d4c1341267162afc3749908631087db95aa077&limit=300&offset=0&takerOnly=False HTTP/1.1" 200 None
2026-01-26 14:15:56 DEBUG urllib3.connectionpool https://data-api.polymarket.com:443 "GET /trades?user=0x2C23aba6C7BC73a032F9bd2A413188f33ff4599f&limit=300&offset=0&takerOnly=False HTTP/1.1" 200 None
2026-01-26 14:15:56 DEBUG urllib3.connectionpool Starting new HTTPS connection (1): data-api.polymarket.com:443
2026-01-26 14:15:57 DEBUG urllib3.connectionpool https://data-api.polymarket.com:443 "GET /positions?user=0xf5d4c1341267162afc3749908631087db95aa077&limit=500&offset=0&sizeThreshold=0.0&_cb=1769436956 HTTP/1.1" 200 None
2026-01-26 14:15:57 DEBUG urllib3.connectionpool https://data-api.polymarket.com:443 "GET /positions?user=0xf5d4c1341267162afc3749908631087db95aa077&limit=500&offset=500&sizeThreshold=0.0&_cb=1769436956 HTTP/1.1" 200 None
2026-01-26 14:15:58 DEBUG urllib3.connectionpool https://data-api.polymarket.com:443 "GET /positions?user=0x2C23aba6C7BC73a032F9bd2A413188f33ff4599f&limit=500&offset=0&sizeThreshold=0.0&sortBy=TOKENS&sortDirection=DESC HTTP/1.1" 200 None
2026-01-26 14:15:58 INFO __main__ [SKIP] closed_positions filtered target=248 my=6 (trading only, risk still uses unfiltered)
2026-01-26 14:15:58 INFO __main__ [SAFE] actions_empty reduce_reconcile_set size=4 recent_sec=600 lag_ms=0 actions=0 actions_unreliable=False
2026-01-26 14:15:58 INFO __main__ [SKIP] long_ignore token_id=107854623063551848956959323683906084993759235411761278828050226188359888582895 expires_at=1764460800 end_date=2025-11-30T00:00:00Z
2026-01-26 14:15:58 INFO __main__ [SKIP] long_ignore token_id=93234833651290403107627925842341315568920086887489975925643046473406259664707 expires_at=1764694800 end_date=2025-12-02T17:00:00Z
2026-01-26 14:15:58 INFO __main__ [SKIP] long_ignore token_id=78280942695237665984381826147483624552959750094987001751755383401313451401568 expires_at=1766095200 end_date=2025-12-18T22:00:00Z
2026-01-26 14:15:58 INFO __main__ [RISK_SUMMARY] used_total=5.6404 used_total_shadow=5.6404 open_buy_orders_usd=0 shadow_buy_usd=0.0 recent_buy_usd=0.0 top_tokens=['78246210666082377632623139827154050778673061043185648855349012977046369895248=5.4500', '78280942695237665984381826147483624552959750094987001751755383401313451401568=0.0600', '45114117423978908058411784388250724650163815971233725858783887280844341990470=0.0400', '52365552199401369443408259986324629171792690921627298943075194906042228248932=0.0171', '93234833651290403107627925842341315568920086887489975925643046473406259664707=0.0160']
2026-01-26 14:16:18 DEBUG urllib3.connectionpool Starting new HTTPS connection (1): clob.polymarket.com:443
2026-01-26 14:16:18 DEBUG urllib3.connectionpool https://clob.polymarket.com:443 "GET /data/orders?next_cursor=MA== HTTP/1.1" 200 None
2026-01-26 14:16:19 DEBUG urllib3.connectionpool https://data-api.polymarket.com:443 "GET /trades?user=0xf5d4c1341267162afc3749908631087db95aa077&limit=300&offset=0&takerOnly=False HTTP/1.1" 200 None
2026-01-26 14:16:19 DEBUG urllib3.connectionpool https://data-api.polymarket.com:443 "GET /trades?user=0x2C23aba6C7BC73a032F9bd2A413188f33ff4599f&limit=300&offset=0&takerOnly=False HTTP/1.1" 200 None
2026-01-26 14:16:19 DEBUG urllib3.connectionpool Starting new HTTPS connection (1): data-api.polymarket.com:443
2026-01-26 14:16:20 DEBUG urllib3.connectionpool https://data-api.polymarket.com:443 "GET /positions?user=0xf5d4c1341267162afc3749908631087db95aa077&limit=500&offset=0&sizeThreshold=0.0&_cb=1769436979 HTTP/1.1" 200 None
2026-01-26 14:16:20 DEBUG urllib3.connectionpool https://data-api.polymarket.com:443 "GET /positions?user=0xf5d4c1341267162afc3749908631087db95aa077&limit=500&offset=500&sizeThreshold=0.0&_cb=1769436979 HTTP/1.1" 200 None
2026-01-26 14:16:21 DEBUG urllib3.connectionpool https://data-api.polymarket.com:443 "GET /positions?user=0x2C23aba6C7BC73a032F9bd2A413188f33ff4599f&limit=500&offset=0&sizeThreshold=0.0&sortBy=TOKENS&sortDirection=DESC HTTP/1.1" 200 None
2026-01-26 14:16:21 INFO __main__ [SKIP] closed_positions filtered target=248 my=6 (trading only, risk still uses unfiltered)
2026-01-26 14:16:21 INFO __main__ [SAFE] actions_empty reduce_reconcile_set size=4 recent_sec=600 lag_ms=0 actions=0 actions_unreliable=False
2026-01-26 14:16:21 INFO __main__ [SKIP] long_ignore token_id=107854623063551848956959323683906084993759235411761278828050226188359888582895 expires_at=1764460800 end_date=2025-11-30T00:00:00Z
2026-01-26 14:16:21 INFO __main__ [SKIP] long_ignore token_id=93234833651290403107627925842341315568920086887489975925643046473406259664707 expires_at=1764694800 end_date=2025-12-02T17:00:00Z
2026-01-26 14:16:21 INFO __main__ [SKIP] long_ignore token_id=78280942695237665984381826147483624552959750094987001751755383401313451401568 expires_at=1766095200 end_date=2025-12-18T22:00:00Z
2026-01-26 14:16:21 INFO __main__ [RISK_SUMMARY] used_total=5.6404 used_total_shadow=5.6404 open_buy_orders_usd=0 shadow_buy_usd=0.0 recent_buy_usd=0.0 top_tokens=['78246210666082377632623139827154050778673061043185648855349012977046369895248=5.4500', '78280942695237665984381826147483624552959750094987001751755383401313451401568=0.0600', '45114117423978908058411784388250724650163815971233725858783887280844341990470=0.0400', '52365552199401369443408259986324629171792690921627298943075194906042228248932=0.0171', '93234833651290403107627925842341315568920086887489975925643046473406259664707=0.0160']
2026-01-26 14:16:41 DEBUG urllib3.connectionpool Starting new HTTPS connection (1): clob.polymarket.com:443
2026-01-26 14:16:41 DEBUG urllib3.connectionpool https://clob.polymarket.com:443 "GET /data/orders?next_cursor=MA== HTTP/1.1" 200 None
2026-01-26 14:16:41 DEBUG urllib3.connectionpool https://data-api.polymarket.com:443 "GET /trades?user=0xf5d4c1341267162afc3749908631087db95aa077&limit=300&offset=0&takerOnly=False HTTP/1.1" 200 None
2026-01-26 14:16:42 DEBUG urllib3.connectionpool https://data-api.polymarket.com:443 "GET /trades?user=0x2C23aba6C7BC73a032F9bd2A413188f33ff4599f&limit=300&offset=0&takerOnly=False HTTP/1.1" 200 None
2026-01-26 14:16:42 DEBUG urllib3.connectionpool Starting new HTTPS connection (1): data-api.polymarket.com:443
2026-01-26 14:16:43 DEBUG urllib3.connectionpool https://data-api.polymarket.com:443 "GET /positions?user=0xf5d4c1341267162afc3749908631087db95aa077&limit=500&offset=0&sizeThreshold=0.0&_cb=1769437002 HTTP/1.1" 200 None
2026-01-26 14:16:44 DEBUG urllib3.connectionpool https://data-api.polymarket.com:443 "GET /positions?user=0xf5d4c1341267162afc3749908631087db95aa077&limit=500&offset=500&sizeThreshold=0.0&_cb=1769437002 HTTP/1.1" 200 None
2026-01-26 14:16:44 DEBUG urllib3.connectionpool https://data-api.polymarket.com:443 "GET /positions?user=0x2C23aba6C7BC73a032F9bd2A413188f33ff4599f&limit=500&offset=0&sizeThreshold=0.0&sortBy=TOKENS&sortDirection=DESC HTTP/1.1" 200 None
2026-01-26 14:16:44 INFO __main__ [SKIP] closed_positions filtered target=248 my=6 (trading only, risk still uses unfiltered)
2026-01-26 14:16:44 INFO __main__ [SAFE] actions_empty reduce_reconcile_set size=4 recent_sec=600 lag_ms=0 actions=0 actions_unreliable=False
2026-01-26 14:16:44 INFO __main__ [SKIP] long_ignore token_id=107854623063551848956959323683906084993759235411761278828050226188359888582895 expires_at=1764460800 end_date=2025-11-30T00:00:00Z
2026-01-26 14:16:44 INFO __main__ [SKIP] long_ignore token_id=93234833651290403107627925842341315568920086887489975925643046473406259664707 expires_at=1764694800 end_date=2025-12-02T17:00:00Z
2026-01-26 14:16:44 INFO __main__ [SKIP] long_ignore token_id=78280942695237665984381826147483624552959750094987001751755383401313451401568 expires_at=1766095200 end_date=2025-12-18T22:00:00Z
2026-01-26 14:16:44 INFO __main__ [RISK_SUMMARY] used_total=5.6404 used_total_shadow=5.6404 open_buy_orders_usd=0 shadow_buy_usd=0.0 recent_buy_usd=0.0 top_tokens=['78246210666082377632623139827154050778673061043185648855349012977046369895248=5.4500', '78280942695237665984381826147483624552959750094987001751755383401313451401568=0.0600', '45114117423978908058411784388250724650163815971233725858783887280844341990470=0.0400', '52365552199401369443408259986324629171792690921627298943075194906042228248932=0.0171', '93234833651290403107627925842341315568920086887489975925643046473406259664707=0.0160']
2026-01-26 14:17:04 DEBUG urllib3.connectionpool Starting new HTTPS connection (1): clob.polymarket.com:443
2026-01-26 14:17:04 DEBUG urllib3.connectionpool https://clob.polymarket.com:443 "GET /data/orders?next_cursor=MA== HTTP/1.1" 200 None
2026-01-26 14:17:05 DEBUG urllib3.connectionpool https://data-api.polymarket.com:443 "GET /trades?user=0xf5d4c1341267162afc3749908631087db95aa077&limit=300&offset=0&takerOnly=False HTTP/1.1" 200 None
2026-01-26 14:17:05 DEBUG urllib3.connectionpool https://data-api.polymarket.com:443 "GET /trades?user=0x2C23aba6C7BC73a032F9bd2A413188f33ff4599f&limit=300&offset=0&takerOnly=False HTTP/1.1" 200 None
2026-01-26 14:17:05 DEBUG urllib3.connectionpool Starting new HTTPS connection (1): data-api.polymarket.com:443
2026-01-26 14:17:06 DEBUG urllib3.connectionpool https://data-api.polymarket.com:443 "GET /positions?user=0xf5d4c1341267162afc3749908631087db95aa077&limit=500&offset=0&sizeThreshold=0.0&_cb=1769437025 HTTP/1.1" 200 None
2026-01-26 14:17:06 DEBUG urllib3.connectionpool https://data-api.polymarket.com:443 "GET /positions?user=0xf5d4c1341267162afc3749908631087db95aa077&limit=500&offset=500&sizeThreshold=0.0&_cb=1769437025 HTTP/1.1" 200 None
2026-01-26 14:17:07 DEBUG urllib3.connectionpool https://data-api.polymarket.com:443 "GET /positions?user=0x2C23aba6C7BC73a032F9bd2A413188f33ff4599f&limit=500&offset=0&sizeThreshold=0.0&sortBy=TOKENS&sortDirection=DESC HTTP/1.1" 200 None
2026-01-26 14:17:07 INFO __main__ [SKIP] closed_positions filtered target=248 my=6 (trading only, risk still uses unfiltered)
2026-01-26 14:17:07 INFO __main__ [SAFE] actions_empty reduce_reconcile_set size=4 recent_sec=600 lag_ms=0 actions=0 actions_unreliable=False
2026-01-26 14:17:07 INFO __main__ [SKIP] long_ignore token_id=107854623063551848956959323683906084993759235411761278828050226188359888582895 expires_at=1764460800 end_date=2025-11-30T00:00:00Z
2026-01-26 14:17:07 INFO __main__ [SKIP] long_ignore token_id=93234833651290403107627925842341315568920086887489975925643046473406259664707 expires_at=1764694800 end_date=2025-12-02T17:00:00Z
2026-01-26 14:17:07 INFO __main__ [SKIP] long_ignore token_id=78280942695237665984381826147483624552959750094987001751755383401313451401568 expires_at=1766095200 end_date=2025-12-18T22:00:00Z
2026-01-26 14:17:07 INFO __main__ [RISK_SUMMARY] used_total=5.6404 used_total_shadow=5.6404 open_buy_orders_usd=0 shadow_buy_usd=0.0 recent_buy_usd=0.0 top_tokens=['78246210666082377632623139827154050778673061043185648855349012977046369895248=5.4500', '78280942695237665984381826147483624552959750094987001751755383401313451401568=0.0600', '45114117423978908058411784388250724650163815971233725858783887280844341990470=0.0400', '52365552199401369443408259986324629171792690921627298943075194906042228248932=0.0171', '93234833651290403107627925842341315568920086887489975925643046473406259664707=0.0160']
2026-01-26 14:17:27 DEBUG urllib3.connectionpool Starting new HTTPS connection (1): clob.polymarket.com:443
2026-01-26 14:17:27 DEBUG urllib3.connectionpool https://clob.polymarket.com:443 "GET /data/orders?next_cursor=MA== HTTP/1.1" 200 None
2026-01-26 14:17:29 DEBUG urllib3.connectionpool https://data-api.polymarket.com:443 "GET /trades?user=0xf5d4c1341267162afc3749908631087db95aa077&limit=300&offset=0&takerOnly=False HTTP/1.1" 200 None
2026-01-26 14:17:29 DEBUG urllib3.connectionpool https://data-api.polymarket.com:443 "GET /trades?user=0x2C23aba6C7BC73a032F9bd2A413188f33ff4599f&limit=300&offset=0&takerOnly=False HTTP/1.1" 200 None
2026-01-26 14:17:29 DEBUG urllib3.connectionpool Starting new HTTPS connection (1): data-api.polymarket.com:443
2026-01-26 14:17:30 DEBUG urllib3.connectionpool https://data-api.polymarket.com:443 "GET /positions?user=0xf5d4c1341267162afc3749908631087db95aa077&limit=500&offset=0&sizeThreshold=0.0&_cb=1769437049 HTTP/1.1" 200 None
2026-01-26 14:17:30 DEBUG urllib3.connectionpool https://data-api.polymarket.com:443 "GET /positions?user=0xf5d4c1341267162afc3749908631087db95aa077&limit=500&offset=500&sizeThreshold=0.0&_cb=1769437049 HTTP/1.1" 200 None
2026-01-26 14:17:31 DEBUG urllib3.connectionpool https://data-api.polymarket.com:443 "GET /positions?user=0x2C23aba6C7BC73a032F9bd2A413188f33ff4599f&limit=500&offset=0&sizeThreshold=0.0&sortBy=TOKENS&sortDirection=DESC HTTP/1.1" 200 None
2026-01-26 14:17:31 INFO __main__ [SKIP] closed_positions filtered target=248 my=6 (trading only, risk still uses unfiltered)
2026-01-26 14:17:31 INFO __main__ [SAFE] actions_empty reduce_reconcile_set size=4 recent_sec=600 lag_ms=0 actions=0 actions_unreliable=False
2026-01-26 14:17:31 INFO __main__ [SKIP] long_ignore token_id=107854623063551848956959323683906084993759235411761278828050226188359888582895 expires_at=1764460800 end_date=2025-11-30T00:00:00Z
2026-01-26 14:17:31 INFO __main__ [SKIP] long_ignore token_id=93234833651290403107627925842341315568920086887489975925643046473406259664707 expires_at=1764694800 end_date=2025-12-02T17:00:00Z
2026-01-26 14:17:31 INFO __main__ [SKIP] long_ignore token_id=78280942695237665984381826147483624552959750094987001751755383401313451401568 expires_at=1766095200 end_date=2025-12-18T22:00:00Z
2026-01-26 14:17:31 INFO __main__ [RISK_SUMMARY] used_total=5.6404 used_total_shadow=5.6404 open_buy_orders_usd=0 shadow_buy_usd=0.0 recent_buy_usd=0.0 top_tokens=['78246210666082377632623139827154050778673061043185648855349012977046369895248=5.4500', '78280942695237665984381826147483624552959750094987001751755383401313451401568=0.0600', '45114117423978908058411784388250724650163815971233725858783887280844341990470=0.0400', '52365552199401369443408259986324629171792690921627298943075194906042228248932=0.0171', '93234833651290403107627925842341315568920086887489975925643046473406259664707=0.0160']
2026-01-26 14:17:51 DEBUG urllib3.connectionpool Starting new HTTPS connection (1): clob.polymarket.com:443
2026-01-26 14:17:51 DEBUG urllib3.connectionpool https://clob.polymarket.com:443 "GET /data/orders?next_cursor=MA== HTTP/1.1" 200 None
2026-01-26 14:17:52 DEBUG urllib3.connectionpool https://data-api.polymarket.com:443 "GET /trades?user=0xf5d4c1341267162afc3749908631087db95aa077&limit=300&offset=0&takerOnly=False HTTP/1.1" 200 None
2026-01-26 14:17:52 DEBUG urllib3.connectionpool https://data-api.polymarket.com:443 "GET /trades?user=0x2C23aba6C7BC73a032F9bd2A413188f33ff4599f&limit=300&offset=0&takerOnly=False HTTP/1.1" 200 None
2026-01-26 14:17:52 DEBUG urllib3.connectionpool Starting new HTTPS connection (1): data-api.polymarket.com:443
2026-01-26 14:17:53 DEBUG urllib3.connectionpool https://data-api.polymarket.com:443 "GET /positions?user=0xf5d4c1341267162afc3749908631087db95aa077&limit=500&offset=0&sizeThreshold=0.0&_cb=1769437072 HTTP/1.1" 200 None
2026-01-26 14:17:53 DEBUG urllib3.connectionpool https://data-api.polymarket.com:443 "GET /positions?user=0xf5d4c1341267162afc3749908631087db95aa077&limit=500&offset=500&sizeThreshold=0.0&_cb=1769437072 HTTP/1.1" 200 None
2026-01-26 14:17:54 DEBUG urllib3.connectionpool https://data-api.polymarket.com:443 "GET /positions?user=0x2C23aba6C7BC73a032F9bd2A413188f33ff4599f&limit=500&offset=0&sizeThreshold=0.0&sortBy=TOKENS&sortDirection=DESC HTTP/1.1" 200 None
2026-01-26 14:17:54 INFO __main__ [SKIP] closed_positions filtered target=248 my=6 (trading only, risk still uses unfiltered)
2026-01-26 14:17:54 INFO __main__ [SAFE] actions_empty reduce_reconcile_set size=4 recent_sec=600 lag_ms=0 actions=0 actions_unreliable=False
2026-01-26 14:17:54 DEBUG urllib3.connectionpool Starting new HTTPS connection (1): gamma-api.polymarket.com:443
2026-01-26 14:17:55 DEBUG urllib3.connectionpool https://gamma-api.polymarket.com:443 "GET /markets?clob_token_ids=107854623063551848956959323683906084993759235411761278828050226188359888582895&clob_token_ids=93234833651290403107627925842341315568920086887489975925643046473406259664707&clob_token_ids=78246210666082377632623139827154050778673061043185648855349012977046369895248&clob_token_ids=78280942695237665984381826147483624552959750094987001751755383401313451401568&limit=4 HTTP/1.1" 200 None
2026-01-26 14:17:55 INFO __main__ [SKIP] long_ignore token_id=107854623063551848956959323683906084993759235411761278828050226188359888582895 expires_at=1764460800 end_date=2025-11-30T00:00:00Z
2026-01-26 14:17:55 INFO __main__ [SKIP] long_ignore token_id=93234833651290403107627925842341315568920086887489975925643046473406259664707 expires_at=1764694800 end_date=2025-12-02T17:00:00Z
2026-01-26 14:17:55 INFO __main__ [SKIP] long_ignore token_id=78280942695237665984381826147483624552959750094987001751755383401313451401568 expires_at=1766095200 end_date=2025-12-18T22:00:00Z
2026-01-26 14:17:55 INFO __main__ [RISK_SUMMARY] used_total=5.6404 used_total_shadow=5.6404 open_buy_orders_usd=0 shadow_buy_usd=0.0 recent_buy_usd=0.0 top_tokens=['78246210666082377632623139827154050778673061043185648855349012977046369895248=5.4500', '78280942695237665984381826147483624552959750094987001751755383401313451401568=0.0600', '45114117423978908058411784388250724650163815971233725858783887280844341990470=0.0400', '52365552199401369443408259986324629171792690921627298943075194906042228248932=0.0171', '93234833651290403107627925842341315568920086887489975925643046473406259664707=0.0160']
2026-01-26 14:18:15 DEBUG urllib3.connectionpool Starting new HTTPS connection (1): clob.polymarket.com:443
2026-01-26 14:18:15 DEBUG urllib3.connectionpool https://clob.polymarket.com:443 "GET /data/orders?next_cursor=MA== HTTP/1.1" 200 None
2026-01-26 14:18:15 DEBUG urllib3.connectionpool https://data-api.polymarket.com:443 "GET /trades?user=0xf5d4c1341267162afc3749908631087db95aa077&limit=300&offset=0&takerOnly=False HTTP/1.1" 200 None
2026-01-26 14:18:16 DEBUG urllib3.connectionpool https://data-api.polymarket.com:443 "GET /trades?user=0x2C23aba6C7BC73a032F9bd2A413188f33ff4599f&limit=300&offset=0&takerOnly=False HTTP/1.1" 200 None
2026-01-26 14:18:16 DEBUG urllib3.connectionpool Starting new HTTPS connection (1): data-api.polymarket.com:443
2026-01-26 14:18:17 DEBUG urllib3.connectionpool https://data-api.polymarket.com:443 "GET /positions?user=0xf5d4c1341267162afc3749908631087db95aa077&limit=500&offset=0&sizeThreshold=0.0&_cb=1769437096 HTTP/1.1" 200 None
2026-01-26 14:18:17 DEBUG urllib3.connectionpool https://data-api.polymarket.com:443 "GET /positions?user=0xf5d4c1341267162afc3749908631087db95aa077&limit=500&offset=500&sizeThreshold=0.0&_cb=1769437096 HTTP/1.1" 200 None
2026-01-26 14:18:18 DEBUG urllib3.connectionpool https://data-api.polymarket.com:443 "GET /positions?user=0x2C23aba6C7BC73a032F9bd2A413188f33ff4599f&limit=500&offset=0&sizeThreshold=0.0&sortBy=TOKENS&sortDirection=DESC HTTP/1.1" 200 None
2026-01-26 14:18:18 INFO __main__ [SKIP] closed_positions filtered target=248 my=6 (trading only, risk still uses unfiltered)
2026-01-26 14:18:18 INFO __main__ [SAFE] actions_empty reduce_reconcile_set size=4 recent_sec=600 lag_ms=0 actions=0 actions_unreliable=False
2026-01-26 14:18:18 INFO __main__ [SKIP] long_ignore token_id=107854623063551848956959323683906084993759235411761278828050226188359888582895 expires_at=1764460800 end_date=2025-11-30T00:00:00Z
2026-01-26 14:18:18 INFO __main__ [SKIP] long_ignore token_id=93234833651290403107627925842341315568920086887489975925643046473406259664707 expires_at=1764694800 end_date=2025-12-02T17:00:00Z
2026-01-26 14:18:18 INFO __main__ [SKIP] long_ignore token_id=78280942695237665984381826147483624552959750094987001751755383401313451401568 expires_at=1766095200 end_date=2025-12-18T22:00:00Z
2026-01-26 14:18:18 INFO __main__ [RISK_SUMMARY] used_total=5.6404 used_total_shadow=5.6404 open_buy_orders_usd=0 shadow_buy_usd=0.0 recent_buy_usd=0.0 top_tokens=['78246210666082377632623139827154050778673061043185648855349012977046369895248=5.4500', '78280942695237665984381826147483624552959750094987001751755383401313451401568=0.0600', '45114117423978908058411784388250724650163815971233725858783887280844341990470=0.0400', '52365552199401369443408259986324629171792690921627298943075194906042228248932=0.0171', '93234833651290403107627925842341315568920086887489975925643046473406259664707=0.0160']
2026-01-26 14:18:38 DEBUG urllib3.connectionpool Starting new HTTPS connection (1): clob.polymarket.com:443
2026-01-26 14:18:38 DEBUG urllib3.connectionpool https://clob.polymarket.com:443 "GET /data/orders?next_cursor=MA== HTTP/1.1" 200 None
2026-01-26 14:18:39 DEBUG urllib3.connectionpool https://data-api.polymarket.com:443 "GET /trades?user=0xf5d4c1341267162afc3749908631087db95aa077&limit=300&offset=0&takerOnly=False HTTP/1.1" 200 None
2026-01-26 14:18:40 DEBUG urllib3.connectionpool https://data-api.polymarket.com:443 "GET /trades?user=0x2C23aba6C7BC73a032F9bd2A413188f33ff4599f&limit=300&offset=0&takerOnly=False HTTP/1.1" 200 None
2026-01-26 14:18:40 DEBUG urllib3.connectionpool Starting new HTTPS connection (1): data-api.polymarket.com:443
2026-01-26 14:18:40 DEBUG urllib3.connectionpool https://data-api.polymarket.com:443 "GET /positions?user=0xf5d4c1341267162afc3749908631087db95aa077&limit=500&offset=0&sizeThreshold=0.0&_cb=1769437120 HTTP/1.1" 200 None
2026-01-26 14:18:42 DEBUG urllib3.connectionpool https://data-api.polymarket.com:443 "GET /positions?user=0xf5d4c1341267162afc3749908631087db95aa077&limit=500&offset=500&sizeThreshold=0.0&_cb=1769437120 HTTP/1.1" 200 None
2026-01-26 14:18:42 DEBUG urllib3.connectionpool https://data-api.polymarket.com:443 "GET /positions?user=0x2C23aba6C7BC73a032F9bd2A413188f33ff4599f&limit=500&offset=0&sizeThreshold=0.0&sortBy=TOKENS&sortDirection=DESC HTTP/1.1" 200 None
2026-01-26 14:18:42 INFO __main__ [SKIP] closed_positions filtered target=248 my=6 (trading only, risk still uses unfiltered)
2026-01-26 14:18:42 INFO __main__ [SAFE] actions_empty reduce_reconcile_set size=4 recent_sec=600 lag_ms=0 actions=0 actions_unreliable=False
2026-01-26 14:18:42 INFO __main__ [SKIP] long_ignore token_id=107854623063551848956959323683906084993759235411761278828050226188359888582895 expires_at=1764460800 end_date=2025-11-30T00:00:00Z
2026-01-26 14:18:42 INFO __main__ [SKIP] long_ignore token_id=93234833651290403107627925842341315568920086887489975925643046473406259664707 expires_at=1764694800 end_date=2025-12-02T17:00:00Z
2026-01-26 14:18:42 INFO __main__ [SKIP] long_ignore token_id=78280942695237665984381826147483624552959750094987001751755383401313451401568 expires_at=1766095200 end_date=2025-12-18T22:00:00Z
2026-01-26 14:18:42 INFO __main__ [RISK_SUMMARY] used_total=5.6404 used_total_shadow=5.6404 open_buy_orders_usd=0 shadow_buy_usd=0.0 recent_buy_usd=0.0 top_tokens=['78246210666082377632623139827154050778673061043185648855349012977046369895248=5.4500', '78280942695237665984381826147483624552959750094987001751755383401313451401568=0.0600', '45114117423978908058411784388250724650163815971233725858783887280844341990470=0.0400', '52365552199401369443408259986324629171792690921627298943075194906042228248932=0.0171', '93234833651290403107627925842341315568920086887489975925643046473406259664707=0.0160']
2026-01-26 14:19:02 DEBUG urllib3.connectionpool Starting new HTTPS connection (1): clob.polymarket.com:443
2026-01-26 14:19:02 DEBUG urllib3.connectionpool https://clob.polymarket.com:443 "GET /data/orders?next_cursor=MA== HTTP/1.1" 200 None
2026-01-26 14:19:04 DEBUG urllib3.connectionpool https://data-api.polymarket.com:443 "GET /trades?user=0xf5d4c1341267162afc3749908631087db95aa077&limit=300&offset=0&takerOnly=False HTTP/1.1" 200 None
2026-01-26 14:19:04 DEBUG urllib3.connectionpool https://data-api.polymarket.com:443 "GET /trades?user=0x2C23aba6C7BC73a032F9bd2A413188f33ff4599f&limit=300&offset=0&takerOnly=False HTTP/1.1" 200 None
2026-01-26 14:19:04 DEBUG urllib3.connectionpool Starting new HTTPS connection (1): data-api.polymarket.com:443
2026-01-26 14:19:05 DEBUG urllib3.connectionpool https://data-api.polymarket.com:443 "GET /positions?user=0xf5d4c1341267162afc3749908631087db95aa077&limit=500&offset=0&sizeThreshold=0.0&_cb=1769437144 HTTP/1.1" 200 None
2026-01-26 14:19:06 DEBUG urllib3.connectionpool https://data-api.polymarket.com:443 "GET /positions?user=0xf5d4c1341267162afc3749908631087db95aa077&limit=500&offset=500&sizeThreshold=0.0&_cb=1769437144 HTTP/1.1" 200 None
2026-01-26 14:19:07 DEBUG urllib3.connectionpool https://data-api.polymarket.com:443 "GET /positions?user=0x2C23aba6C7BC73a032F9bd2A413188f33ff4599f&limit=500&offset=0&sizeThreshold=0.0&sortBy=TOKENS&sortDirection=DESC HTTP/1.1" 200 None
2026-01-26 14:19:07 INFO __main__ [SKIP] closed_positions filtered target=248 my=6 (trading only, risk still uses unfiltered)
2026-01-26 14:19:07 INFO __main__ [SAFE] actions_empty reduce_reconcile_set size=4 recent_sec=600 lag_ms=0 actions=0 actions_unreliable=False
2026-01-26 14:19:07 INFO __main__ [SKIP] long_ignore token_id=107854623063551848956959323683906084993759235411761278828050226188359888582895 expires_at=1764460800 end_date=2025-11-30T00:00:00Z
2026-01-26 14:19:07 INFO __main__ [SKIP] long_ignore token_id=93234833651290403107627925842341315568920086887489975925643046473406259664707 expires_at=1764694800 end_date=2025-12-02T17:00:00Z
2026-01-26 14:19:07 INFO __main__ [SKIP] long_ignore token_id=78280942695237665984381826147483624552959750094987001751755383401313451401568 expires_at=1766095200 end_date=2025-12-18T22:00:00Z
2026-01-26 14:19:07 INFO __main__ [RISK_SUMMARY] used_total=5.6404 used_total_shadow=5.6404 open_buy_orders_usd=0 shadow_buy_usd=0.0 recent_buy_usd=0.0 top_tokens=['78246210666082377632623139827154050778673061043185648855349012977046369895248=5.4500', '78280942695237665984381826147483624552959750094987001751755383401313451401568=0.0600', '45114117423978908058411784388250724650163815971233725858783887280844341990470=0.0400', '52365552199401369443408259986324629171792690921627298943075194906042228248932=0.0171', '93234833651290403107627925842341315568920086887489975925643046473406259664707=0.0160']
2026-01-26 14:19:27 DEBUG urllib3.connectionpool Starting new HTTPS connection (1): clob.polymarket.com:443
2026-01-26 14:19:27 DEBUG urllib3.connectionpool https://clob.polymarket.com:443 "GET /data/orders?next_cursor=MA== HTTP/1.1" 200 None
2026-01-26 14:19:27 DEBUG urllib3.connectionpool https://data-api.polymarket.com:443 "GET /trades?user=0xf5d4c1341267162afc3749908631087db95aa077&limit=300&offset=0&takerOnly=False HTTP/1.1" 200 None
2026-01-26 14:19:28 DEBUG urllib3.connectionpool https://data-api.polymarket.com:443 "GET /trades?user=0x2C23aba6C7BC73a032F9bd2A413188f33ff4599f&limit=300&offset=0&takerOnly=False HTTP/1.1" 200 None
2026-01-26 14:19:28 DEBUG urllib3.connectionpool Starting new HTTPS connection (1): data-api.polymarket.com:443
2026-01-26 14:19:29 DEBUG urllib3.connectionpool https://data-api.polymarket.com:443 "GET /positions?user=0xf5d4c1341267162afc3749908631087db95aa077&limit=500&offset=0&sizeThreshold=0.0&_cb=1769437168 HTTP/1.1" 200 None
2026-01-26 14:19:29 DEBUG urllib3.connectionpool https://data-api.polymarket.com:443 "GET /positions?user=0xf5d4c1341267162afc3749908631087db95aa077&limit=500&offset=500&sizeThreshold=0.0&_cb=1769437168 HTTP/1.1" 200 None
2026-01-26 14:19:30 DEBUG urllib3.connectionpool https://data-api.polymarket.com:443 "GET /positions?user=0x2C23aba6C7BC73a032F9bd2A413188f33ff4599f&limit=500&offset=0&sizeThreshold=0.0&sortBy=TOKENS&sortDirection=DESC HTTP/1.1" 200 None
2026-01-26 14:19:30 INFO __main__ [SKIP] closed_positions filtered target=248 my=6 (trading only, risk still uses unfiltered)
2026-01-26 14:19:30 INFO __main__ [SAFE] actions_empty reduce_reconcile_set size=4 recent_sec=600 lag_ms=0 actions=0 actions_unreliable=False
2026-01-26 14:19:30 INFO __main__ [SKIP] long_ignore token_id=107854623063551848956959323683906084993759235411761278828050226188359888582895 expires_at=1764460800 end_date=2025-11-30T00:00:00Z
2026-01-26 14:19:30 INFO __main__ [SKIP] long_ignore token_id=93234833651290403107627925842341315568920086887489975925643046473406259664707 expires_at=1764694800 end_date=2025-12-02T17:00:00Z
2026-01-26 14:19:30 INFO __main__ [SKIP] long_ignore token_id=78280942695237665984381826147483624552959750094987001751755383401313451401568 expires_at=1766095200 end_date=2025-12-18T22:00:00Z
2026-01-26 14:19:30 INFO __main__ [RISK_SUMMARY] used_total=5.6404 used_total_shadow=5.6404 open_buy_orders_usd=0 shadow_buy_usd=0.0 recent_buy_usd=0.0 top_tokens=['78246210666082377632623139827154050778673061043185648855349012977046369895248=5.4500', '78280942695237665984381826147483624552959750094987001751755383401313451401568=0.0600', '45114117423978908058411784388250724650163815971233725858783887280844341990470=0.0400', '52365552199401369443408259986324629171792690921627298943075194906042228248932=0.0171', '93234833651290403107627925842341315568920086887489975925643046473406259664707=0.0160']
2026-01-26 14:19:50 DEBUG urllib3.connectionpool Starting new HTTPS connection (1): clob.polymarket.com:443
2026-01-26 14:19:50 DEBUG urllib3.connectionpool https://clob.polymarket.com:443 "GET /data/orders?next_cursor=MA== HTTP/1.1" 200 None
2026-01-26 14:19:50 DEBUG urllib3.connectionpool https://data-api.polymarket.com:443 "GET /trades?user=0xf5d4c1341267162afc3749908631087db95aa077&limit=300&offset=0&takerOnly=False HTTP/1.1" 200 None
2026-01-26 14:19:51 DEBUG urllib3.connectionpool https://data-api.polymarket.com:443 "GET /trades?user=0x2C23aba6C7BC73a032F9bd2A413188f33ff4599f&limit=300&offset=0&takerOnly=False HTTP/1.1" 200 None
2026-01-26 14:19:51 DEBUG urllib3.connectionpool Starting new HTTPS connection (1): data-api.polymarket.com:443
2026-01-26 14:19:51 DEBUG urllib3.connectionpool https://data-api.polymarket.com:443 "GET /positions?user=0xf5d4c1341267162afc3749908631087db95aa077&limit=500&offset=0&sizeThreshold=0.0&_cb=1769437191 HTTP/1.1" 200 None
2026-01-26 14:19:52 DEBUG urllib3.connectionpool https://data-api.polymarket.com:443 "GET /positions?user=0xf5d4c1341267162afc3749908631087db95aa077&limit=500&offset=500&sizeThreshold=0.0&_cb=1769437191 HTTP/1.1" 200 None
2026-01-26 14:19:52 DEBUG urllib3.connectionpool https://data-api.polymarket.com:443 "GET /positions?user=0x2C23aba6C7BC73a032F9bd2A413188f33ff4599f&limit=500&offset=0&sizeThreshold=0.0&sortBy=TOKENS&sortDirection=DESC HTTP/1.1" 200 None
2026-01-26 14:19:52 INFO __main__ [SKIP] closed_positions filtered target=248 my=6 (trading only, risk still uses unfiltered)
2026-01-26 14:19:52 INFO __main__ [SAFE] actions_empty reduce_reconcile_set size=4 recent_sec=600 lag_ms=0 actions=0 actions_unreliable=False
2026-01-26 14:19:52 INFO __main__ [SKIP] long_ignore token_id=107854623063551848956959323683906084993759235411761278828050226188359888582895 expires_at=1764460800 end_date=2025-11-30T00:00:00Z
2026-01-26 14:19:52 INFO __main__ [SKIP] long_ignore token_id=93234833651290403107627925842341315568920086887489975925643046473406259664707 expires_at=1764694800 end_date=2025-12-02T17:00:00Z
2026-01-26 14:19:52 INFO __main__ [SKIP] long_ignore token_id=78280942695237665984381826147483624552959750094987001751755383401313451401568 expires_at=1766095200 end_date=2025-12-18T22:00:00Z
2026-01-26 14:19:52 INFO __main__ [RISK_SUMMARY] used_total=5.6404 used_total_shadow=5.6404 open_buy_orders_usd=0 shadow_buy_usd=0.0 recent_buy_usd=0.0 top_tokens=['78246210666082377632623139827154050778673061043185648855349012977046369895248=5.4500', '78280942695237665984381826147483624552959750094987001751755383401313451401568=0.0600', '45114117423978908058411784388250724650163815971233725858783887280844341990470=0.0400', '52365552199401369443408259986324629171792690921627298943075194906042228248932=0.0171', '93234833651290403107627925842341315568920086887489975925643046473406259664707=0.0160']
2026-01-26 14:20:12 DEBUG urllib3.connectionpool Starting new HTTPS connection (1): clob.polymarket.com:443
2026-01-26 14:20:13 DEBUG urllib3.connectionpool https://clob.polymarket.com:443 "GET /data/orders?next_cursor=MA== HTTP/1.1" 200 None
2026-01-26 14:20:14 DEBUG urllib3.connectionpool https://data-api.polymarket.com:443 "GET /trades?user=0xf5d4c1341267162afc3749908631087db95aa077&limit=300&offset=0&takerOnly=False HTTP/1.1" 200 None
2026-01-26 14:20:14 DEBUG urllib3.connectionpool https://data-api.polymarket.com:443 "GET /trades?user=0x2C23aba6C7BC73a032F9bd2A413188f33ff4599f&limit=300&offset=0&takerOnly=False HTTP/1.1" 200 None
2026-01-26 14:20:14 DEBUG urllib3.connectionpool Starting new HTTPS connection (1): data-api.polymarket.com:443
2026-01-26 14:20:15 DEBUG urllib3.connectionpool https://data-api.polymarket.com:443 "GET /positions?user=0xf5d4c1341267162afc3749908631087db95aa077&limit=500&offset=0&sizeThreshold=0.0&_cb=1769437214 HTTP/1.1" 200 None
2026-01-26 14:20:15 DEBUG urllib3.connectionpool https://data-api.polymarket.com:443 "GET /positions?user=0xf5d4c1341267162afc3749908631087db95aa077&limit=500&offset=500&sizeThreshold=0.0&_cb=1769437214 HTTP/1.1" 200 None
2026-01-26 14:20:15 DEBUG urllib3.connectionpool https://data-api.polymarket.com:443 "GET /positions?user=0x2C23aba6C7BC73a032F9bd2A413188f33ff4599f&limit=500&offset=0&sizeThreshold=0.0&sortBy=TOKENS&sortDirection=DESC HTTP/1.1" 200 None
2026-01-26 14:20:15 INFO __main__ [SKIP] closed_positions filtered target=248 my=6 (trading only, risk still uses unfiltered)
2026-01-26 14:20:15 INFO __main__ [SAFE] actions_empty reduce_reconcile_set size=4 recent_sec=600 lag_ms=0 actions=0 actions_unreliable=False
2026-01-26 14:20:15 INFO __main__ [SKIP] long_ignore token_id=107854623063551848956959323683906084993759235411761278828050226188359888582895 expires_at=1764460800 end_date=2025-11-30T00:00:00Z
2026-01-26 14:20:15 INFO __main__ [SKIP] long_ignore token_id=93234833651290403107627925842341315568920086887489975925643046473406259664707 expires_at=1764694800 end_date=2025-12-02T17:00:00Z
2026-01-26 14:20:15 INFO __main__ [SKIP] long_ignore token_id=78280942695237665984381826147483624552959750094987001751755383401313451401568 expires_at=1766095200 end_date=2025-12-18T22:00:00Z
2026-01-26 14:20:15 INFO __main__ [RISK_SUMMARY] used_total=5.6404 used_total_shadow=5.6404 open_buy_orders_usd=0 shadow_buy_usd=0.0 recent_buy_usd=0.0 top_tokens=['78246210666082377632623139827154050778673061043185648855349012977046369895248=5.4500', '78280942695237665984381826147483624552959750094987001751755383401313451401568=0.0600', '45114117423978908058411784388250724650163815971233725858783887280844341990470=0.0400', '52365552199401369443408259986324629171792690921627298943075194906042228248932=0.0171', '93234833651290403107627925842341315568920086887489975925643046473406259664707=0.0160']
2026-01-26 14:20:35 DEBUG urllib3.connectionpool Starting new HTTPS connection (1): clob.polymarket.com:443
2026-01-26 14:20:36 DEBUG urllib3.connectionpool https://clob.polymarket.com:443 "GET /data/orders?next_cursor=MA== HTTP/1.1" 200 None
2026-01-26 14:20:36 DEBUG urllib3.connectionpool https://data-api.polymarket.com:443 "GET /trades?user=0xf5d4c1341267162afc3749908631087db95aa077&limit=300&offset=0&takerOnly=False HTTP/1.1" 200 None
2026-01-26 14:20:37 DEBUG urllib3.connectionpool https://data-api.polymarket.com:443 "GET /trades?user=0x2C23aba6C7BC73a032F9bd2A413188f33ff4599f&limit=300&offset=0&takerOnly=False HTTP/1.1" 200 None
2026-01-26 14:20:37 DEBUG urllib3.connectionpool Starting new HTTPS connection (1): data-api.polymarket.com:443
2026-01-26 14:20:37 DEBUG urllib3.connectionpool https://data-api.polymarket.com:443 "GET /positions?user=0xf5d4c1341267162afc3749908631087db95aa077&limit=500&offset=0&sizeThreshold=0.0&_cb=1769437237 HTTP/1.1" 200 None
2026-01-26 14:20:38 DEBUG urllib3.connectionpool https://data-api.polymarket.com:443 "GET /positions?user=0xf5d4c1341267162afc3749908631087db95aa077&limit=500&offset=500&sizeThreshold=0.0&_cb=1769437237 HTTP/1.1" 200 None
2026-01-26 14:20:38 DEBUG urllib3.connectionpool https://data-api.polymarket.com:443 "GET /positions?user=0x2C23aba6C7BC73a032F9bd2A413188f33ff4599f&limit=500&offset=0&sizeThreshold=0.0&sortBy=TOKENS&sortDirection=DESC HTTP/1.1" 200 None
2026-01-26 14:20:38 INFO __main__ [SKIP] closed_positions filtered target=248 my=6 (trading only, risk still uses unfiltered)
2026-01-26 14:20:38 INFO __main__ [SAFE] actions_empty reduce_reconcile_set size=4 recent_sec=600 lag_ms=0 actions=0 actions_unreliable=False
2026-01-26 14:20:38 INFO __main__ [SKIP] long_ignore token_id=107854623063551848956959323683906084993759235411761278828050226188359888582895 expires_at=1764460800 end_date=2025-11-30T00:00:00Z
2026-01-26 14:20:38 INFO __main__ [SKIP] long_ignore token_id=93234833651290403107627925842341315568920086887489975925643046473406259664707 expires_at=1764694800 end_date=2025-12-02T17:00:00Z
2026-01-26 14:20:38 INFO __main__ [SKIP] long_ignore token_id=78280942695237665984381826147483624552959750094987001751755383401313451401568 expires_at=1766095200 end_date=2025-12-18T22:00:00Z
2026-01-26 14:20:38 INFO __main__ [RISK_SUMMARY] used_total=5.6404 used_total_shadow=5.6404 open_buy_orders_usd=0 shadow_buy_usd=0.0 recent_buy_usd=0.0 top_tokens=['78246210666082377632623139827154050778673061043185648855349012977046369895248=5.4500', '78280942695237665984381826147483624552959750094987001751755383401313451401568=0.0600', '45114117423978908058411784388250724650163815971233725858783887280844341990470=0.0400', '52365552199401369443408259986324629171792690921627298943075194906042228248932=0.0171', '93234833651290403107627925842341315568920086887489975925643046473406259664707=0.0160']
2026-01-26 14:20:58 DEBUG urllib3.connectionpool Starting new HTTPS connection (1): clob.polymarket.com:443
2026-01-26 14:20:59 DEBUG urllib3.connectionpool https://clob.polymarket.com:443 "GET /data/orders?next_cursor=MA== HTTP/1.1" 200 None
2026-01-26 14:20:59 DEBUG urllib3.connectionpool https://data-api.polymarket.com:443 "GET /trades?user=0xf5d4c1341267162afc3749908631087db95aa077&limit=300&offset=0&takerOnly=False HTTP/1.1" 200 None
2026-01-26 14:20:59 DEBUG urllib3.connectionpool https://data-api.polymarket.com:443 "GET /trades?user=0x2C23aba6C7BC73a032F9bd2A413188f33ff4599f&limit=300&offset=0&takerOnly=False HTTP/1.1" 200 None
2026-01-26 14:20:59 DEBUG urllib3.connectionpool Starting new HTTPS connection (1): data-api.polymarket.com:443
2026-01-26 14:21:00 DEBUG urllib3.connectionpool https://data-api.polymarket.com:443 "GET /positions?user=0xf5d4c1341267162afc3749908631087db95aa077&limit=500&offset=0&sizeThreshold=0.0&_cb=1769437259 HTTP/1.1" 200 None
2026-01-26 14:21:00 DEBUG urllib3.connectionpool https://data-api.polymarket.com:443 "GET /positions?user=0xf5d4c1341267162afc3749908631087db95aa077&limit=500&offset=500&sizeThreshold=0.0&_cb=1769437259 HTTP/1.1" 200 None
2026-01-26 14:21:01 DEBUG urllib3.connectionpool https://data-api.polymarket.com:443 "GET /positions?user=0x2C23aba6C7BC73a032F9bd2A413188f33ff4599f&limit=500&offset=0&sizeThreshold=0.0&sortBy=TOKENS&sortDirection=DESC HTTP/1.1" 200 None
2026-01-26 14:21:01 INFO __main__ [SKIP] closed_positions filtered target=248 my=6 (trading only, risk still uses unfiltered)
2026-01-26 14:21:01 INFO __main__ [SAFE] actions_empty reduce_reconcile_set size=4 recent_sec=600 lag_ms=0 actions=0 actions_unreliable=False
2026-01-26 14:21:01 INFO __main__ [SKIP] long_ignore token_id=107854623063551848956959323683906084993759235411761278828050226188359888582895 expires_at=1764460800 end_date=2025-11-30T00:00:00Z
2026-01-26 14:21:01 INFO __main__ [SKIP] long_ignore token_id=93234833651290403107627925842341315568920086887489975925643046473406259664707 expires_at=1764694800 end_date=2025-12-02T17:00:00Z
2026-01-26 14:21:01 INFO __main__ [SKIP] long_ignore token_id=78280942695237665984381826147483624552959750094987001751755383401313451401568 expires_at=1766095200 end_date=2025-12-18T22:00:00Z
2026-01-26 14:21:01 INFO __main__ [RISK_SUMMARY] used_total=5.6404 used_total_shadow=5.6404 open_buy_orders_usd=0 shadow_buy_usd=0.0 recent_buy_usd=0.0 top_tokens=['78246210666082377632623139827154050778673061043185648855349012977046369895248=5.4500', '78280942695237665984381826147483624552959750094987001751755383401313451401568=0.0600', '45114117423978908058411784388250724650163815971233725858783887280844341990470=0.0400', '52365552199401369443408259986324629171792690921627298943075194906042228248932=0.0171', '93234833651290403107627925842341315568920086887489975925643046473406259664707=0.0160']
2026-01-26 14:21:21 DEBUG urllib3.connectionpool Starting new HTTPS connection (1): clob.polymarket.com:443
2026-01-26 14:21:21 DEBUG urllib3.connectionpool https://clob.polymarket.com:443 "GET /data/orders?next_cursor=MA== HTTP/1.1" 200 None
2026-01-26 14:21:21 DEBUG urllib3.connectionpool https://data-api.polymarket.com:443 "GET /trades?user=0xf5d4c1341267162afc3749908631087db95aa077&limit=300&offset=0&takerOnly=False HTTP/1.1" 200 None
2026-01-26 14:21:22 DEBUG urllib3.connectionpool https://data-api.polymarket.com:443 "GET /trades?user=0x2C23aba6C7BC73a032F9bd2A413188f33ff4599f&limit=300&offset=0&takerOnly=False HTTP/1.1" 200 None
2026-01-26 14:21:22 DEBUG urllib3.connectionpool Starting new HTTPS connection (1): data-api.polymarket.com:443
2026-01-26 14:21:23 DEBUG urllib3.connectionpool https://data-api.polymarket.com:443 "GET /positions?user=0xf5d4c1341267162afc3749908631087db95aa077&limit=500&offset=0&sizeThreshold=0.0&_cb=1769437282 HTTP/1.1" 200 None
2026-01-26 14:21:23 DEBUG urllib3.connectionpool https://data-api.polymarket.com:443 "GET /positions?user=0xf5d4c1341267162afc3749908631087db95aa077&limit=500&offset=500&sizeThreshold=0.0&_cb=1769437282 HTTP/1.1" 200 None
2026-01-26 14:21:23 DEBUG urllib3.connectionpool https://data-api.polymarket.com:443 "GET /positions?user=0x2C23aba6C7BC73a032F9bd2A413188f33ff4599f&limit=500&offset=0&sizeThreshold=0.0&sortBy=TOKENS&sortDirection=DESC HTTP/1.1" 200 None
2026-01-26 14:21:23 INFO __main__ [SKIP] closed_positions filtered target=248 my=6 (trading only, risk still uses unfiltered)
2026-01-26 14:21:23 INFO __main__ [SAFE] actions_empty reduce_reconcile_set size=4 recent_sec=600 lag_ms=0 actions=0 actions_unreliable=False
2026-01-26 14:21:23 INFO __main__ [SKIP] long_ignore token_id=107854623063551848956959323683906084993759235411761278828050226188359888582895 expires_at=1764460800 end_date=2025-11-30T00:00:00Z
2026-01-26 14:21:23 INFO __main__ [SKIP] long_ignore token_id=93234833651290403107627925842341315568920086887489975925643046473406259664707 expires_at=1764694800 end_date=2025-12-02T17:00:00Z
2026-01-26 14:21:23 INFO __main__ [SKIP] long_ignore token_id=78280942695237665984381826147483624552959750094987001751755383401313451401568 expires_at=1766095200 end_date=2025-12-18T22:00:00Z
2026-01-26 14:21:23 INFO __main__ [RISK_SUMMARY] used_total=5.6404 used_total_shadow=5.6404 open_buy_orders_usd=0 shadow_buy_usd=0.0 recent_buy_usd=0.0 top_tokens=['78246210666082377632623139827154050778673061043185648855349012977046369895248=5.4500', '78280942695237665984381826147483624552959750094987001751755383401313451401568=0.0600', '45114117423978908058411784388250724650163815971233725858783887280844341990470=0.0400', '52365552199401369443408259986324629171792690921627298943075194906042228248932=0.0171', '93234833651290403107627925842341315568920086887489975925643046473406259664707=0.0160']
2026-01-26 14:21:43 DEBUG urllib3.connectionpool Starting new HTTPS connection (1): clob.polymarket.com:443
2026-01-26 14:21:44 DEBUG urllib3.connectionpool https://clob.polymarket.com:443 "GET /data/orders?next_cursor=MA== HTTP/1.1" 200 None
2026-01-26 14:21:44 DEBUG urllib3.connectionpool https://data-api.polymarket.com:443 "GET /trades?user=0xf5d4c1341267162afc3749908631087db95aa077&limit=300&offset=0&takerOnly=False HTTP/1.1" 200 None
2026-01-26 14:21:45 DEBUG urllib3.connectionpool https://data-api.polymarket.com:443 "GET /trades?user=0x2C23aba6C7BC73a032F9bd2A413188f33ff4599f&limit=300&offset=0&takerOnly=False HTTP/1.1" 200 None
2026-01-26 14:21:45 DEBUG urllib3.connectionpool Starting new HTTPS connection (1): data-api.polymarket.com:443
2026-01-26 14:21:46 DEBUG urllib3.connectionpool https://data-api.polymarket.com:443 "GET /positions?user=0xf5d4c1341267162afc3749908631087db95aa077&limit=500&offset=0&sizeThreshold=0.0&_cb=1769437305 HTTP/1.1" 200 None
2026-01-26 14:21:46 DEBUG urllib3.connectionpool https://data-api.polymarket.com:443 "GET /positions?user=0xf5d4c1341267162afc3749908631087db95aa077&limit=500&offset=500&sizeThreshold=0.0&_cb=1769437305 HTTP/1.1" 200 None
2026-01-26 14:21:46 DEBUG urllib3.connectionpool https://data-api.polymarket.com:443 "GET /positions?user=0x2C23aba6C7BC73a032F9bd2A413188f33ff4599f&limit=500&offset=0&sizeThreshold=0.0&sortBy=TOKENS&sortDirection=DESC HTTP/1.1" 200 None
2026-01-26 14:21:46 INFO __main__ [SKIP] closed_positions filtered target=248 my=6 (trading only, risk still uses unfiltered)
2026-01-26 14:21:46 INFO __main__ [SAFE] actions_empty reduce_reconcile_set size=4 recent_sec=600 lag_ms=0 actions=0 actions_unreliable=False
2026-01-26 14:21:46 INFO __main__ [SKIP] long_ignore token_id=107854623063551848956959323683906084993759235411761278828050226188359888582895 expires_at=1764460800 end_date=2025-11-30T00:00:00Z
2026-01-26 14:21:46 INFO __main__ [SKIP] long_ignore token_id=93234833651290403107627925842341315568920086887489975925643046473406259664707 expires_at=1764694800 end_date=2025-12-02T17:00:00Z
2026-01-26 14:21:46 INFO __main__ [SKIP] long_ignore token_id=78280942695237665984381826147483624552959750094987001751755383401313451401568 expires_at=1766095200 end_date=2025-12-18T22:00:00Z
2026-01-26 14:21:46 INFO __main__ [RISK_SUMMARY] used_total=5.6404 used_total_shadow=5.6404 open_buy_orders_usd=0 shadow_buy_usd=0.0 recent_buy_usd=0.0 top_tokens=['78246210666082377632623139827154050778673061043185648855349012977046369895248=5.4500', '78280942695237665984381826147483624552959750094987001751755383401313451401568=0.0600', '45114117423978908058411784388250724650163815971233725858783887280844341990470=0.0400', '52365552199401369443408259986324629171792690921627298943075194906042228248932=0.0171', '93234833651290403107627925842341315568920086887489975925643046473406259664707=0.0160']
2026-01-26 14:22:06 DEBUG urllib3.connectionpool Starting new HTTPS connection (1): clob.polymarket.com:443
2026-01-26 14:22:07 DEBUG urllib3.connectionpool https://clob.polymarket.com:443 "GET /data/orders?next_cursor=MA== HTTP/1.1" 200 None
2026-01-26 14:22:07 DEBUG urllib3.connectionpool https://data-api.polymarket.com:443 "GET /trades?user=0xf5d4c1341267162afc3749908631087db95aa077&limit=300&offset=0&takerOnly=False HTTP/1.1" 200 None
2026-01-26 14:22:08 DEBUG urllib3.connectionpool https://data-api.polymarket.com:443 "GET /trades?user=0x2C23aba6C7BC73a032F9bd2A413188f33ff4599f&limit=300&offset=0&takerOnly=False HTTP/1.1" 200 None
2026-01-26 14:22:08 DEBUG urllib3.connectionpool Starting new HTTPS connection (1): data-api.polymarket.com:443
2026-01-26 14:22:09 DEBUG urllib3.connectionpool https://data-api.polymarket.com:443 "GET /positions?user=0xf5d4c1341267162afc3749908631087db95aa077&limit=500&offset=0&sizeThreshold=0.0&_cb=1769437328 HTTP/1.1" 200 None
2026-01-26 14:22:09 DEBUG urllib3.connectionpool https://data-api.polymarket.com:443 "GET /positions?user=0xf5d4c1341267162afc3749908631087db95aa077&limit=500&offset=500&sizeThreshold=0.0&_cb=1769437328 HTTP/1.1" 200 None
2026-01-26 14:22:09 DEBUG urllib3.connectionpool https://data-api.polymarket.com:443 "GET /positions?user=0x2C23aba6C7BC73a032F9bd2A413188f33ff4599f&limit=500&offset=0&sizeThreshold=0.0&sortBy=TOKENS&sortDirection=DESC HTTP/1.1" 200 None
2026-01-26 14:22:09 INFO __main__ [SKIP] closed_positions filtered target=248 my=6 (trading only, risk still uses unfiltered)
2026-01-26 14:22:09 INFO __main__ [SAFE] actions_empty reduce_reconcile_set size=4 recent_sec=600 lag_ms=0 actions=0 actions_unreliable=False
2026-01-26 14:22:09 INFO __main__ [SKIP] long_ignore token_id=107854623063551848956959323683906084993759235411761278828050226188359888582895 expires_at=1764460800 end_date=2025-11-30T00:00:00Z
2026-01-26 14:22:09 INFO __main__ [SKIP] long_ignore token_id=93234833651290403107627925842341315568920086887489975925643046473406259664707 expires_at=1764694800 end_date=2025-12-02T17:00:00Z
2026-01-26 14:22:09 INFO __main__ [SKIP] long_ignore token_id=78280942695237665984381826147483624552959750094987001751755383401313451401568 expires_at=1766095200 end_date=2025-12-18T22:00:00Z
2026-01-26 14:22:09 INFO __main__ [RISK_SUMMARY] used_total=5.6404 used_total_shadow=5.6404 open_buy_orders_usd=0 shadow_buy_usd=0.0 recent_buy_usd=0.0 top_tokens=['78246210666082377632623139827154050778673061043185648855349012977046369895248=5.4500', '78280942695237665984381826147483624552959750094987001751755383401313451401568=0.0600', '45114117423978908058411784388250724650163815971233725858783887280844341990470=0.0400', '52365552199401369443408259986324629171792690921627298943075194906042228248932=0.0171', '93234833651290403107627925842341315568920086887489975925643046473406259664707=0.0160']
2026-01-26 14:22:29 INFO __main__ [CFG] reloaded (interval)
2026-01-26 14:22:29 DEBUG urllib3.connectionpool Starting new HTTPS connection (1): clob.polymarket.com:443
2026-01-26 14:22:30 DEBUG urllib3.connectionpool https://clob.polymarket.com:443 "GET /data/orders?next_cursor=MA== HTTP/1.1" 200 None
2026-01-26 14:22:31 DEBUG urllib3.connectionpool https://data-api.polymarket.com:443 "GET /trades?user=0xf5d4c1341267162afc3749908631087db95aa077&limit=300&offset=0&takerOnly=False HTTP/1.1" 200 None
2026-01-26 14:22:31 DEBUG urllib3.connectionpool https://data-api.polymarket.com:443 "GET /trades?user=0x2C23aba6C7BC73a032F9bd2A413188f33ff4599f&limit=300&offset=0&takerOnly=False HTTP/1.1" 200 None
2026-01-26 14:22:31 DEBUG urllib3.connectionpool Starting new HTTPS connection (1): data-api.polymarket.com:443
2026-01-26 14:22:32 DEBUG urllib3.connectionpool https://data-api.polymarket.com:443 "GET /positions?user=0xf5d4c1341267162afc3749908631087db95aa077&limit=500&offset=0&sizeThreshold=0.0&_cb=1769437351 HTTP/1.1" 200 None
2026-01-26 14:22:33 DEBUG urllib3.connectionpool https://data-api.polymarket.com:443 "GET /positions?user=0xf5d4c1341267162afc3749908631087db95aa077&limit=500&offset=500&sizeThreshold=0.0&_cb=1769437351 HTTP/1.1" 200 None
2026-01-26 14:22:33 DEBUG urllib3.connectionpool https://data-api.polymarket.com:443 "GET /positions?user=0x2C23aba6C7BC73a032F9bd2A413188f33ff4599f&limit=500&offset=0&sizeThreshold=0.0&sortBy=TOKENS&sortDirection=DESC HTTP/1.1" 200 None
2026-01-26 14:22:33 INFO __main__ [SKIP] closed_positions filtered target=248 my=6 (trading only, risk still uses unfiltered)
2026-01-26 14:22:33 INFO __main__ [POS] target_count=0 my_count=4 target_incomplete=False my_incomplete=False | t_src=http_positions t_cb=1769437351 t_rsec=25 t_mode=sec t_http=200 t_hit=None
2026-01-26 14:22:33 INFO __main__ [POS] target cache_headers_first={'CF-Cache-Status': 'MISS', 'Cache-Control': 'public, max-age=1', 'Last-Modified': 'Mon, 26 Jan 2026 14:22:32 GMT', 'Date': 'Mon, 26 Jan 2026 14:22:32 GMT', 'Server': 'cloudflare'}
2026-01-26 14:22:33 INFO __main__ [POS] target cache_headers_last={'CF-Cache-Status': 'MISS', 'Cache-Control': 'public, max-age=1', 'Last-Modified': 'Mon, 26 Jan 2026 14:22:33 GMT', 'Date': 'Mon, 26 Jan 2026 14:22:33 GMT', 'Server': 'cloudflare'}
2026-01-26 14:22:33 INFO __main__ [SAFE] actions_empty reduce_reconcile_set size=4 recent_sec=600 lag_ms=0 actions=0 actions_unreliable=False
2026-01-26 14:22:33 INFO __main__ [SKIP] long_ignore token_id=107854623063551848956959323683906084993759235411761278828050226188359888582895 expires_at=1764460800 end_date=2025-11-30T00:00:00Z
2026-01-26 14:22:33 INFO __main__ [SKIP] long_ignore token_id=93234833651290403107627925842341315568920086887489975925643046473406259664707 expires_at=1764694800 end_date=2025-12-02T17:00:00Z
2026-01-26 14:22:33 INFO __main__ [SKIP] long_ignore token_id=78280942695237665984381826147483624552959750094987001751755383401313451401568 expires_at=1766095200 end_date=2025-12-18T22:00:00Z
2026-01-26 14:22:33 INFO __main__ [RISK_SUMMARY] used_total=5.6404 used_total_shadow=5.6404 open_buy_orders_usd=0 shadow_buy_usd=0.0 recent_buy_usd=0.0 top_tokens=['78246210666082377632623139827154050778673061043185648855349012977046369895248=5.4500', '78280942695237665984381826147483624552959750094987001751755383401313451401568=0.0600', '45114117423978908058411784388250724650163815971233725858783887280844341990470=0.0400', '52365552199401369443408259986324629171792690921627298943075194906042228248932=0.0171', '93234833651290403107627925842341315568920086887489975925643046473406259664707=0.0160']
2026-01-26 14:22:53 DEBUG urllib3.connectionpool Starting new HTTPS connection (1): clob.polymarket.com:443
2026-01-26 14:22:54 DEBUG urllib3.connectionpool https://clob.polymarket.com:443 "GET /data/orders?next_cursor=MA== HTTP/1.1" 200 None
2026-01-26 14:22:54 DEBUG urllib3.connectionpool https://data-api.polymarket.com:443 "GET /trades?user=0xf5d4c1341267162afc3749908631087db95aa077&limit=300&offset=0&takerOnly=False HTTP/1.1" 200 None
2026-01-26 14:22:55 DEBUG urllib3.connectionpool https://data-api.polymarket.com:443 "GET /trades?user=0x2C23aba6C7BC73a032F9bd2A413188f33ff4599f&limit=300&offset=0&takerOnly=False HTTP/1.1" 200 None
2026-01-26 14:22:55 DEBUG urllib3.connectionpool Starting new HTTPS connection (1): data-api.polymarket.com:443
2026-01-26 14:22:55 DEBUG urllib3.connectionpool https://data-api.polymarket.com:443 "GET /positions?user=0xf5d4c1341267162afc3749908631087db95aa077&limit=500&offset=0&sizeThreshold=0.0&_cb=1769437375 HTTP/1.1" 200 None
2026-01-26 14:22:56 DEBUG urllib3.connectionpool https://data-api.polymarket.com:443 "GET /positions?user=0xf5d4c1341267162afc3749908631087db95aa077&limit=500&offset=500&sizeThreshold=0.0&_cb=1769437375 HTTP/1.1" 200 None
2026-01-26 14:22:56 DEBUG urllib3.connectionpool https://data-api.polymarket.com:443 "GET /positions?user=0x2C23aba6C7BC73a032F9bd2A413188f33ff4599f&limit=500&offset=0&sizeThreshold=0.0&sortBy=TOKENS&sortDirection=DESC HTTP/1.1" 200 None
2026-01-26 14:22:56 INFO __main__ [SKIP] closed_positions filtered target=248 my=6 (trading only, risk still uses unfiltered)
2026-01-26 14:22:56 INFO __main__ [SAFE] actions_empty reduce_reconcile_set size=4 recent_sec=600 lag_ms=0 actions=0 actions_unreliable=False
2026-01-26 14:22:56 DEBUG urllib3.connectionpool Starting new HTTPS connection (1): gamma-api.polymarket.com:443
2026-01-26 14:23:06 INFO __main__ [RISK_SUMMARY] used_total=5.6404 used_total_shadow=5.6404 open_buy_orders_usd=0 shadow_buy_usd=0.0 recent_buy_usd=0.0 top_tokens=['78246210666082377632623139827154050778673061043185648855349012977046369895248=5.4500', '78280942695237665984381826147483624552959750094987001751755383401313451401568=0.0600', '45114117423978908058411784388250724650163815971233725858783887280844341990470=0.0400', '52365552199401369443408259986324629171792690921627298943075194906042228248932=0.0171', '93234833651290403107627925842341315568920086887489975925643046473406259664707=0.0160']
2026-01-26 14:23:06 WARNING __main__ [WARN] market 状态未知(不阻塞交易): token_id=107854623063551848956959323683906084993759235411761278828050226188359888582895
2026-01-26 14:23:06 INFO __main__ [DBG] token_id=107854623063551848956959323683906084993759235411761278828050226188359888582895 missing=True missing_streak=1 t_now=None t_last=None my_shares=0.0117 open_orders_count=0
2026-01-26 14:23:06 INFO __main__ [DBG] token_id=107854623063551848956959323683906084993759235411761278828050226188359888582895 legacy_desired=0.0
2026-01-26 14:23:06 WARNING __main__ [WARN] market 状态未知(不阻塞交易): token_id=93234833651290403107627925842341315568920086887489975925643046473406259664707
2026-01-26 14:23:06 INFO __main__ [DBG] token_id=93234833651290403107627925842341315568920086887489975925643046473406259664707 missing=True missing_streak=1 t_now=None t_last=None my_shares=0.016 open_orders_count=0
2026-01-26 14:23:06 INFO __main__ [DBG] token_id=93234833651290403107627925842341315568920086887489975925643046473406259664707 legacy_desired=0.0
2026-01-26 14:23:06 WARNING __main__ [WARN] market 状态未知(不阻塞交易): token_id=78246210666082377632623139827154050778673061043185648855349012977046369895248
2026-01-26 14:23:06 WARNING __main__ [WARN] market 状态未知(不阻塞交易): token_id=78280942695237665984381826147483624552959750094987001751755383401313451401568
2026-01-26 14:23:06 INFO __main__ [DBG] token_id=78280942695237665984381826147483624552959750094987001751755383401313451401568 missing=True missing_streak=1 t_now=None t_last=None my_shares=0.06 open_orders_count=0
2026-01-26 14:23:06 INFO __main__ [DBG] token_id=78280942695237665984381826147483624552959750094987001751755383401313451401568 legacy_desired=0.0
2026-01-26 14:23:26 DEBUG urllib3.connectionpool Starting new HTTPS connection (1): clob.polymarket.com:443
2026-01-26 14:23:27 DEBUG urllib3.connectionpool https://clob.polymarket.com:443 "GET /data/orders?next_cursor=MA== HTTP/1.1" 200 None
2026-01-26 14:23:27 DEBUG urllib3.connectionpool https://data-api.polymarket.com:443 "GET /trades?user=0xf5d4c1341267162afc3749908631087db95aa077&limit=300&offset=0&takerOnly=False HTTP/1.1" 200 None
2026-01-26 14:23:28 DEBUG urllib3.connectionpool https://data-api.polymarket.com:443 "GET /trades?user=0x2C23aba6C7BC73a032F9bd2A413188f33ff4599f&limit=300&offset=0&takerOnly=False HTTP/1.1" 200 None
2026-01-26 14:23:28 DEBUG urllib3.connectionpool Starting new HTTPS connection (1): data-api.polymarket.com:443
2026-01-26 14:23:28 DEBUG urllib3.connectionpool https://data-api.polymarket.com:443 "GET /positions?user=0xf5d4c1341267162afc3749908631087db95aa077&limit=500&offset=0&sizeThreshold=0.0&_cb=1769437408 HTTP/1.1" 200 None
2026-01-26 14:23:29 DEBUG urllib3.connectionpool https://data-api.polymarket.com:443 "GET /positions?user=0xf5d4c1341267162afc3749908631087db95aa077&limit=500&offset=500&sizeThreshold=0.0&_cb=1769437408 HTTP/1.1" 200 None
2026-01-26 14:23:29 DEBUG urllib3.connectionpool https://data-api.polymarket.com:443 "GET /positions?user=0x2C23aba6C7BC73a032F9bd2A413188f33ff4599f&limit=500&offset=0&sizeThreshold=0.0&sortBy=TOKENS&sortDirection=DESC HTTP/1.1" 200 None
2026-01-26 14:23:29 INFO __main__ [SKIP] closed_positions filtered target=248 my=6 (trading only, risk still uses unfiltered)
2026-01-26 14:23:29 INFO __main__ [SAFE] actions_empty reduce_reconcile_set size=4 recent_sec=600 lag_ms=0 actions=0 actions_unreliable=False
2026-01-26 14:23:29 INFO __main__ [RISK_SUMMARY] used_total=5.6404 used_total_shadow=5.6404 open_buy_orders_usd=0 shadow_buy_usd=0.0 recent_buy_usd=0.0 top_tokens=['78246210666082377632623139827154050778673061043185648855349012977046369895248=5.4500', '78280942695237665984381826147483624552959750094987001751755383401313451401568=0.0600', '45114117423978908058411784388250724650163815971233725858783887280844341990470=0.0400', '52365552199401369443408259986324629171792690921627298943075194906042228248932=0.0171', '93234833651290403107627925842341315568920086887489975925643046473406259664707=0.0160']
2026-01-26 14:23:29 WARNING __main__ [WARN] market 状态未知(不阻塞交易): token_id=107854623063551848956959323683906084993759235411761278828050226188359888582895
2026-01-26 14:23:29 WARNING __main__ [WARN] market 状态未知(不阻塞交易): token_id=93234833651290403107627925842341315568920086887489975925643046473406259664707
2026-01-26 14:23:29 WARNING __main__ [WARN] market 状态未知(不阻塞交易): token_id=78246210666082377632623139827154050778673061043185648855349012977046369895248
2026-01-26 14:23:29 WARNING __main__ [WARN] market 状态未知(不阻塞交易): token_id=78280942695237665984381826147483624552959750094987001751755383401313451401568
2026-01-26 14:23:49 DEBUG urllib3.connectionpool Starting new HTTPS connection (1): clob.polymarket.com:443
2026-01-26 14:23:49 DEBUG urllib3.connectionpool https://clob.polymarket.com:443 "GET /data/orders?next_cursor=MA== HTTP/1.1" 200 None
2026-01-26 14:23:50 DEBUG urllib3.connectionpool https://data-api.polymarket.com:443 "GET /trades?user=0xf5d4c1341267162afc3749908631087db95aa077&limit=300&offset=0&takerOnly=False HTTP/1.1" 200 None
2026-01-26 14:23:50 DEBUG urllib3.connectionpool https://data-api.polymarket.com:443 "GET /trades?user=0x2C23aba6C7BC73a032F9bd2A413188f33ff4599f&limit=300&offset=0&takerOnly=False HTTP/1.1" 200 None
2026-01-26 14:23:50 DEBUG urllib3.connectionpool Starting new HTTPS connection (1): data-api.polymarket.com:443
2026-01-26 14:23:51 DEBUG urllib3.connectionpool https://data-api.polymarket.com:443 "GET /positions?user=0xf5d4c1341267162afc3749908631087db95aa077&limit=500&offset=0&sizeThreshold=0.0&_cb=1769437430 HTTP/1.1" 200 None
2026-01-26 14:23:51 DEBUG urllib3.connectionpool https://data-api.polymarket.com:443 "GET /positions?user=0xf5d4c1341267162afc3749908631087db95aa077&limit=500&offset=500&sizeThreshold=0.0&_cb=1769437430 HTTP/1.1" 200 None
2026-01-26 14:23:51 DEBUG urllib3.connectionpool https://data-api.polymarket.com:443 "GET /positions?user=0x2C23aba6C7BC73a032F9bd2A413188f33ff4599f&limit=500&offset=0&sizeThreshold=0.0&sortBy=TOKENS&sortDirection=DESC HTTP/1.1" 200 None
2026-01-26 14:23:51 INFO __main__ [SKIP] closed_positions filtered target=248 my=6 (trading only, risk still uses unfiltered)
2026-01-26 14:23:51 INFO __main__ [SAFE] actions_empty reduce_reconcile_set size=4 recent_sec=600 lag_ms=0 actions=0 actions_unreliable=False
2026-01-26 14:23:51 INFO __main__ [RISK_SUMMARY] used_total=5.6404 used_total_shadow=5.6404 open_buy_orders_usd=0 shadow_buy_usd=0.0 recent_buy_usd=0.0 top_tokens=['78246210666082377632623139827154050778673061043185648855349012977046369895248=5.4500', '78280942695237665984381826147483624552959750094987001751755383401313451401568=0.0600', '45114117423978908058411784388250724650163815971233725858783887280844341990470=0.0400', '52365552199401369443408259986324629171792690921627298943075194906042228248932=0.0171', '93234833651290403107627925842341315568920086887489975925643046473406259664707=0.0160']
2026-01-26 14:23:51 WARNING __main__ [WARN] market 状态未知(不阻塞交易): token_id=107854623063551848956959323683906084993759235411761278828050226188359888582895
2026-01-26 14:23:51 WARNING __main__ [WARN] market 状态未知(不阻塞交易): token_id=93234833651290403107627925842341315568920086887489975925643046473406259664707
2026-01-26 14:23:51 WARNING __main__ [WARN] market 状态未知(不阻塞交易): token_id=78246210666082377632623139827154050778673061043185648855349012977046369895248
2026-01-26 14:23:51 WARNING __main__ [WARN] market 状态未知(不阻塞交易): token_id=78280942695237665984381826147483624552959750094987001751755383401313451401568
2026-01-26 14:24:11 DEBUG urllib3.connectionpool Starting new HTTPS connection (1): clob.polymarket.com:443
2026-01-26 14:24:12 DEBUG urllib3.connectionpool https://clob.polymarket.com:443 "GET /data/orders?next_cursor=MA== HTTP/1.1" 200 None
2026-01-26 14:24:12 DEBUG urllib3.connectionpool https://data-api.polymarket.com:443 "GET /trades?user=0xf5d4c1341267162afc3749908631087db95aa077&limit=300&offset=0&takerOnly=False HTTP/1.1" 200 None
2026-01-26 14:24:13 DEBUG urllib3.connectionpool https://data-api.polymarket.com:443 "GET /trades?user=0x2C23aba6C7BC73a032F9bd2A413188f33ff4599f&limit=300&offset=0&takerOnly=False HTTP/1.1" 200 None
2026-01-26 14:24:13 DEBUG urllib3.connectionpool Starting new HTTPS connection (1): data-api.polymarket.com:443
2026-01-26 14:24:13 DEBUG urllib3.connectionpool https://data-api.polymarket.com:443 "GET /positions?user=0xf5d4c1341267162afc3749908631087db95aa077&limit=500&offset=0&sizeThreshold=0.0&_cb=1769437453 HTTP/1.1" 200 None
2026-01-26 14:24:14 DEBUG urllib3.connectionpool https://data-api.polymarket.com:443 "GET /positions?user=0xf5d4c1341267162afc3749908631087db95aa077&limit=500&offset=500&sizeThreshold=0.0&_cb=1769437453 HTTP/1.1" 200 None
2026-01-26 14:24:15 DEBUG urllib3.connectionpool https://data-api.polymarket.com:443 "GET /positions?user=0x2C23aba6C7BC73a032F9bd2A413188f33ff4599f&limit=500&offset=0&sizeThreshold=0.0&sortBy=TOKENS&sortDirection=DESC HTTP/1.1" 200 None
2026-01-26 14:24:15 INFO __main__ [SKIP] closed_positions filtered target=248 my=6 (trading only, risk still uses unfiltered)
2026-01-26 14:24:15 INFO __main__ [SAFE] actions_empty reduce_reconcile_set size=4 recent_sec=600 lag_ms=0 actions=0 actions_unreliable=False
2026-01-26 14:24:15 INFO __main__ [RISK_SUMMARY] used_total=5.6404 used_total_shadow=5.6404 open_buy_orders_usd=0 shadow_buy_usd=0.0 recent_buy_usd=0.0 top_tokens=['78246210666082377632623139827154050778673061043185648855349012977046369895248=5.4500', '78280942695237665984381826147483624552959750094987001751755383401313451401568=0.0600', '45114117423978908058411784388250724650163815971233725858783887280844341990470=0.0400', '52365552199401369443408259986324629171792690921627298943075194906042228248932=0.0171', '93234833651290403107627925842341315568920086887489975925643046473406259664707=0.0160']
2026-01-26 14:24:15 WARNING __main__ [WARN] market 状态未知(不阻塞交易): token_id=107854623063551848956959323683906084993759235411761278828050226188359888582895
2026-01-26 14:24:15 WARNING __main__ [WARN] market 状态未知(不阻塞交易): token_id=93234833651290403107627925842341315568920086887489975925643046473406259664707
2026-01-26 14:24:15 WARNING __main__ [WARN] market 状态未知(不阻塞交易): token_id=78246210666082377632623139827154050778673061043185648855349012977046369895248
2026-01-26 14:24:15 WARNING __main__ [WARN] market 状态未知(不阻塞交易): token_id=78280942695237665984381826147483624552959750094987001751755383401313451401568
2026-01-26 14:24:35 DEBUG urllib3.connectionpool Starting new HTTPS connection (1): clob.polymarket.com:443
2026-01-26 14:24:35 DEBUG urllib3.connectionpool https://clob.polymarket.com:443 "GET /data/orders?next_cursor=MA== HTTP/1.1" 200 None
2026-01-26 14:24:35 DEBUG urllib3.connectionpool https://data-api.polymarket.com:443 "GET /trades?user=0xf5d4c1341267162afc3749908631087db95aa077&limit=300&offset=0&takerOnly=False HTTP/1.1" 200 None
2026-01-26 14:24:36 DEBUG urllib3.connectionpool https://data-api.polymarket.com:443 "GET /trades?user=0x2C23aba6C7BC73a032F9bd2A413188f33ff4599f&limit=300&offset=0&takerOnly=False HTTP/1.1" 200 None
2026-01-26 14:24:36 DEBUG urllib3.connectionpool Starting new HTTPS connection (1): data-api.polymarket.com:443
2026-01-26 14:24:36 DEBUG urllib3.connectionpool https://data-api.polymarket.com:443 "GET /positions?user=0xf5d4c1341267162afc3749908631087db95aa077&limit=500&offset=0&sizeThreshold=0.0&_cb=1769437476 HTTP/1.1" 200 None
2026-01-26 14:24:37 DEBUG urllib3.connectionpool https://data-api.polymarket.com:443 "GET /positions?user=0xf5d4c1341267162afc3749908631087db95aa077&limit=500&offset=500&sizeThreshold=0.0&_cb=1769437476 HTTP/1.1" 200 None
2026-01-26 14:24:37 DEBUG urllib3.connectionpool https://data-api.polymarket.com:443 "GET /positions?user=0x2C23aba6C7BC73a032F9bd2A413188f33ff4599f&limit=500&offset=0&sizeThreshold=0.0&sortBy=TOKENS&sortDirection=DESC HTTP/1.1" 200 None
2026-01-26 14:24:37 INFO __main__ [SKIP] closed_positions filtered target=248 my=6 (trading only, risk still uses unfiltered)
2026-01-26 14:24:37 INFO __main__ [SAFE] actions_empty reduce_reconcile_set size=4 recent_sec=600 lag_ms=0 actions=0 actions_unreliable=False
2026-01-26 14:24:37 INFO __main__ [RISK_SUMMARY] used_total=5.6404 used_total_shadow=5.6404 open_buy_orders_usd=0 shadow_buy_usd=0.0 recent_buy_usd=0.0 top_tokens=['78246210666082377632623139827154050778673061043185648855349012977046369895248=5.4500', '78280942695237665984381826147483624552959750094987001751755383401313451401568=0.0600', '45114117423978908058411784388250724650163815971233725858783887280844341990470=0.0400', '52365552199401369443408259986324629171792690921627298943075194906042228248932=0.0171', '93234833651290403107627925842341315568920086887489975925643046473406259664707=0.0160']
2026-01-26 14:24:37 WARNING __main__ [WARN] market 状态未知(不阻塞交易): token_id=107854623063551848956959323683906084993759235411761278828050226188359888582895
2026-01-26 14:24:37 WARNING __main__ [FREEZE] token_id=107854623063551848956959323683906084993759235411761278828050226188359888582895 reason=missing_streak streak=5 until=1769439207
2026-01-26 14:24:37 WARNING __main__ [WARN] market 状态未知(不阻塞交易): token_id=93234833651290403107627925842341315568920086887489975925643046473406259664707
2026-01-26 14:24:37 WARNING __main__ [FREEZE] token_id=93234833651290403107627925842341315568920086887489975925643046473406259664707 reason=missing_streak streak=5 until=1769438395
2026-01-26 14:24:37 WARNING __main__ [WARN] market 状态未知(不阻塞交易): token_id=78246210666082377632623139827154050778673061043185648855349012977046369895248
2026-01-26 14:24:37 WARNING __main__ [WARN] market 状态未知(不阻塞交易): token_id=78280942695237665984381826147483624552959750094987001751755383401313451401568
2026-01-26 14:24:37 WARNING __main__ [FREEZE] token_id=78280942695237665984381826147483624552959750094987001751755383401313451401568 reason=missing_streak streak=5 until=1769438348
2026-01-26 14:24:57 DEBUG urllib3.connectionpool Starting new HTTPS connection (1): clob.polymarket.com:443
2026-01-26 14:24:57 DEBUG urllib3.connectionpool https://clob.polymarket.com:443 "GET /data/orders?next_cursor=MA== HTTP/1.1" 200 None
2026-01-26 14:24:57 DEBUG urllib3.connectionpool https://data-api.polymarket.com:443 "GET /trades?user=0xf5d4c1341267162afc3749908631087db95aa077&limit=300&offset=0&takerOnly=False HTTP/1.1" 200 None
2026-01-26 14:24:58 DEBUG urllib3.connectionpool https://data-api.polymarket.com:443 "GET /trades?user=0x2C23aba6C7BC73a032F9bd2A413188f33ff4599f&limit=300&offset=0&takerOnly=False HTTP/1.1" 200 None
2026-01-26 14:24:58 DEBUG urllib3.connectionpool Starting new HTTPS connection (1): data-api.polymarket.com:443
2026-01-26 14:24:59 DEBUG urllib3.connectionpool https://data-api.polymarket.com:443 "GET /positions?user=0xf5d4c1341267162afc3749908631087db95aa077&limit=500&offset=0&sizeThreshold=0.0&_cb=1769437498 HTTP/1.1" 200 None
2026-01-26 14:24:59 DEBUG urllib3.connectionpool https://data-api.polymarket.com:443 "GET /positions?user=0xf5d4c1341267162afc3749908631087db95aa077&limit=500&offset=500&sizeThreshold=0.0&_cb=1769437498 HTTP/1.1" 200 None
2026-01-26 14:25:00 DEBUG urllib3.connectionpool https://data-api.polymarket.com:443 "GET /positions?user=0x2C23aba6C7BC73a032F9bd2A413188f33ff4599f&limit=500&offset=0&sizeThreshold=0.0&sortBy=TOKENS&sortDirection=DESC HTTP/1.1" 200 None
2026-01-26 14:25:00 INFO __main__ [SKIP] closed_positions filtered target=248 my=6 (trading only, risk still uses unfiltered)
2026-01-26 14:25:00 INFO __main__ [SAFE] actions_empty reduce_reconcile_set size=4 recent_sec=600 lag_ms=0 actions=0 actions_unreliable=False
2026-01-26 14:25:00 INFO __main__ [RISK_SUMMARY] used_total=5.6404 used_total_shadow=5.6404 open_buy_orders_usd=0 shadow_buy_usd=0.0 recent_buy_usd=0.0 top_tokens=['78246210666082377632623139827154050778673061043185648855349012977046369895248=5.4500', '78280942695237665984381826147483624552959750094987001751755383401313451401568=0.0600', '45114117423978908058411784388250724650163815971233725858783887280844341990470=0.0400', '52365552199401369443408259986324629171792690921627298943075194906042228248932=0.0171', '93234833651290403107627925842341315568920086887489975925643046473406259664707=0.0160']
2026-01-26 14:25:00 WARNING __main__ [WARN] market 状态未知(不阻塞交易): token_id=107854623063551848956959323683906084993759235411761278828050226188359888582895
2026-01-26 14:25:00 WARNING __main__ [WARN] market 状态未知(不阻塞交易): token_id=93234833651290403107627925842341315568920086887489975925643046473406259664707
2026-01-26 14:25:00 WARNING __main__ [WARN] market 状态未知(不阻塞交易): token_id=78246210666082377632623139827154050778673061043185648855349012977046369895248
2026-01-26 14:25:00 WARNING __main__ [WARN] market 状态未知(不阻塞交易): token_id=78280942695237665984381826147483624552959750094987001751755383401313451401568
2026-01-26 14:25:20 DEBUG urllib3.connectionpool Starting new HTTPS connection (1): clob.polymarket.com:443
2026-01-26 14:25:20 DEBUG urllib3.connectionpool https://clob.polymarket.com:443 "GET /data/orders?next_cursor=MA== HTTP/1.1" 200 None
2026-01-26 14:25:20 DEBUG urllib3.connectionpool https://data-api.polymarket.com:443 "GET /trades?user=0xf5d4c1341267162afc3749908631087db95aa077&limit=300&offset=0&takerOnly=False HTTP/1.1" 200 None
2026-01-26 14:25:21 DEBUG urllib3.connectionpool https://data-api.polymarket.com:443 "GET /trades?user=0x2C23aba6C7BC73a032F9bd2A413188f33ff4599f&limit=300&offset=0&takerOnly=False HTTP/1.1" 200 None
2026-01-26 14:25:21 DEBUG urllib3.connectionpool Starting new HTTPS connection (1): data-api.polymarket.com:443
2026-01-26 14:25:22 DEBUG urllib3.connectionpool https://data-api.polymarket.com:443 "GET /positions?user=0xf5d4c1341267162afc3749908631087db95aa077&limit=500&offset=0&sizeThreshold=0.0&_cb=1769437521 HTTP/1.1" 200 None
2026-01-26 14:25:22 DEBUG urllib3.connectionpool https://data-api.polymarket.com:443 "GET /positions?user=0xf5d4c1341267162afc3749908631087db95aa077&limit=500&offset=500&sizeThreshold=0.0&_cb=1769437521 HTTP/1.1" 200 None
2026-01-26 14:25:23 DEBUG urllib3.connectionpool https://data-api.polymarket.com:443 "GET /positions?user=0x2C23aba6C7BC73a032F9bd2A413188f33ff4599f&limit=500&offset=0&sizeThreshold=0.0&sortBy=TOKENS&sortDirection=DESC HTTP/1.1" 200 None
2026-01-26 14:25:23 INFO __main__ [SKIP] closed_positions filtered target=248 my=6 (trading only, risk still uses unfiltered)
2026-01-26 14:25:23 INFO __main__ [SAFE] actions_empty reduce_reconcile_set size=4 recent_sec=600 lag_ms=0 actions=0 actions_unreliable=False
2026-01-26 14:25:23 INFO __main__ [RISK_SUMMARY] used_total=5.6404 used_total_shadow=5.6404 open_buy_orders_usd=0 shadow_buy_usd=0.0 recent_buy_usd=0.0 top_tokens=['78246210666082377632623139827154050778673061043185648855349012977046369895248=5.4500', '78280942695237665984381826147483624552959750094987001751755383401313451401568=0.0600', '45114117423978908058411784388250724650163815971233725858783887280844341990470=0.0400', '52365552199401369443408259986324629171792690921627298943075194906042228248932=0.0171', '93234833651290403107627925842341315568920086887489975925643046473406259664707=0.0160']
2026-01-26 14:25:23 WARNING __main__ [WARN] market 状态未知(不阻塞交易): token_id=107854623063551848956959323683906084993759235411761278828050226188359888582895
2026-01-26 14:25:23 WARNING __main__ [WARN] market 状态未知(不阻塞交易): token_id=93234833651290403107627925842341315568920086887489975925643046473406259664707
2026-01-26 14:25:23 WARNING __main__ [WARN] market 状态未知(不阻塞交易): token_id=78246210666082377632623139827154050778673061043185648855349012977046369895248
2026-01-26 14:25:23 WARNING __main__ [WARN] market 状态未知(不阻塞交易): token_id=78280942695237665984381826147483624552959750094987001751755383401313451401568
2026-01-26 14:25:43 DEBUG urllib3.connectionpool Starting new HTTPS connection (1): clob.polymarket.com:443
2026-01-26 14:25:43 DEBUG urllib3.connectionpool https://clob.polymarket.com:443 "GET /data/orders?next_cursor=MA== HTTP/1.1" 200 None
2026-01-26 14:25:43 DEBUG urllib3.connectionpool https://data-api.polymarket.com:443 "GET /trades?user=0xf5d4c1341267162afc3749908631087db95aa077&limit=300&offset=0&takerOnly=False HTTP/1.1" 200 None
2026-01-26 14:25:44 DEBUG urllib3.connectionpool https://data-api.polymarket.com:443 "GET /trades?user=0x2C23aba6C7BC73a032F9bd2A413188f33ff4599f&limit=300&offset=0&takerOnly=False HTTP/1.1" 200 None
2026-01-26 14:25:44 DEBUG urllib3.connectionpool Starting new HTTPS connection (1): data-api.polymarket.com:443
2026-01-26 14:25:44 DEBUG urllib3.connectionpool https://data-api.polymarket.com:443 "GET /positions?user=0xf5d4c1341267162afc3749908631087db95aa077&limit=500&offset=0&sizeThreshold=0.0&_cb=1769437544 HTTP/1.1" 200 None
2026-01-26 14:25:45 DEBUG urllib3.connectionpool https://data-api.polymarket.com:443 "GET /positions?user=0xf5d4c1341267162afc3749908631087db95aa077&limit=500&offset=500&sizeThreshold=0.0&_cb=1769437544 HTTP/1.1" 200 None
2026-01-26 14:25:45 DEBUG urllib3.connectionpool https://data-api.polymarket.com:443 "GET /positions?user=0x2C23aba6C7BC73a032F9bd2A413188f33ff4599f&limit=500&offset=0&sizeThreshold=0.0&sortBy=TOKENS&sortDirection=DESC HTTP/1.1" 200 None
2026-01-26 14:25:45 INFO __main__ [SKIP] closed_positions filtered target=248 my=6 (trading only, risk still uses unfiltered)
2026-01-26 14:25:45 INFO __main__ [SAFE] actions_empty reduce_reconcile_set size=4 recent_sec=600 lag_ms=0 actions=0 actions_unreliable=False
2026-01-26 14:25:45 INFO __main__ [RISK_SUMMARY] used_total=5.6404 used_total_shadow=5.6404 open_buy_orders_usd=0 shadow_buy_usd=0.0 recent_buy_usd=0.0 top_tokens=['78246210666082377632623139827154050778673061043185648855349012977046369895248=5.4500', '78280942695237665984381826147483624552959750094987001751755383401313451401568=0.0600', '45114117423978908058411784388250724650163815971233725858783887280844341990470=0.0400', '52365552199401369443408259986324629171792690921627298943075194906042228248932=0.0171', '93234833651290403107627925842341315568920086887489975925643046473406259664707=0.0160']
2026-01-26 14:25:45 WARNING __main__ [WARN] market 状态未知(不阻塞交易): token_id=107854623063551848956959323683906084993759235411761278828050226188359888582895
2026-01-26 14:25:45 WARNING __main__ [WARN] market 状态未知(不阻塞交易): token_id=93234833651290403107627925842341315568920086887489975925643046473406259664707
2026-01-26 14:25:45 WARNING __main__ [WARN] market 状态未知(不阻塞交易): token_id=78246210666082377632623139827154050778673061043185648855349012977046369895248
2026-01-26 14:25:45 WARNING __main__ [WARN] market 状态未知(不阻塞交易): token_id=78280942695237665984381826147483624552959750094987001751755383401313451401568
2026-01-26 14:26:05 DEBUG urllib3.connectionpool Starting new HTTPS connection (1): clob.polymarket.com:443
2026-01-26 14:26:06 DEBUG urllib3.connectionpool https://clob.polymarket.com:443 "GET /data/orders?next_cursor=MA== HTTP/1.1" 200 None
2026-01-26 14:26:06 DEBUG urllib3.connectionpool https://data-api.polymarket.com:443 "GET /trades?user=0xf5d4c1341267162afc3749908631087db95aa077&limit=300&offset=0&takerOnly=False HTTP/1.1" 200 None
2026-01-26 14:26:06 DEBUG urllib3.connectionpool https://data-api.polymarket.com:443 "GET /trades?user=0x2C23aba6C7BC73a032F9bd2A413188f33ff4599f&limit=300&offset=0&takerOnly=False HTTP/1.1" 200 None
2026-01-26 14:26:06 DEBUG urllib3.connectionpool Starting new HTTPS connection (1): data-api.polymarket.com:443
2026-01-26 14:26:07 DEBUG urllib3.connectionpool https://data-api.polymarket.com:443 "GET /positions?user=0xf5d4c1341267162afc3749908631087db95aa077&limit=500&offset=0&sizeThreshold=0.0&_cb=1769437566 HTTP/1.1" 200 None
2026-01-26 14:26:08 DEBUG urllib3.connectionpool https://data-api.polymarket.com:443 "GET /positions?user=0xf5d4c1341267162afc3749908631087db95aa077&limit=500&offset=500&sizeThreshold=0.0&_cb=1769437566 HTTP/1.1" 200 None
2026-01-26 14:26:08 DEBUG urllib3.connectionpool https://data-api.polymarket.com:443 "GET /positions?user=0x2C23aba6C7BC73a032F9bd2A413188f33ff4599f&limit=500&offset=0&sizeThreshold=0.0&sortBy=TOKENS&sortDirection=DESC HTTP/1.1" 200 None
2026-01-26 14:26:08 INFO __main__ [SKIP] closed_positions filtered target=248 my=6 (trading only, risk still uses unfiltered)
2026-01-26 14:26:08 INFO __main__ [SAFE] actions_empty reduce_reconcile_set size=4 recent_sec=600 lag_ms=0 actions=0 actions_unreliable=False
2026-01-26 14:26:08 INFO __main__ [RISK_SUMMARY] used_total=5.6404 used_total_shadow=5.6404 open_buy_orders_usd=0 shadow_buy_usd=0.0 recent_buy_usd=0.0 top_tokens=['78246210666082377632623139827154050778673061043185648855349012977046369895248=5.4500', '78280942695237665984381826147483624552959750094987001751755383401313451401568=0.0600', '45114117423978908058411784388250724650163815971233725858783887280844341990470=0.0400', '52365552199401369443408259986324629171792690921627298943075194906042228248932=0.0171', '93234833651290403107627925842341315568920086887489975925643046473406259664707=0.0160']
2026-01-26 14:26:08 WARNING __main__ [WARN] market 状态未知(不阻塞交易): token_id=107854623063551848956959323683906084993759235411761278828050226188359888582895
2026-01-26 14:26:08 WARNING __main__ [WARN] market 状态未知(不阻塞交易): token_id=93234833651290403107627925842341315568920086887489975925643046473406259664707
2026-01-26 14:26:08 WARNING __main__ [WARN] market 状态未知(不阻塞交易): token_id=78246210666082377632623139827154050778673061043185648855349012977046369895248
2026-01-26 14:26:08 WARNING __main__ [WARN] market 状态未知(不阻塞交易): token_id=78280942695237665984381826147483624552959750094987001751755383401313451401568
2026-01-26 14:26:28 DEBUG urllib3.connectionpool Starting new HTTPS connection (1): clob.polymarket.com:443
2026-01-26 14:26:29 DEBUG urllib3.connectionpool https://clob.polymarket.com:443 "GET /data/orders?next_cursor=MA== HTTP/1.1" 200 None
2026-01-26 14:26:29 DEBUG urllib3.connectionpool https://data-api.polymarket.com:443 "GET /trades?user=0xf5d4c1341267162afc3749908631087db95aa077&limit=300&offset=0&takerOnly=False HTTP/1.1" 200 None
2026-01-26 14:26:30 DEBUG urllib3.connectionpool https://data-api.polymarket.com:443 "GET /trades?user=0x2C23aba6C7BC73a032F9bd2A413188f33ff4599f&limit=300&offset=0&takerOnly=False HTTP/1.1" 200 None
2026-01-26 14:26:30 DEBUG urllib3.connectionpool Starting new HTTPS connection (1): data-api.polymarket.com:443
2026-01-26 14:26:31 DEBUG urllib3.connectionpool https://data-api.polymarket.com:443 "GET /positions?user=0xf5d4c1341267162afc3749908631087db95aa077&limit=500&offset=0&sizeThreshold=0.0&_cb=1769437590 HTTP/1.1" 200 None
2026-01-26 14:26:32 DEBUG urllib3.connectionpool https://data-api.polymarket.com:443 "GET /positions?user=0xf5d4c1341267162afc3749908631087db95aa077&limit=500&offset=500&sizeThreshold=0.0&_cb=1769437590 HTTP/1.1" 200 None
2026-01-26 14:26:32 DEBUG urllib3.connectionpool https://data-api.polymarket.com:443 "GET /positions?user=0x2C23aba6C7BC73a032F9bd2A413188f33ff4599f&limit=500&offset=0&sizeThreshold=0.0&sortBy=TOKENS&sortDirection=DESC HTTP/1.1" 200 None
2026-01-26 14:26:32 INFO __main__ [SKIP] closed_positions filtered target=248 my=6 (trading only, risk still uses unfiltered)
2026-01-26 14:26:32 INFO __main__ [SAFE] actions_empty reduce_reconcile_set size=4 recent_sec=600 lag_ms=0 actions=0 actions_unreliable=False
2026-01-26 14:26:32 INFO __main__ [RISK_SUMMARY] used_total=5.6404 used_total_shadow=5.6404 open_buy_orders_usd=0 shadow_buy_usd=0.0 recent_buy_usd=0.0 top_tokens=['78246210666082377632623139827154050778673061043185648855349012977046369895248=5.4500', '78280942695237665984381826147483624552959750094987001751755383401313451401568=0.0600', '45114117423978908058411784388250724650163815971233725858783887280844341990470=0.0400', '52365552199401369443408259986324629171792690921627298943075194906042228248932=0.0171', '93234833651290403107627925842341315568920086887489975925643046473406259664707=0.0160']
2026-01-26 14:26:32 WARNING __main__ [WARN] market 状态未知(不阻塞交易): token_id=107854623063551848956959323683906084993759235411761278828050226188359888582895
2026-01-26 14:26:32 WARNING __main__ [WARN] market 状态未知(不阻塞交易): token_id=93234833651290403107627925842341315568920086887489975925643046473406259664707
2026-01-26 14:26:32 WARNING __main__ [WARN] market 状态未知(不阻塞交易): token_id=78246210666082377632623139827154050778673061043185648855349012977046369895248
2026-01-26 14:26:32 WARNING __main__ [WARN] market 状态未知(不阻塞交易): token_id=78280942695237665984381826147483624552959750094987001751755383401313451401568
2026-01-26 14:26:52 DEBUG urllib3.connectionpool Starting new HTTPS connection (1): clob.polymarket.com:443
2026-01-26 14:26:52 DEBUG urllib3.connectionpool https://clob.polymarket.com:443 "GET /data/orders?next_cursor=MA== HTTP/1.1" 200 None
2026-01-26 14:26:53 DEBUG urllib3.connectionpool https://data-api.polymarket.com:443 "GET /trades?user=0xf5d4c1341267162afc3749908631087db95aa077&limit=300&offset=0&takerOnly=False HTTP/1.1" 200 None
2026-01-26 14:26:53 DEBUG urllib3.connectionpool https://data-api.polymarket.com:443 "GET /trades?user=0x2C23aba6C7BC73a032F9bd2A413188f33ff4599f&limit=300&offset=0&takerOnly=False HTTP/1.1" 200 None
2026-01-26 14:26:53 DEBUG urllib3.connectionpool Starting new HTTPS connection (1): data-api.polymarket.com:443
2026-01-26 14:26:56 DEBUG urllib3.connectionpool https://data-api.polymarket.com:443 "GET /positions?user=0xf5d4c1341267162afc3749908631087db95aa077&limit=500&offset=0&sizeThreshold=0.0&_cb=1769437613 HTTP/1.1" 200 None
2026-01-26 14:26:57 DEBUG urllib3.connectionpool https://data-api.polymarket.com:443 "GET /positions?user=0xf5d4c1341267162afc3749908631087db95aa077&limit=500&offset=500&sizeThreshold=0.0&_cb=1769437613 HTTP/1.1" 200 None
2026-01-26 14:26:57 DEBUG urllib3.connectionpool https://data-api.polymarket.com:443 "GET /positions?user=0x2C23aba6C7BC73a032F9bd2A413188f33ff4599f&limit=500&offset=0&sizeThreshold=0.0&sortBy=TOKENS&sortDirection=DESC HTTP/1.1" 200 None
2026-01-26 14:26:57 INFO __main__ [SKIP] closed_positions filtered target=248 my=6 (trading only, risk still uses unfiltered)
2026-01-26 14:26:57 INFO __main__ [SAFE] actions_empty reduce_reconcile_set size=4 recent_sec=600 lag_ms=0 actions=0 actions_unreliable=False
2026-01-26 14:26:57 INFO __main__ [RISK_SUMMARY] used_total=5.6903999999999995 used_total_shadow=5.6903999999999995 open_buy_orders_usd=0 shadow_buy_usd=0.0 recent_buy_usd=0.0 top_tokens=['78246210666082377632623139827154050778673061043185648855349012977046369895248=5.5000', '78280942695237665984381826147483624552959750094987001751755383401313451401568=0.0600', '45114117423978908058411784388250724650163815971233725858783887280844341990470=0.0400', '52365552199401369443408259986324629171792690921627298943075194906042228248932=0.0171', '93234833651290403107627925842341315568920086887489975925643046473406259664707=0.0160']
2026-01-26 14:26:57 WARNING __main__ [WARN] market 状态未知(不阻塞交易): token_id=107854623063551848956959323683906084993759235411761278828050226188359888582895
2026-01-26 14:26:57 WARNING __main__ [WARN] market 状态未知(不阻塞交易): token_id=93234833651290403107627925842341315568920086887489975925643046473406259664707
2026-01-26 14:26:57 WARNING __main__ [WARN] market 状态未知(不阻塞交易): token_id=78246210666082377632623139827154050778673061043185648855349012977046369895248
2026-01-26 14:26:57 WARNING __main__ [WARN] market 状态未知(不阻塞交易): token_id=78280942695237665984381826147483624552959750094987001751755383401313451401568
2026-01-26 14:27:17 DEBUG urllib3.connectionpool Starting new HTTPS connection (1): clob.polymarket.com:443
2026-01-26 14:27:18 DEBUG urllib3.connectionpool https://clob.polymarket.com:443 "GET /data/orders?next_cursor=MA== HTTP/1.1" 200 None
2026-01-26 14:27:19 DEBUG urllib3.connectionpool https://data-api.polymarket.com:443 "GET /trades?user=0xf5d4c1341267162afc3749908631087db95aa077&limit=300&offset=0&takerOnly=False HTTP/1.1" 200 None
2026-01-26 14:27:19 DEBUG urllib3.connectionpool https://data-api.polymarket.com:443 "GET /trades?user=0x2C23aba6C7BC73a032F9bd2A413188f33ff4599f&limit=300&offset=0&takerOnly=False HTTP/1.1" 200 None
2026-01-26 14:27:19 DEBUG urllib3.connectionpool Starting new HTTPS connection (1): data-api.polymarket.com:443
2026-01-26 14:27:20 DEBUG urllib3.connectionpool https://data-api.polymarket.com:443 "GET /positions?user=0xf5d4c1341267162afc3749908631087db95aa077&limit=500&offset=0&sizeThreshold=0.0&_cb=1769437639 HTTP/1.1" 200 None
2026-01-26 14:27:21 DEBUG urllib3.connectionpool https://data-api.polymarket.com:443 "GET /positions?user=0xf5d4c1341267162afc3749908631087db95aa077&limit=500&offset=500&sizeThreshold=0.0&_cb=1769437639 HTTP/1.1" 200 None
2026-01-26 14:27:22 DEBUG urllib3.connectionpool https://data-api.polymarket.com:443 "GET /positions?user=0x2C23aba6C7BC73a032F9bd2A413188f33ff4599f&limit=500&offset=0&sizeThreshold=0.0&sortBy=TOKENS&sortDirection=DESC HTTP/1.1" 200 None
2026-01-26 14:27:22 INFO __main__ [SKIP] closed_positions filtered target=248 my=6 (trading only, risk still uses unfiltered)
2026-01-26 14:27:22 INFO __main__ [SAFE] actions_empty reduce_reconcile_set size=4 recent_sec=600 lag_ms=0 actions=0 actions_unreliable=False
2026-01-26 14:27:22 INFO __main__ [RISK_SUMMARY] used_total=5.6903999999999995 used_total_shadow=5.6903999999999995 open_buy_orders_usd=0 shadow_buy_usd=0.0 recent_buy_usd=0.0 top_tokens=['78246210666082377632623139827154050778673061043185648855349012977046369895248=5.5000', '78280942695237665984381826147483624552959750094987001751755383401313451401568=0.0600', '45114117423978908058411784388250724650163815971233725858783887280844341990470=0.0400', '52365552199401369443408259986324629171792690921627298943075194906042228248932=0.0171', '93234833651290403107627925842341315568920086887489975925643046473406259664707=0.0160']
2026-01-26 14:27:22 WARNING __main__ [WARN] market 状态未知(不阻塞交易): token_id=107854623063551848956959323683906084993759235411761278828050226188359888582895
2026-01-26 14:27:22 WARNING __main__ [WARN] market 状态未知(不阻塞交易): token_id=93234833651290403107627925842341315568920086887489975925643046473406259664707
2026-01-26 14:27:22 WARNING __main__ [WARN] market 状态未知(不阻塞交易): token_id=78246210666082377632623139827154050778673061043185648855349012977046369895248
2026-01-26 14:27:22 WARNING __main__ [WARN] market 状态未知(不阻塞交易): token_id=78280942695237665984381826147483624552959750094987001751755383401313451401568
2026-01-26 14:27:42 DEBUG urllib3.connectionpool Starting new HTTPS connection (1): clob.polymarket.com:443
2026-01-26 14:27:42 DEBUG urllib3.connectionpool https://clob.polymarket.com:443 "GET /data/orders?next_cursor=MA== HTTP/1.1" 200 None
2026-01-26 14:27:42 DEBUG urllib3.connectionpool https://data-api.polymarket.com:443 "GET /trades?user=0xf5d4c1341267162afc3749908631087db95aa077&limit=300&offset=0&takerOnly=False HTTP/1.1" 200 None
2026-01-26 14:27:44 DEBUG urllib3.connectionpool https://data-api.polymarket.com:443 "GET /trades?user=0x2C23aba6C7BC73a032F9bd2A413188f33ff4599f&limit=300&offset=0&takerOnly=False HTTP/1.1" 200 None
2026-01-26 14:27:44 DEBUG urllib3.connectionpool Starting new HTTPS connection (1): data-api.polymarket.com:443
2026-01-26 14:27:45 DEBUG urllib3.connectionpool https://data-api.polymarket.com:443 "GET /positions?user=0xf5d4c1341267162afc3749908631087db95aa077&limit=500&offset=0&sizeThreshold=0.0&_cb=1769437664 HTTP/1.1" 200 None
2026-01-26 14:27:45 DEBUG urllib3.connectionpool https://data-api.polymarket.com:443 "GET /positions?user=0xf5d4c1341267162afc3749908631087db95aa077&limit=500&offset=500&sizeThreshold=0.0&_cb=1769437664 HTTP/1.1" 200 None
2026-01-26 14:27:46 DEBUG urllib3.connectionpool https://data-api.polymarket.com:443 "GET /positions?user=0x2C23aba6C7BC73a032F9bd2A413188f33ff4599f&limit=500&offset=0&sizeThreshold=0.0&sortBy=TOKENS&sortDirection=DESC HTTP/1.1" 200 None
2026-01-26 14:27:46 INFO __main__ [SKIP] closed_positions filtered target=248 my=6 (trading only, risk still uses unfiltered)
2026-01-26 14:27:46 INFO __main__ [SAFE] actions_empty reduce_reconcile_set size=4 recent_sec=600 lag_ms=0 actions=0 actions_unreliable=False
2026-01-26 14:27:46 INFO __main__ [RISK_SUMMARY] used_total=5.6903999999999995 used_total_shadow=5.6903999999999995 open_buy_orders_usd=0 shadow_buy_usd=0.0 recent_buy_usd=0.0 top_tokens=['78246210666082377632623139827154050778673061043185648855349012977046369895248=5.5000', '78280942695237665984381826147483624552959750094987001751755383401313451401568=0.0600', '45114117423978908058411784388250724650163815971233725858783887280844341990470=0.0400', '52365552199401369443408259986324629171792690921627298943075194906042228248932=0.0171', '93234833651290403107627925842341315568920086887489975925643046473406259664707=0.0160']
2026-01-26 14:27:46 WARNING __main__ [WARN] market 状态未知(不阻塞交易): token_id=107854623063551848956959323683906084993759235411761278828050226188359888582895
2026-01-26 14:27:46 WARNING __main__ [WARN] market 状态未知(不阻塞交易): token_id=93234833651290403107627925842341315568920086887489975925643046473406259664707
2026-01-26 14:27:46 WARNING __main__ [WARN] market 状态未知(不阻塞交易): token_id=78246210666082377632623139827154050778673061043185648855349012977046369895248
2026-01-26 14:27:46 WARNING __main__ [WARN] market 状态未知(不阻塞交易): token_id=78280942695237665984381826147483624552959750094987001751755383401313451401568
