2026-01-28 03:10:32 INFO __main__ 日志初始化完成: /home/trader/polymarket_api/POLY_SMARTMONEY/copytrade_v2/logs/copytrade_0xaDd4..51Da_20260128_031032_pid61251.log
2026-01-28 03:10:32 INFO __main__ [STATE] per-target state: /home/trader/polymarket_api/POLY_SMARTMONEY/copytrade_v2/state.json -> /home/trader/polymarket_api/POLY_SMARTMONEY/copytrade_v2/state_add4_51da.json
2026-01-28 03:10:32 INFO __main__ [STATE] path=/home/trader/polymarket_api/POLY_SMARTMONEY/copytrade_v2/state_add4_51da.json run_start_ms=1769541032769
2026-01-28 03:10:32 INFO __main__ [CFG] target=0xaDd407264226afaD5536752765C6F98b2a8a51Da my=0x96E62a298FcB7ade69487b2AC4B1dA8a799d8623 ratio=1.0
2026-01-28 03:10:36 INFO __main__ [POS] target_count=0 my_count=0 target_incomplete=False my_incomplete=False | t_src=http_positions t_cb=1769541035 t_rsec=25 t_mode=sec t_http=200 t_hit=None
2026-01-28 03:10:36 INFO __main__ [POS] target cache_headers_first={'CF-Cache-Status': 'MISS', 'Cache-Control': 'public, max-age=2', 'Last-Modified': 'Tue, 27 Jan 2026 19:10:36 GMT', 'Date': 'Tue, 27 Jan 2026 19:10:36 GMT', 'Server': 'cloudflare'}
2026-01-28 03:10:36 INFO __main__ [POS] target cache_headers_last={'CF-Cache-Status': 'MISS', 'Cache-Control': 'public, max-age=2', 'Last-Modified': 'Tue, 27 Jan 2026 19:10:36 GMT', 'Date': 'Tue, 27 Jan 2026 19:10:36 GMT', 'Server': 'cloudflare'}
2026-01-28 03:10:36 INFO __main__ [SAFE] actions_empty reduce_reconcile_set size=0 recent_sec=600 lag_ms=0 actions=0 actions_unreliable=False
2026-01-28 03:10:36 INFO __main__ [RISK_SUMMARY] used_total=0.0 used_total_shadow=0.0 open_buy_orders_usd=0 shadow_buy_usd=0.0 recent_buy_usd=0.0 top_tokens=[]
2026-01-28 03:10:59 INFO __main__ [SAFE] actions_empty reduce_reconcile_set size=0 recent_sec=600 lag_ms=0 actions=0 actions_unreliable=False
2026-01-28 03:10:59 INFO __main__ [RISK_SUMMARY] used_total=0.0 used_total_shadow=0.0 open_buy_orders_usd=0 shadow_buy_usd=0.0 recent_buy_usd=0.0 top_tokens=[]
2026-01-28 03:11:21 INFO __main__ [SAFE] actions_empty reduce_reconcile_set size=0 recent_sec=600 lag_ms=0 actions=0 actions_unreliable=False
2026-01-28 03:11:21 INFO __main__ [RISK_SUMMARY] used_total=0.0 used_total_shadow=0.0 open_buy_orders_usd=0 shadow_buy_usd=0.0 recent_buy_usd=0.0 top_tokens=[]
2026-01-28 03:11:43 INFO __main__ [SAFE] actions_empty reduce_reconcile_set size=0 recent_sec=600 lag_ms=0 actions=0 actions_unreliable=False
2026-01-28 03:11:43 INFO __main__ [RISK_SUMMARY] used_total=0.0 used_total_shadow=0.0 open_buy_orders_usd=0 shadow_buy_usd=0.0 recent_buy_usd=0.0 top_tokens=[]
2026-01-28 03:12:06 INFO __main__ [SAFE] actions_empty reduce_reconcile_set size=0 recent_sec=600 lag_ms=0 actions=0 actions_unreliable=False
2026-01-28 03:12:06 INFO __main__ [RISK_SUMMARY] used_total=0.0 used_total_shadow=0.0 open_buy_orders_usd=0 shadow_buy_usd=0.0 recent_buy_usd=0.0 top_tokens=[]
2026-01-28 03:12:29 INFO __main__ [SAFE] actions_empty reduce_reconcile_set size=0 recent_sec=600 lag_ms=0 actions=0 actions_unreliable=False
2026-01-28 03:12:29 INFO __main__ [RISK_SUMMARY] used_total=0.0 used_total_shadow=0.0 open_buy_orders_usd=0 shadow_buy_usd=0.0 recent_buy_usd=0.0 top_tokens=[]
2026-01-28 03:12:51 INFO __main__ [SAFE] actions_empty reduce_reconcile_set size=0 recent_sec=600 lag_ms=0 actions=0 actions_unreliable=False
2026-01-28 03:12:51 INFO __main__ [RISK_SUMMARY] used_total=0.0 used_total_shadow=0.0 open_buy_orders_usd=0 shadow_buy_usd=0.0 recent_buy_usd=0.0 top_tokens=[]
2026-01-28 03:13:14 INFO __main__ [SAFE] actions_empty reduce_reconcile_set size=0 recent_sec=600 lag_ms=0 actions=0 actions_unreliable=False
2026-01-28 03:13:14 INFO __main__ [RISK_SUMMARY] used_total=0.0 used_total_shadow=0.0 open_buy_orders_usd=0 shadow_buy_usd=0.0 recent_buy_usd=0.0 top_tokens=[]
2026-01-28 03:13:36 INFO __main__ [SAFE] actions_empty reduce_reconcile_set size=0 recent_sec=600 lag_ms=0 actions=0 actions_unreliable=False
2026-01-28 03:13:36 INFO __main__ [RISK_SUMMARY] used_total=0.0 used_total_shadow=0.0 open_buy_orders_usd=0 shadow_buy_usd=0.0 recent_buy_usd=0.0 top_tokens=[]
2026-01-28 03:13:59 INFO __main__ [SAFE] actions_empty reduce_reconcile_set size=0 recent_sec=600 lag_ms=0 actions=0 actions_unreliable=False
2026-01-28 03:13:59 INFO __main__ [RISK_SUMMARY] used_total=0.0 used_total_shadow=0.0 open_buy_orders_usd=0 shadow_buy_usd=0.0 recent_buy_usd=0.0 top_tokens=[]
2026-01-28 03:14:21 INFO __main__ [SAFE] actions_empty reduce_reconcile_set size=0 recent_sec=600 lag_ms=0 actions=0 actions_unreliable=False
2026-01-28 03:14:21 INFO __main__ [RISK_SUMMARY] used_total=0.0 used_total_shadow=0.0 open_buy_orders_usd=0 shadow_buy_usd=0.0 recent_buy_usd=0.0 top_tokens=[]
2026-01-28 03:14:44 INFO __main__ [SAFE] actions_empty reduce_reconcile_set size=0 recent_sec=600 lag_ms=0 actions=0 actions_unreliable=False
2026-01-28 03:14:44 INFO __main__ [RISK_SUMMARY] used_total=0.0 used_total_shadow=0.0 open_buy_orders_usd=0 shadow_buy_usd=0.0 recent_buy_usd=0.0 top_tokens=[]
2026-01-28 03:15:07 INFO __main__ [SAFE] actions_empty reduce_reconcile_set size=0 recent_sec=600 lag_ms=0 actions=0 actions_unreliable=False
2026-01-28 03:15:07 INFO __main__ [RISK_SUMMARY] used_total=0.0 used_total_shadow=0.0 open_buy_orders_usd=0 shadow_buy_usd=0.0 recent_buy_usd=0.0 top_tokens=[]
2026-01-28 03:15:29 INFO __main__ [SAFE] actions_empty reduce_reconcile_set size=0 recent_sec=600 lag_ms=0 actions=0 actions_unreliable=False
2026-01-28 03:15:29 INFO __main__ [RISK_SUMMARY] used_total=0.0 used_total_shadow=0.0 open_buy_orders_usd=0 shadow_buy_usd=0.0 recent_buy_usd=0.0 top_tokens=[]
2026-01-28 03:15:52 INFO __main__ [POS] target_count=1 my_count=0 target_incomplete=False my_incomplete=False | t_src=http_positions t_cb=823039073 t_rsec=25 t_mode=nonce t_http=200 t_hit=None
2026-01-28 03:15:52 INFO __main__ [POS] target cache_headers_first={'CF-Cache-Status': 'MISS', 'Cache-Control': 'public, max-age=2', 'Last-Modified': 'Tue, 27 Jan 2026 19:15:52 GMT', 'Date': 'Tue, 27 Jan 2026 19:15:52 GMT', 'Server': 'cloudflare'}
2026-01-28 03:15:52 INFO __main__ [POS] target cache_headers_last={'CF-Cache-Status': 'MISS', 'Cache-Control': 'public, max-age=2', 'Last-Modified': 'Tue, 27 Jan 2026 19:15:52 GMT', 'Date': 'Tue, 27 Jan 2026 19:15:52 GMT', 'Server': 'cloudflare'}
2026-01-28 03:15:52 INFO __main__ [RISK_SUMMARY] used_total=0.0 used_total_shadow=0.0 open_buy_orders_usd=0 shadow_buy_usd=0.0 recent_buy_usd=0.0 top_tokens=[]
2026-01-28 03:15:52 INFO __main__ [TOPIC] ENTER token_id=105558941490961743100777566068860209662825133870227537458865376585139033981276 first_buy_ts=1769541349
2026-01-28 03:15:53 INFO __main__ [SIGNAL] BUY token_id=105558941490961743100777566068860209662825133870227537458865376585139033981276 d_target=1.0384 d_my=1.0384 my_shares=0.0
2026-01-28 03:15:53 INFO __main__ [TOPIC] PROBE token_id=105558941490961743100777566068860209662825133870227537458865376585139033981276 target=1.038961038961039
2026-01-28 03:15:53 INFO __main__ [ACTION] token_id=105558941490961743100777566068860209662825133870227537458865376585139033981276 -> [{'type': 'place', 'token_id': '105558941490961743100777566068860209662825133870227537458865376585139033981276', 'side': 'BUY', 'price': 0.963, 'size': 1.0384, 'ts': 1769541349, '_taker': True, '_taker_spread': 0.0010000000000000009, '_taker_thr': 0.011}]
2026-01-28 03:15:54 WARNING ct_exec place_order failed token_id=105558941490961743100777566068860209662825133870227537458865376585139033981276: PolyApiException[status_code=400, error_message={'error': 'invalid amount for a marketable BUY order ($0.99), min size: $1'}]
2026-01-28 03:16:16 INFO __main__ [SAFE] actions_empty reduce_reconcile_set size=1 recent_sec=600 lag_ms=0 actions=0 actions_unreliable=False
2026-01-28 03:16:16 INFO __main__ [RISK_SUMMARY] used_total=0.0 used_total_shadow=0.0 open_buy_orders_usd=0 shadow_buy_usd=0.0 recent_buy_usd=0.0 top_tokens=[]
2026-01-28 03:16:17 INFO __main__ [ACTION] token_id=105558941490961743100777566068860209662825133870227537458865376585139033981276 -> [{'type': 'place', 'token_id': '105558941490961743100777566068860209662825133870227537458865376585139033981276', 'side': 'BUY', 'price': 0.963, 'size': 1.0384, 'ts': 1769541374, '_taker': True, '_taker_spread': 0.0020000000000000018, '_taker_thr': 0.011}]
2026-01-28 03:16:17 WARNING ct_exec place_order failed token_id=105558941490961743100777566068860209662825133870227537458865376585139033981276: PolyApiException[status_code=400, error_message={'error': 'invalid amount for a marketable BUY order ($0.99), min size: $1'}]
2026-01-28 03:16:40 INFO __main__ [SAFE] actions_empty reduce_reconcile_set size=1 recent_sec=600 lag_ms=0 actions=0 actions_unreliable=False
2026-01-28 03:16:40 INFO __main__ [RISK_SUMMARY] used_total=0.0 used_total_shadow=0.0 open_buy_orders_usd=0 shadow_buy_usd=0.0 recent_buy_usd=0.0 top_tokens=[]
2026-01-28 03:16:40 INFO __main__ [ACTION] token_id=105558941490961743100777566068860209662825133870227537458865376585139033981276 -> [{'type': 'place', 'token_id': '105558941490961743100777566068860209662825133870227537458865376585139033981276', 'side': 'BUY', 'price': 0.963, 'size': 1.0384, 'ts': 1769541397, '_taker': True, '_taker_spread': 0.0010000000000000009, '_taker_thr': 0.011}]
2026-01-28 03:16:40 WARNING ct_exec place_order failed token_id=105558941490961743100777566068860209662825133870227537458865376585139033981276: PolyApiException[status_code=400, error_message={'error': 'invalid amount for a marketable BUY order ($0.99), min size: $1'}]
2026-01-28 03:17:03 INFO __main__ [SAFE] actions_empty reduce_reconcile_set size=1 recent_sec=600 lag_ms=0 actions=0 actions_unreliable=False
2026-01-28 03:17:03 INFO __main__ [RISK_SUMMARY] used_total=0.0 used_total_shadow=0.0 open_buy_orders_usd=0 shadow_buy_usd=0.0 recent_buy_usd=0.0 top_tokens=[]
2026-01-28 03:17:03 INFO __main__ [TOPIC] SIZE token_id=105558941490961743100777566068860209662825133870227537458865376585139033981276 desired=1.0400416016640666 base=1.0384
2026-01-28 03:17:03 INFO __main__ [ACTION] token_id=105558941490961743100777566068860209662825133870227537458865376585139033981276 -> [{'type': 'place', 'token_id': '105558941490961743100777566068860209662825133870227537458865376585139033981276', 'side': 'BUY', 'price': 0.962, 'size': 1.0384, 'ts': 1769541420, '_taker': True, '_taker_spread': 0.0010000000000000009, '_taker_thr': 0.011}]
2026-01-28 03:17:04 WARNING ct_exec place_order failed token_id=105558941490961743100777566068860209662825133870227537458865376585139033981276: PolyApiException[status_code=400, error_message={'error': 'invalid amount for a marketable BUY order ($0.99), min size: $1'}]
2026-01-28 03:17:26 INFO __main__ [SAFE] actions_empty reduce_reconcile_set size=1 recent_sec=600 lag_ms=0 actions=0 actions_unreliable=False
2026-01-28 03:17:26 INFO __main__ [RISK_SUMMARY] used_total=0.0 used_total_shadow=0.0 open_buy_orders_usd=0 shadow_buy_usd=0.0 recent_buy_usd=0.0 top_tokens=[]
2026-01-28 03:17:27 INFO __main__ [ACTION] token_id=105558941490961743100777566068860209662825133870227537458865376585139033981276 -> [{'type': 'place', 'token_id': '105558941490961743100777566068860209662825133870227537458865376585139033981276', 'side': 'BUY', 'price': 0.962, 'size': 1.0384, 'ts': 1769541444, '_taker': True, '_taker_spread': 0.0010000000000000009, '_taker_thr': 0.011}]
2026-01-28 03:17:27 WARNING ct_exec place_order failed token_id=105558941490961743100777566068860209662825133870227537458865376585139033981276: PolyApiException[status_code=400, error_message={'error': 'invalid amount for a marketable BUY order ($0.99), min size: $1'}]
2026-01-28 03:17:50 INFO __main__ [SAFE] actions_empty reduce_reconcile_set size=1 recent_sec=600 lag_ms=0 actions=0 actions_unreliable=False
2026-01-28 03:17:50 INFO __main__ [RISK_SUMMARY] used_total=0.0 used_total_shadow=0.0 open_buy_orders_usd=0 shadow_buy_usd=0.0 recent_buy_usd=0.0 top_tokens=[]
2026-01-28 03:17:50 INFO __main__ [ACTION] token_id=105558941490961743100777566068860209662825133870227537458865376585139033981276 -> [{'type': 'place', 'token_id': '105558941490961743100777566068860209662825133870227537458865376585139033981276', 'side': 'BUY', 'price': 0.963, 'size': 1.0384, 'ts': 1769541467, '_taker': True, '_taker_spread': 0.0010000000000000009, '_taker_thr': 0.011}]
2026-01-28 03:17:50 WARNING ct_exec place_order failed token_id=105558941490961743100777566068860209662825133870227537458865376585139033981276: PolyApiException[status_code=400, error_message={'error': 'invalid amount for a marketable BUY order ($0.99), min size: $1'}]
2026-01-28 03:18:13 INFO __main__ [SAFE] actions_empty reduce_reconcile_set size=1 recent_sec=600 lag_ms=0 actions=0 actions_unreliable=False
2026-01-28 03:18:13 INFO __main__ [RISK_SUMMARY] used_total=0.0 used_total_shadow=0.0 open_buy_orders_usd=0 shadow_buy_usd=0.0 recent_buy_usd=0.0 top_tokens=[]
2026-01-28 03:18:13 INFO __main__ [ACTION] token_id=105558941490961743100777566068860209662825133870227537458865376585139033981276 -> [{'type': 'place', 'token_id': '105558941490961743100777566068860209662825133870227537458865376585139033981276', 'side': 'BUY', 'price': 0.963, 'size': 1.0384, 'ts': 1769541490, '_taker': True, '_taker_spread': 0.0010000000000000009, '_taker_thr': 0.011}]
2026-01-28 03:18:14 WARNING ct_exec place_order failed token_id=105558941490961743100777566068860209662825133870227537458865376585139033981276: PolyApiException[status_code=400, error_message={'error': 'invalid amount for a marketable BUY order ($0.99), min size: $1'}]
2026-01-28 03:18:37 INFO __main__ [SAFE] actions_empty reduce_reconcile_set size=1 recent_sec=600 lag_ms=0 actions=0 actions_unreliable=False
2026-01-28 03:18:37 INFO __main__ [RISK_SUMMARY] used_total=0.0 used_total_shadow=0.0 open_buy_orders_usd=0 shadow_buy_usd=0.0 recent_buy_usd=0.0 top_tokens=[]
2026-01-28 03:18:37 INFO __main__ [ACTION] token_id=105558941490961743100777566068860209662825133870227537458865376585139033981276 -> [{'type': 'place', 'token_id': '105558941490961743100777566068860209662825133870227537458865376585139033981276', 'side': 'BUY', 'price': 0.963, 'size': 1.0384, 'ts': 1769541514, '_taker': True, '_taker_spread': 0.0010000000000000009, '_taker_thr': 0.011}]
2026-01-28 03:18:38 WARNING ct_exec place_order failed token_id=105558941490961743100777566068860209662825133870227537458865376585139033981276: PolyApiException[status_code=400, error_message={'error': 'invalid amount for a marketable BUY order ($0.99), min size: $1'}]
2026-01-28 03:19:00 INFO __main__ [SAFE] actions_empty reduce_reconcile_set size=1 recent_sec=600 lag_ms=0 actions=0 actions_unreliable=False
2026-01-28 03:19:00 INFO __main__ [RISK_SUMMARY] used_total=0.0 used_total_shadow=0.0 open_buy_orders_usd=0 shadow_buy_usd=0.0 recent_buy_usd=0.0 top_tokens=[]
2026-01-28 03:19:00 INFO __main__ [ACTION] token_id=105558941490961743100777566068860209662825133870227537458865376585139033981276 -> [{'type': 'place', 'token_id': '105558941490961743100777566068860209662825133870227537458865376585139033981276', 'side': 'BUY', 'price': 0.963, 'size': 1.0384, 'ts': 1769541538, '_taker': True, '_taker_spread': 0.0010000000000000009, '_taker_thr': 0.011}]
2026-01-28 03:19:00 WARNING ct_exec place_order failed token_id=105558941490961743100777566068860209662825133870227537458865376585139033981276: PolyApiException[status_code=400, error_message={'error': 'invalid amount for a marketable BUY order ($0.99), min size: $1'}]
2026-01-28 03:19:24 INFO __main__ [SAFE] actions_empty reduce_reconcile_set size=1 recent_sec=600 lag_ms=0 actions=0 actions_unreliable=False
2026-01-28 03:19:24 INFO __main__ [RISK_SUMMARY] used_total=0.0 used_total_shadow=0.0 open_buy_orders_usd=0 shadow_buy_usd=0.0 recent_buy_usd=0.0 top_tokens=[]
2026-01-28 03:19:24 INFO __main__ [ACTION] token_id=105558941490961743100777566068860209662825133870227537458865376585139033981276 -> [{'type': 'place', 'token_id': '105558941490961743100777566068860209662825133870227537458865376585139033981276', 'side': 'BUY', 'price': 0.963, 'size': 1.0384, 'ts': 1769541560, '_taker': True, '_taker_spread': 0.0010000000000000009, '_taker_thr': 0.011}]
2026-01-28 03:19:25 WARNING ct_exec place_order failed token_id=105558941490961743100777566068860209662825133870227537458865376585139033981276: PolyApiException[status_code=400, error_message={'error': 'invalid amount for a marketable BUY order ($0.99), min size: $1'}]
2026-01-28 03:19:50 INFO __main__ [SAFE] actions_empty reduce_reconcile_set size=1 recent_sec=600 lag_ms=0 actions=0 actions_unreliable=False
2026-01-28 03:19:50 INFO __main__ [RISK_SUMMARY] used_total=0.0 used_total_shadow=0.0 open_buy_orders_usd=0 shadow_buy_usd=0.0 recent_buy_usd=0.0 top_tokens=[]
2026-01-28 03:19:50 INFO __main__ [ACTION] token_id=105558941490961743100777566068860209662825133870227537458865376585139033981276 -> [{'type': 'place', 'token_id': '105558941490961743100777566068860209662825133870227537458865376585139033981276', 'side': 'BUY', 'price': 0.963, 'size': 1.0384, 'ts': 1769541585, '_taker': True, '_taker_spread': 0.0010000000000000009, '_taker_thr': 0.011}]
2026-01-28 03:19:50 WARNING ct_exec place_order failed token_id=105558941490961743100777566068860209662825133870227537458865376585139033981276: PolyApiException[status_code=400, error_message={'error': 'invalid amount for a marketable BUY order ($0.99), min size: $1'}]
2026-01-28 03:20:13 INFO __main__ [SAFE] actions_empty reduce_reconcile_set size=1 recent_sec=600 lag_ms=0 actions=0 actions_unreliable=False
2026-01-28 03:20:13 INFO __main__ [RISK_SUMMARY] used_total=0.0 used_total_shadow=0.0 open_buy_orders_usd=0 shadow_buy_usd=0.0 recent_buy_usd=0.0 top_tokens=[]
2026-01-28 03:20:13 INFO __main__ [ACTION] token_id=105558941490961743100777566068860209662825133870227537458865376585139033981276 -> [{'type': 'place', 'token_id': '105558941490961743100777566068860209662825133870227537458865376585139033981276', 'side': 'BUY', 'price': 0.962, 'size': 1.0384, 'ts': 1769541610, '_taker': True, '_taker_spread': 0.0010000000000000009, '_taker_thr': 0.011}]
2026-01-28 03:20:13 WARNING ct_exec place_order failed token_id=105558941490961743100777566068860209662825133870227537458865376585139033981276: PolyApiException[status_code=400, error_message={'error': 'invalid amount for a marketable BUY order ($0.99), min size: $1'}]
2026-01-28 03:20:35 INFO __main__ [SAFE] actions_empty reduce_reconcile_set size=1 recent_sec=600 lag_ms=0 actions=0 actions_unreliable=False
2026-01-28 03:20:35 INFO __main__ [RISK_SUMMARY] used_total=0.0 used_total_shadow=0.0 open_buy_orders_usd=0 shadow_buy_usd=0.0 recent_buy_usd=0.0 top_tokens=[]
2026-01-28 03:20:36 INFO __main__ [ACTION] token_id=105558941490961743100777566068860209662825133870227537458865376585139033981276 -> [{'type': 'place', 'token_id': '105558941490961743100777566068860209662825133870227537458865376585139033981276', 'side': 'BUY', 'price': 0.962, 'size': 1.0384, 'ts': 1769541633, '_taker': True, '_taker_spread': 0.0010000000000000009, '_taker_thr': 0.011}]
2026-01-28 03:20:36 WARNING ct_exec place_order failed token_id=105558941490961743100777566068860209662825133870227537458865376585139033981276: PolyApiException[status_code=400, error_message={'error': 'invalid amount for a marketable BUY order ($0.99), min size: $1'}]
2026-01-28 03:20:56 INFO __main__ [CFG] reloaded (interval)
2026-01-28 03:20:59 INFO __main__ [SAFE] actions_empty reduce_reconcile_set size=1 recent_sec=600 lag_ms=0 actions=0 actions_unreliable=False
2026-01-28 03:20:59 INFO __main__ [RISK_SUMMARY] used_total=0.0 used_total_shadow=0.0 open_buy_orders_usd=0 shadow_buy_usd=0.0 recent_buy_usd=0.0 top_tokens=[]
2026-01-28 03:21:00 INFO __main__ [ACTION] token_id=105558941490961743100777566068860209662825133870227537458865376585139033981276 -> [{'type': 'place', 'token_id': '105558941490961743100777566068860209662825133870227537458865376585139033981276', 'side': 'BUY', 'price': 0.963, 'size': 1.0384, 'ts': 1769541656, '_taker': True, '_taker_spread': 0.0020000000000000018, '_taker_thr': 0.011}]
2026-01-28 03:21:00 WARNING ct_exec place_order failed token_id=105558941490961743100777566068860209662825133870227537458865376585139033981276: PolyApiException[status_code=400, error_message={'error': 'invalid amount for a marketable BUY order ($0.99), min size: $1'}]
2026-01-28 03:21:23 INFO __main__ [SAFE] actions_empty reduce_reconcile_set size=1 recent_sec=600 lag_ms=0 actions=0 actions_unreliable=False
2026-01-28 03:21:23 INFO __main__ [RISK_SUMMARY] used_total=0.0 used_total_shadow=0.0 open_buy_orders_usd=0 shadow_buy_usd=0.0 recent_buy_usd=0.0 top_tokens=[]
2026-01-28 03:21:23 INFO __main__ [ACTION] token_id=105558941490961743100777566068860209662825133870227537458865376585139033981276 -> [{'type': 'place', 'token_id': '105558941490961743100777566068860209662825133870227537458865376585139033981276', 'side': 'BUY', 'price': 0.963, 'size': 1.0384, 'ts': 1769541680, '_taker': True, '_taker_spread': 0.0020000000000000018, '_taker_thr': 0.011}]
2026-01-28 03:21:23 WARNING ct_exec place_order failed token_id=105558941490961743100777566068860209662825133870227537458865376585139033981276: PolyApiException[status_code=400, error_message={'error': 'invalid amount for a marketable BUY order ($0.99), min size: $1'}]
2026-01-28 03:21:46 INFO __main__ [SAFE] actions_empty reduce_reconcile_set size=1 recent_sec=600 lag_ms=0 actions=0 actions_unreliable=False
2026-01-28 03:21:46 INFO __main__ [RISK_SUMMARY] used_total=0.0 used_total_shadow=0.0 open_buy_orders_usd=0 shadow_buy_usd=0.0 recent_buy_usd=0.0 top_tokens=[]
2026-01-28 03:21:47 INFO __main__ [ACTION] token_id=105558941490961743100777566068860209662825133870227537458865376585139033981276 -> [{'type': 'place', 'token_id': '105558941490961743100777566068860209662825133870227537458865376585139033981276', 'side': 'BUY', 'price': 0.963, 'size': 1.0384, 'ts': 1769541703, '_taker': True, '_taker_spread': 0.0020000000000000018, '_taker_thr': 0.011}]
2026-01-28 03:21:47 WARNING ct_exec place_order failed token_id=105558941490961743100777566068860209662825133870227537458865376585139033981276: PolyApiException[status_code=400, error_message={'error': 'invalid amount for a marketable BUY order ($0.99), min size: $1'}]
2026-01-28 03:22:09 INFO __main__ [SAFE] actions_empty reduce_reconcile_set size=1 recent_sec=600 lag_ms=0 actions=0 actions_unreliable=False
2026-01-28 03:22:09 INFO __main__ [RISK_SUMMARY] used_total=0.0 used_total_shadow=0.0 open_buy_orders_usd=0 shadow_buy_usd=0.0 recent_buy_usd=0.0 top_tokens=[]
2026-01-28 03:22:10 INFO __main__ [ACTION] token_id=105558941490961743100777566068860209662825133870227537458865376585139033981276 -> [{'type': 'place', 'token_id': '105558941490961743100777566068860209662825133870227537458865376585139033981276', 'side': 'BUY', 'price': 0.963, 'size': 1.0384, 'ts': 1769541727, '_taker': True, '_taker_spread': 0.0020000000000000018, '_taker_thr': 0.011}]
2026-01-28 03:22:10 WARNING ct_exec place_order failed token_id=105558941490961743100777566068860209662825133870227537458865376585139033981276: PolyApiException[status_code=400, error_message={'error': 'invalid amount for a marketable BUY order ($0.99), min size: $1'}]
2026-01-28 03:22:33 INFO __main__ [SAFE] actions_empty reduce_reconcile_set size=1 recent_sec=600 lag_ms=0 actions=0 actions_unreliable=False
2026-01-28 03:22:33 INFO __main__ [RISK_SUMMARY] used_total=0.0 used_total_shadow=0.0 open_buy_orders_usd=0 shadow_buy_usd=0.0 recent_buy_usd=0.0 top_tokens=[]
2026-01-28 03:22:34 INFO __main__ [ACTION] token_id=105558941490961743100777566068860209662825133870227537458865376585139033981276 -> [{'type': 'place', 'token_id': '105558941490961743100777566068860209662825133870227537458865376585139033981276', 'side': 'BUY', 'price': 0.963, 'size': 1.0384, 'ts': 1769541750, '_taker': True, '_taker_spread': 0.0020000000000000018, '_taker_thr': 0.011}]
2026-01-28 03:22:34 WARNING ct_exec place_order failed token_id=105558941490961743100777566068860209662825133870227537458865376585139033981276: PolyApiException[status_code=400, error_message={'error': 'invalid amount for a marketable BUY order ($0.99), min size: $1'}]
2026-01-28 03:22:56 INFO __main__ [SAFE] actions_empty reduce_reconcile_set size=1 recent_sec=600 lag_ms=0 actions=0 actions_unreliable=False
2026-01-28 03:22:56 INFO __main__ [RISK_SUMMARY] used_total=0.0 used_total_shadow=0.0 open_buy_orders_usd=0 shadow_buy_usd=0.0 recent_buy_usd=0.0 top_tokens=[]
2026-01-28 03:22:56 INFO __main__ [ACTION] token_id=105558941490961743100777566068860209662825133870227537458865376585139033981276 -> [{'type': 'place', 'token_id': '105558941490961743100777566068860209662825133870227537458865376585139033981276', 'side': 'BUY', 'price': 0.963, 'size': 1.0384, 'ts': 1769541774, '_taker': True, '_taker_spread': 0.0020000000000000018, '_taker_thr': 0.011}]
2026-01-28 03:22:57 WARNING ct_exec place_order failed token_id=105558941490961743100777566068860209662825133870227537458865376585139033981276: PolyApiException[status_code=400, error_message={'error': 'invalid amount for a marketable BUY order ($0.99), min size: $1'}]
2026-01-28 03:23:19 INFO __main__ [SAFE] actions_empty reduce_reconcile_set size=1 recent_sec=600 lag_ms=0 actions=0 actions_unreliable=False
2026-01-28 03:23:19 INFO __main__ [RISK_SUMMARY] used_total=0.0 used_total_shadow=0.0 open_buy_orders_usd=0 shadow_buy_usd=0.0 recent_buy_usd=0.0 top_tokens=[]
2026-01-28 03:23:19 INFO __main__ [ACTION] token_id=105558941490961743100777566068860209662825133870227537458865376585139033981276 -> [{'type': 'place', 'token_id': '105558941490961743100777566068860209662825133870227537458865376585139033981276', 'side': 'BUY', 'price': 0.963, 'size': 1.0384, 'ts': 1769541797, '_taker': True, '_taker_spread': 0.0020000000000000018, '_taker_thr': 0.011}]
2026-01-28 03:23:20 WARNING ct_exec place_order failed token_id=105558941490961743100777566068860209662825133870227537458865376585139033981276: PolyApiException[status_code=400, error_message={'error': 'invalid amount for a marketable BUY order ($0.99), min size: $1'}]
2026-01-28 03:23:42 INFO __main__ [SAFE] actions_empty reduce_reconcile_set size=1 recent_sec=600 lag_ms=0 actions=0 actions_unreliable=False
2026-01-28 03:23:42 INFO __main__ [RISK_SUMMARY] used_total=0.0 used_total_shadow=0.0 open_buy_orders_usd=0 shadow_buy_usd=0.0 recent_buy_usd=0.0 top_tokens=[]
2026-01-28 03:23:43 INFO __main__ [ACTION] token_id=105558941490961743100777566068860209662825133870227537458865376585139033981276 -> [{'type': 'place', 'token_id': '105558941490961743100777566068860209662825133870227537458865376585139033981276', 'side': 'BUY', 'price': 0.963, 'size': 1.0384, 'ts': 1769541820, '_taker': True, '_taker_spread': 0.0020000000000000018, '_taker_thr': 0.011}]
2026-01-28 03:23:43 WARNING ct_exec place_order failed token_id=105558941490961743100777566068860209662825133870227537458865376585139033981276: PolyApiException[status_code=400, error_message={'error': 'invalid amount for a marketable BUY order ($0.99), min size: $1'}]
2026-01-28 03:24:06 INFO __main__ [SAFE] actions_empty reduce_reconcile_set size=1 recent_sec=600 lag_ms=0 actions=0 actions_unreliable=False
2026-01-28 03:24:06 INFO __main__ [RISK_SUMMARY] used_total=0.0 used_total_shadow=0.0 open_buy_orders_usd=0 shadow_buy_usd=0.0 recent_buy_usd=0.0 top_tokens=[]
2026-01-28 03:24:06 INFO __main__ [ACTION] token_id=105558941490961743100777566068860209662825133870227537458865376585139033981276 -> [{'type': 'place', 'token_id': '105558941490961743100777566068860209662825133870227537458865376585139033981276', 'side': 'BUY', 'price': 0.963, 'size': 1.0384, 'ts': 1769541843, '_taker': True, '_taker_spread': 0.0020000000000000018, '_taker_thr': 0.011}]
2026-01-28 03:24:06 WARNING ct_exec place_order failed token_id=105558941490961743100777566068860209662825133870227537458865376585139033981276: PolyApiException[status_code=400, error_message={'error': 'invalid amount for a marketable BUY order ($0.99), min size: $1'}]
2026-01-28 03:24:29 INFO __main__ [SAFE] actions_empty reduce_reconcile_set size=1 recent_sec=600 lag_ms=0 actions=0 actions_unreliable=False
2026-01-28 03:24:29 INFO __main__ [RISK_SUMMARY] used_total=0.0 used_total_shadow=0.0 open_buy_orders_usd=0 shadow_buy_usd=0.0 recent_buy_usd=0.0 top_tokens=[]
2026-01-28 03:24:29 INFO __main__ [ACTION] token_id=105558941490961743100777566068860209662825133870227537458865376585139033981276 -> [{'type': 'place', 'token_id': '105558941490961743100777566068860209662825133870227537458865376585139033981276', 'side': 'BUY', 'price': 0.963, 'size': 1.0384, 'ts': 1769541866, '_taker': True, '_taker_spread': 0.0020000000000000018, '_taker_thr': 0.011}]
2026-01-28 03:24:30 WARNING ct_exec place_order failed token_id=105558941490961743100777566068860209662825133870227537458865376585139033981276: PolyApiException[status_code=400, error_message={'error': 'invalid amount for a marketable BUY order ($0.99), min size: $1'}]
2026-01-28 03:24:53 INFO __main__ [SAFE] actions_empty reduce_reconcile_set size=1 recent_sec=600 lag_ms=0 actions=0 actions_unreliable=False
2026-01-28 03:24:53 INFO __main__ [RISK_SUMMARY] used_total=0.0 used_total_shadow=0.0 open_buy_orders_usd=0 shadow_buy_usd=0.0 recent_buy_usd=0.0 top_tokens=[]
2026-01-28 03:24:53 INFO __main__ [ACTION] token_id=105558941490961743100777566068860209662825133870227537458865376585139033981276 -> [{'type': 'place', 'token_id': '105558941490961743100777566068860209662825133870227537458865376585139033981276', 'side': 'BUY', 'price': 0.963, 'size': 1.0384, 'ts': 1769541890, '_taker': True, '_taker_spread': 0.0020000000000000018, '_taker_thr': 0.011}]
2026-01-28 03:24:53 WARNING ct_exec place_order failed token_id=105558941490961743100777566068860209662825133870227537458865376585139033981276: PolyApiException[status_code=400, error_message={'error': 'invalid amount for a marketable BUY order ($0.99), min size: $1'}]
2026-01-28 03:25:15 INFO __main__ [SAFE] actions_empty reduce_reconcile_set size=1 recent_sec=600 lag_ms=0 actions=0 actions_unreliable=False
2026-01-28 03:25:15 INFO __main__ [RISK_SUMMARY] used_total=0.0 used_total_shadow=0.0 open_buy_orders_usd=0 shadow_buy_usd=0.0 recent_buy_usd=0.0 top_tokens=[]
2026-01-28 03:25:16 INFO __main__ [ACTION] token_id=105558941490961743100777566068860209662825133870227537458865376585139033981276 -> [{'type': 'place', 'token_id': '105558941490961743100777566068860209662825133870227537458865376585139033981276', 'side': 'BUY', 'price': 0.963, 'size': 1.0384, 'ts': 1769541913, '_taker': True, '_taker_spread': 0.0020000000000000018, '_taker_thr': 0.011}]
2026-01-28 03:25:16 WARNING ct_exec place_order failed token_id=105558941490961743100777566068860209662825133870227537458865376585139033981276: PolyApiException[status_code=400, error_message={'error': 'invalid amount for a marketable BUY order ($0.99), min size: $1'}]
2026-01-28 03:25:38 INFO __main__ [SAFE] actions_empty reduce_reconcile_set size=1 recent_sec=600 lag_ms=0 actions=0 actions_unreliable=False
2026-01-28 03:25:38 INFO __main__ [RISK_SUMMARY] used_total=0.0 used_total_shadow=0.0 open_buy_orders_usd=0 shadow_buy_usd=0.0 recent_buy_usd=0.0 top_tokens=[]
2026-01-28 03:25:39 INFO __main__ [ACTION] token_id=105558941490961743100777566068860209662825133870227537458865376585139033981276 -> [{'type': 'place', 'token_id': '105558941490961743100777566068860209662825133870227537458865376585139033981276', 'side': 'BUY', 'price': 0.963, 'size': 1.0384, 'ts': 1769541936, '_taker': True, '_taker_spread': 0.0020000000000000018, '_taker_thr': 0.011}]
2026-01-28 03:25:39 WARNING ct_exec place_order failed token_id=105558941490961743100777566068860209662825133870227537458865376585139033981276: PolyApiException[status_code=400, error_message={'error': 'invalid amount for a marketable BUY order ($0.99), min size: $1'}]
2026-01-28 03:26:02 INFO __main__ [POS] target_count=1 my_count=0 target_incomplete=False my_incomplete=False | t_src=http_positions t_cb=1769541960 t_rsec=25 t_mode=sec t_http=200 t_hit=None
2026-01-28 03:26:02 INFO __main__ [POS] target cache_headers_first={'CF-Cache-Status': 'MISS', 'Cache-Control': 'public, max-age=2', 'Last-Modified': 'Tue, 27 Jan 2026 19:26:01 GMT', 'Date': 'Tue, 27 Jan 2026 19:26:01 GMT', 'Server': 'cloudflare'}
2026-01-28 03:26:02 INFO __main__ [POS] target cache_headers_last={'CF-Cache-Status': 'MISS', 'Cache-Control': 'public, max-age=2', 'Last-Modified': 'Tue, 27 Jan 2026 19:26:01 GMT', 'Date': 'Tue, 27 Jan 2026 19:26:01 GMT', 'Server': 'cloudflare'}
2026-01-28 03:26:02 INFO __main__ [SAFE] actions_empty reduce_reconcile_set size=1 recent_sec=600 lag_ms=0 actions=0 actions_unreliable=False
2026-01-28 03:26:02 INFO __main__ [RISK_SUMMARY] used_total=0.0 used_total_shadow=0.0 open_buy_orders_usd=0 shadow_buy_usd=0.0 recent_buy_usd=0.0 top_tokens=[]
2026-01-28 03:26:03 INFO __main__ [ACTION] token_id=105558941490961743100777566068860209662825133870227537458865376585139033981276 -> [{'type': 'place', 'token_id': '105558941490961743100777566068860209662825133870227537458865376585139033981276', 'side': 'BUY', 'price': 0.963, 'size': 1.0384, 'ts': 1769541959, '_taker': True, '_taker_spread': 0.0020000000000000018, '_taker_thr': 0.011}]
2026-01-28 03:26:03 WARNING ct_exec place_order failed token_id=105558941490961743100777566068860209662825133870227537458865376585139033981276: PolyApiException[status_code=400, error_message={'error': 'invalid amount for a marketable BUY order ($0.99), min size: $1'}]
2026-01-28 03:26:26 INFO __main__ [SAFE] actions_empty reduce_reconcile_set size=1 recent_sec=600 lag_ms=0 actions=0 actions_unreliable=False
2026-01-28 03:26:26 INFO __main__ [RISK_SUMMARY] used_total=0.0 used_total_shadow=0.0 open_buy_orders_usd=0 shadow_buy_usd=0.0 recent_buy_usd=0.0 top_tokens=[]
2026-01-28 03:26:26 INFO __main__ [ACTION] token_id=105558941490961743100777566068860209662825133870227537458865376585139033981276 -> [{'type': 'place', 'token_id': '105558941490961743100777566068860209662825133870227537458865376585139033981276', 'side': 'BUY', 'price': 0.963, 'size': 1.0384, 'ts': 1769541983, '_taker': True, '_taker_spread': 0.0020000000000000018, '_taker_thr': 0.011}]
2026-01-28 03:26:26 WARNING ct_exec place_order failed token_id=105558941490961743100777566068860209662825133870227537458865376585139033981276: PolyApiException[status_code=400, error_message={'error': 'invalid amount for a marketable BUY order ($0.99), min size: $1'}]
2026-01-28 03:26:49 INFO __main__ [SAFE] actions_empty reduce_reconcile_set size=1 recent_sec=600 lag_ms=0 actions=0 actions_unreliable=False
2026-01-28 03:26:49 INFO __main__ [RISK_SUMMARY] used_total=0.0 used_total_shadow=0.0 open_buy_orders_usd=0 shadow_buy_usd=0.0 recent_buy_usd=0.0 top_tokens=[]
2026-01-28 03:26:49 INFO __main__ [ACTION] token_id=105558941490961743100777566068860209662825133870227537458865376585139033981276 -> [{'type': 'place', 'token_id': '105558941490961743100777566068860209662825133870227537458865376585139033981276', 'side': 'BUY', 'price': 0.963, 'size': 1.0384, 'ts': 1769542006, '_taker': True, '_taker_spread': 0.0020000000000000018, '_taker_thr': 0.011}]
2026-01-28 03:26:49 WARNING ct_exec place_order failed token_id=105558941490961743100777566068860209662825133870227537458865376585139033981276: PolyApiException[status_code=400, error_message={'error': 'invalid amount for a marketable BUY order ($0.99), min size: $1'}]
2026-01-28 03:27:13 INFO __main__ [SAFE] actions_empty reduce_reconcile_set size=1 recent_sec=600 lag_ms=0 actions=0 actions_unreliable=False
2026-01-28 03:27:13 INFO __main__ [RISK_SUMMARY] used_total=0.0 used_total_shadow=0.0 open_buy_orders_usd=0 shadow_buy_usd=0.0 recent_buy_usd=0.0 top_tokens=[]
2026-01-28 03:27:13 INFO __main__ [ACTION] token_id=105558941490961743100777566068860209662825133870227537458865376585139033981276 -> [{'type': 'place', 'token_id': '105558941490961743100777566068860209662825133870227537458865376585139033981276', 'side': 'BUY', 'price': 0.963, 'size': 1.0384, 'ts': 1769542029, '_taker': True, '_taker_spread': 0.0020000000000000018, '_taker_thr': 0.011}]
2026-01-28 03:27:13 WARNING ct_exec place_order failed token_id=105558941490961743100777566068860209662825133870227537458865376585139033981276: PolyApiException[status_code=400, error_message={'error': 'invalid amount for a marketable BUY order ($0.99), min size: $1'}]
2026-01-28 03:27:36 INFO __main__ [SAFE] actions_empty reduce_reconcile_set size=1 recent_sec=600 lag_ms=0 actions=0 actions_unreliable=False
2026-01-28 03:27:36 INFO __main__ [RISK_SUMMARY] used_total=0.0 used_total_shadow=0.0 open_buy_orders_usd=0 shadow_buy_usd=0.0 recent_buy_usd=0.0 top_tokens=[]
2026-01-28 03:27:36 INFO __main__ [ACTION] token_id=105558941490961743100777566068860209662825133870227537458865376585139033981276 -> [{'type': 'place', 'token_id': '105558941490961743100777566068860209662825133870227537458865376585139033981276', 'side': 'BUY', 'price': 0.963, 'size': 1.0384, 'ts': 1769542053, '_taker': True, '_taker_spread': 0.0020000000000000018, '_taker_thr': 0.011}]
2026-01-28 03:27:36 WARNING ct_exec place_order failed token_id=105558941490961743100777566068860209662825133870227537458865376585139033981276: PolyApiException[status_code=400, error_message={'error': 'invalid amount for a marketable BUY order ($0.99), min size: $1'}]
2026-01-28 03:27:59 INFO __main__ [SAFE] actions_empty reduce_reconcile_set size=1 recent_sec=600 lag_ms=0 actions=0 actions_unreliable=False
2026-01-28 03:27:59 INFO __main__ [RISK_SUMMARY] used_total=0.0 used_total_shadow=0.0 open_buy_orders_usd=0 shadow_buy_usd=0.0 recent_buy_usd=0.0 top_tokens=[]
2026-01-28 03:27:59 INFO __main__ [ACTION] token_id=105558941490961743100777566068860209662825133870227537458865376585139033981276 -> [{'type': 'place', 'token_id': '105558941490961743100777566068860209662825133870227537458865376585139033981276', 'side': 'BUY', 'price': 0.963, 'size': 1.0384, 'ts': 1769542076, '_taker': True, '_taker_spread': 0.0020000000000000018, '_taker_thr': 0.011}]
2026-01-28 03:28:00 WARNING ct_exec place_order failed token_id=105558941490961743100777566068860209662825133870227537458865376585139033981276: PolyApiException[status_code=400, error_message={'error': 'invalid amount for a marketable BUY order ($0.99), min size: $1'}]
2026-01-28 03:28:22 INFO __main__ [SAFE] actions_empty reduce_reconcile_set size=1 recent_sec=600 lag_ms=0 actions=0 actions_unreliable=False
2026-01-28 03:28:22 INFO __main__ [RISK_SUMMARY] used_total=0.0 used_total_shadow=0.0 open_buy_orders_usd=0 shadow_buy_usd=0.0 recent_buy_usd=0.0 top_tokens=[]
2026-01-28 03:28:22 INFO __main__ [ACTION] token_id=105558941490961743100777566068860209662825133870227537458865376585139033981276 -> [{'type': 'place', 'token_id': '105558941490961743100777566068860209662825133870227537458865376585139033981276', 'side': 'BUY', 'price': 0.963, 'size': 1.0384, 'ts': 1769542100, '_taker': True, '_taker_spread': 0.0020000000000000018, '_taker_thr': 0.011}]
2026-01-28 03:28:23 WARNING ct_exec place_order failed token_id=105558941490961743100777566068860209662825133870227537458865376585139033981276: PolyApiException[status_code=400, error_message={'error': 'invalid amount for a marketable BUY order ($0.99), min size: $1'}]
2026-01-28 03:28:45 INFO __main__ [SAFE] actions_empty reduce_reconcile_set size=1 recent_sec=600 lag_ms=0 actions=0 actions_unreliable=False
2026-01-28 03:28:45 INFO __main__ [RISK_SUMMARY] used_total=0.0 used_total_shadow=0.0 open_buy_orders_usd=0 shadow_buy_usd=0.0 recent_buy_usd=0.0 top_tokens=[]
2026-01-28 03:28:45 INFO __main__ [ACTION] token_id=105558941490961743100777566068860209662825133870227537458865376585139033981276 -> [{'type': 'place', 'token_id': '105558941490961743100777566068860209662825133870227537458865376585139033981276', 'side': 'BUY', 'price': 0.963, 'size': 1.0384, 'ts': 1769542123, '_taker': True, '_taker_spread': 0.0020000000000000018, '_taker_thr': 0.011}]
2026-01-28 03:28:46 WARNING ct_exec place_order failed token_id=105558941490961743100777566068860209662825133870227537458865376585139033981276: PolyApiException[status_code=400, error_message={'error': 'invalid amount for a marketable BUY order ($0.99), min size: $1'}]
2026-01-28 03:29:08 INFO __main__ [SAFE] actions_empty reduce_reconcile_set size=1 recent_sec=600 lag_ms=0 actions=0 actions_unreliable=False
2026-01-28 03:29:08 INFO __main__ [RISK_SUMMARY] used_total=0.0 used_total_shadow=0.0 open_buy_orders_usd=0 shadow_buy_usd=0.0 recent_buy_usd=0.0 top_tokens=[]
2026-01-28 03:29:08 INFO __main__ [ACTION] token_id=105558941490961743100777566068860209662825133870227537458865376585139033981276 -> [{'type': 'place', 'token_id': '105558941490961743100777566068860209662825133870227537458865376585139033981276', 'side': 'BUY', 'price': 0.962, 'size': 1.0384, 'ts': 1769542146, '_taker': True, '_taker_spread': 0.0010000000000000009, '_taker_thr': 0.011}]
2026-01-28 03:29:08 WARNING ct_exec place_order failed token_id=105558941490961743100777566068860209662825133870227537458865376585139033981276: PolyApiException[status_code=400, error_message={'error': 'invalid amount for a marketable BUY order ($0.99), min size: $1'}]
2026-01-28 03:29:31 INFO __main__ [SAFE] actions_empty reduce_reconcile_set size=1 recent_sec=600 lag_ms=0 actions=0 actions_unreliable=False
2026-01-28 03:29:31 INFO __main__ [RISK_SUMMARY] used_total=0.0 used_total_shadow=0.0 open_buy_orders_usd=0 shadow_buy_usd=0.0 recent_buy_usd=0.0 top_tokens=[]
2026-01-28 03:29:31 INFO __main__ [ACTION] token_id=105558941490961743100777566068860209662825133870227537458865376585139033981276 -> [{'type': 'place', 'token_id': '105558941490961743100777566068860209662825133870227537458865376585139033981276', 'side': 'BUY', 'price': 0.962, 'size': 1.0384, 'ts': 1769542168, '_taker': True, '_taker_spread': 0.0010000000000000009, '_taker_thr': 0.011}]
2026-01-28 03:29:31 WARNING ct_exec place_order failed token_id=105558941490961743100777566068860209662825133870227537458865376585139033981276: PolyApiException[status_code=400, error_message={'error': 'invalid amount for a marketable BUY order ($0.99), min size: $1'}]
2026-01-28 03:29:54 INFO __main__ [SAFE] actions_empty reduce_reconcile_set size=1 recent_sec=600 lag_ms=0 actions=0 actions_unreliable=False
2026-01-28 03:29:54 INFO __main__ [RISK_SUMMARY] used_total=0.0 used_total_shadow=0.0 open_buy_orders_usd=0 shadow_buy_usd=0.0 recent_buy_usd=0.0 top_tokens=[]
2026-01-28 03:29:54 INFO __main__ [ACTION] token_id=105558941490961743100777566068860209662825133870227537458865376585139033981276 -> [{'type': 'place', 'token_id': '105558941490961743100777566068860209662825133870227537458865376585139033981276', 'side': 'BUY', 'price': 0.962, 'size': 1.0384, 'ts': 1769542191, '_taker': True, '_taker_spread': 0.0010000000000000009, '_taker_thr': 0.011}]
2026-01-28 03:29:55 WARNING ct_exec place_order failed token_id=105558941490961743100777566068860209662825133870227537458865376585139033981276: PolyApiException[status_code=400, error_message={'error': 'invalid amount for a marketable BUY order ($0.99), min size: $1'}]
2026-01-28 03:30:17 INFO __main__ [SAFE] actions_empty reduce_reconcile_set size=1 recent_sec=600 lag_ms=0 actions=0 actions_unreliable=False
2026-01-28 03:30:17 INFO __main__ [RISK_SUMMARY] used_total=0.0 used_total_shadow=0.0 open_buy_orders_usd=0 shadow_buy_usd=0.0 recent_buy_usd=0.0 top_tokens=[]
2026-01-28 03:30:17 INFO __main__ [ACTION] token_id=105558941490961743100777566068860209662825133870227537458865376585139033981276 -> [{'type': 'place', 'token_id': '105558941490961743100777566068860209662825133870227537458865376585139033981276', 'side': 'BUY', 'price': 0.962, 'size': 1.0384, 'ts': 1769542215, '_taker': True, '_taker_spread': 0.0010000000000000009, '_taker_thr': 0.011}]
2026-01-28 03:30:18 WARNING ct_exec place_order failed token_id=105558941490961743100777566068860209662825133870227537458865376585139033981276: PolyApiException[status_code=400, error_message={'error': 'invalid amount for a marketable BUY order ($0.99), min size: $1'}]
2026-01-28 03:30:40 INFO __main__ [SAFE] actions_empty reduce_reconcile_set size=1 recent_sec=600 lag_ms=0 actions=0 actions_unreliable=False
2026-01-28 03:30:40 INFO __main__ [RISK_SUMMARY] used_total=0.0 used_total_shadow=0.0 open_buy_orders_usd=0 shadow_buy_usd=0.0 recent_buy_usd=0.0 top_tokens=[]
2026-01-28 03:30:40 INFO __main__ [ACTION] token_id=105558941490961743100777566068860209662825133870227537458865376585139033981276 -> [{'type': 'place', 'token_id': '105558941490961743100777566068860209662825133870227537458865376585139033981276', 'side': 'BUY', 'price': 0.962, 'size': 1.0384, 'ts': 1769542238, '_taker': True, '_taker_spread': 0.0010000000000000009, '_taker_thr': 0.011}]
2026-01-28 03:30:40 WARNING ct_exec place_order failed token_id=105558941490961743100777566068860209662825133870227537458865376585139033981276: PolyApiException[status_code=400, error_message={'error': 'invalid amount for a marketable BUY order ($0.99), min size: $1'}]
2026-01-28 03:31:00 INFO __main__ [CFG] reloaded (interval)
2026-01-28 03:31:02 INFO __main__ [SAFE] actions_empty reduce_reconcile_set size=1 recent_sec=600 lag_ms=0 actions=0 actions_unreliable=False
2026-01-28 03:31:03 INFO __main__ [RISK_SUMMARY] used_total=0.0 used_total_shadow=0.0 open_buy_orders_usd=0 shadow_buy_usd=0.0 recent_buy_usd=0.0 top_tokens=[]
2026-01-28 03:31:04 INFO __main__ [ACTION] token_id=105558941490961743100777566068860209662825133870227537458865376585139033981276 -> [{'type': 'place', 'token_id': '105558941490961743100777566068860209662825133870227537458865376585139033981276', 'side': 'BUY', 'price': 0.962, 'size': 1.0384, 'ts': 1769542260, '_taker': True, '_taker_spread': 0.0010000000000000009, '_taker_thr': 0.011}]
2026-01-28 03:31:04 WARNING ct_exec place_order failed token_id=105558941490961743100777566068860209662825133870227537458865376585139033981276: PolyApiException[status_code=400, error_message={'error': 'invalid amount for a marketable BUY order ($0.99), min size: $1'}]
2026-01-28 03:31:27 INFO __main__ [SAFE] actions_empty reduce_reconcile_set size=1 recent_sec=600 lag_ms=0 actions=0 actions_unreliable=False
2026-01-28 03:31:27 INFO __main__ [RISK_SUMMARY] used_total=0.0 used_total_shadow=0.0 open_buy_orders_usd=0 shadow_buy_usd=0.0 recent_buy_usd=0.0 top_tokens=[]
2026-01-28 03:31:27 INFO __main__ [ACTION] token_id=105558941490961743100777566068860209662825133870227537458865376585139033981276 -> [{'type': 'place', 'token_id': '105558941490961743100777566068860209662825133870227537458865376585139033981276', 'side': 'BUY', 'price': 0.962, 'size': 1.0384, 'ts': 1769542284, '_taker': True, '_taker_spread': 0.0010000000000000009, '_taker_thr': 0.011}]
2026-01-28 03:31:27 WARNING ct_exec place_order failed token_id=105558941490961743100777566068860209662825133870227537458865376585139033981276: PolyApiException[status_code=400, error_message={'error': 'invalid amount for a marketable BUY order ($0.99), min size: $1'}]
2026-01-28 03:31:49 INFO __main__ [SAFE] actions_empty reduce_reconcile_set size=1 recent_sec=600 lag_ms=0 actions=0 actions_unreliable=False
2026-01-28 03:31:49 INFO __main__ [RISK_SUMMARY] used_total=0.0 used_total_shadow=0.0 open_buy_orders_usd=0 shadow_buy_usd=0.0 recent_buy_usd=0.0 top_tokens=[]
2026-01-28 03:31:50 INFO __main__ [ACTION] token_id=105558941490961743100777566068860209662825133870227537458865376585139033981276 -> [{'type': 'place', 'token_id': '105558941490961743100777566068860209662825133870227537458865376585139033981276', 'side': 'BUY', 'price': 0.962, 'size': 1.0384, 'ts': 1769542307, '_taker': True, '_taker_spread': 0.0010000000000000009, '_taker_thr': 0.011}]
2026-01-28 03:31:50 WARNING ct_exec place_order failed token_id=105558941490961743100777566068860209662825133870227537458865376585139033981276: PolyApiException[status_code=400, error_message={'error': 'invalid amount for a marketable BUY order ($0.99), min size: $1'}]
2026-01-28 03:32:12 INFO __main__ [SAFE] actions_empty reduce_reconcile_set size=1 recent_sec=600 lag_ms=0 actions=0 actions_unreliable=False
2026-01-28 03:32:12 INFO __main__ [RISK_SUMMARY] used_total=0.0 used_total_shadow=0.0 open_buy_orders_usd=0 shadow_buy_usd=0.0 recent_buy_usd=0.0 top_tokens=[]
2026-01-28 03:32:13 INFO __main__ [ACTION] token_id=105558941490961743100777566068860209662825133870227537458865376585139033981276 -> [{'type': 'place', 'token_id': '105558941490961743100777566068860209662825133870227537458865376585139033981276', 'side': 'BUY', 'price': 0.962, 'size': 1.0384, 'ts': 1769542330, '_taker': True, '_taker_spread': 0.0010000000000000009, '_taker_thr': 0.011}]
2026-01-28 03:32:13 WARNING ct_exec place_order failed token_id=105558941490961743100777566068860209662825133870227537458865376585139033981276: PolyApiException[status_code=400, error_message={'error': 'invalid amount for a marketable BUY order ($0.99), min size: $1'}]
2026-01-28 03:32:36 INFO __main__ [SAFE] actions_empty reduce_reconcile_set size=1 recent_sec=600 lag_ms=0 actions=0 actions_unreliable=False
2026-01-28 03:32:36 INFO __main__ [RISK_SUMMARY] used_total=0.0 used_total_shadow=0.0 open_buy_orders_usd=0 shadow_buy_usd=0.0 recent_buy_usd=0.0 top_tokens=[]
2026-01-28 03:32:36 INFO __main__ [ACTION] token_id=105558941490961743100777566068860209662825133870227537458865376585139033981276 -> [{'type': 'place', 'token_id': '105558941490961743100777566068860209662825133870227537458865376585139033981276', 'side': 'BUY', 'price': 0.963, 'size': 1.0384, 'ts': 1769542353, '_taker': True, '_taker_spread': 0.0010000000000000009, '_taker_thr': 0.011}]
2026-01-28 03:32:37 WARNING ct_exec place_order failed token_id=105558941490961743100777566068860209662825133870227537458865376585139033981276: PolyApiException[status_code=400, error_message={'error': 'invalid amount for a marketable BUY order ($0.99), min size: $1'}]
2026-01-28 03:32:59 INFO __main__ [SAFE] actions_empty reduce_reconcile_set size=1 recent_sec=600 lag_ms=0 actions=0 actions_unreliable=False
2026-01-28 03:32:59 INFO __main__ [RISK_SUMMARY] used_total=0.0 used_total_shadow=0.0 open_buy_orders_usd=0 shadow_buy_usd=0.0 recent_buy_usd=0.0 top_tokens=[]
2026-01-28 03:33:00 INFO __main__ [ACTION] token_id=105558941490961743100777566068860209662825133870227537458865376585139033981276 -> [{'type': 'place', 'token_id': '105558941490961743100777566068860209662825133870227537458865376585139033981276', 'side': 'BUY', 'price': 0.963, 'size': 1.0384, 'ts': 1769542377, '_taker': True, '_taker_spread': 0.0010000000000000009, '_taker_thr': 0.011}]
2026-01-28 03:33:00 WARNING ct_exec place_order failed token_id=105558941490961743100777566068860209662825133870227537458865376585139033981276: PolyApiException[status_code=400, error_message={'error': 'invalid amount for a marketable BUY order ($0.99), min size: $1'}]
2026-01-28 03:33:23 INFO __main__ [SAFE] actions_empty reduce_reconcile_set size=1 recent_sec=600 lag_ms=0 actions=0 actions_unreliable=False
2026-01-28 03:33:23 INFO __main__ [RISK_SUMMARY] used_total=0.0 used_total_shadow=0.0 open_buy_orders_usd=0 shadow_buy_usd=0.0 recent_buy_usd=0.0 top_tokens=[]
2026-01-28 03:33:24 INFO __main__ [ACTION] token_id=105558941490961743100777566068860209662825133870227537458865376585139033981276 -> [{'type': 'place', 'token_id': '105558941490961743100777566068860209662825133870227537458865376585139033981276', 'side': 'BUY', 'price': 0.963, 'size': 1.0384, 'ts': 1769542400, '_taker': True, '_taker_spread': 0.0010000000000000009, '_taker_thr': 0.011}]
2026-01-28 03:33:24 WARNING ct_exec place_order failed token_id=105558941490961743100777566068860209662825133870227537458865376585139033981276: PolyApiException[status_code=400, error_message={'error': 'invalid amount for a marketable BUY order ($0.99), min size: $1'}]
2026-01-28 03:33:46 INFO __main__ [SAFE] actions_empty reduce_reconcile_set size=1 recent_sec=600 lag_ms=0 actions=0 actions_unreliable=False
2026-01-28 03:33:46 INFO __main__ [RISK_SUMMARY] used_total=0.0 used_total_shadow=0.0 open_buy_orders_usd=0 shadow_buy_usd=0.0 recent_buy_usd=0.0 top_tokens=[]
2026-01-28 03:33:46 INFO __main__ [ACTION] token_id=105558941490961743100777566068860209662825133870227537458865376585139033981276 -> [{'type': 'place', 'token_id': '105558941490961743100777566068860209662825133870227537458865376585139033981276', 'side': 'BUY', 'price': 0.963, 'size': 1.0384, 'ts': 1769542424, '_taker': True, '_taker_spread': 0.0010000000000000009, '_taker_thr': 0.011}]
2026-01-28 03:33:46 WARNING ct_exec place_order failed token_id=105558941490961743100777566068860209662825133870227537458865376585139033981276: PolyApiException[status_code=400, error_message={'error': 'invalid amount for a marketable BUY order ($0.99), min size: $1'}]
2026-01-28 03:34:09 INFO __main__ [SAFE] actions_empty reduce_reconcile_set size=1 recent_sec=600 lag_ms=0 actions=0 actions_unreliable=False
2026-01-28 03:34:09 INFO __main__ [RISK_SUMMARY] used_total=0.0 used_total_shadow=0.0 open_buy_orders_usd=0 shadow_buy_usd=0.0 recent_buy_usd=0.0 top_tokens=[]
2026-01-28 03:34:09 INFO __main__ [ACTION] token_id=105558941490961743100777566068860209662825133870227537458865376585139033981276 -> [{'type': 'place', 'token_id': '105558941490961743100777566068860209662825133870227537458865376585139033981276', 'side': 'BUY', 'price': 0.963, 'size': 1.0384, 'ts': 1769542446, '_taker': True, '_taker_spread': 0.0010000000000000009, '_taker_thr': 0.011}]
2026-01-28 03:34:10 WARNING ct_exec place_order failed token_id=105558941490961743100777566068860209662825133870227537458865376585139033981276: PolyApiException[status_code=400, error_message={'error': 'invalid amount for a marketable BUY order ($0.99), min size: $1'}]
2026-01-28 03:34:32 INFO __main__ [SAFE] actions_empty reduce_reconcile_set size=1 recent_sec=600 lag_ms=0 actions=0 actions_unreliable=False
2026-01-28 03:34:32 INFO __main__ [RISK_SUMMARY] used_total=0.0 used_total_shadow=0.0 open_buy_orders_usd=0 shadow_buy_usd=0.0 recent_buy_usd=0.0 top_tokens=[]
2026-01-28 03:34:33 INFO __main__ [ACTION] token_id=105558941490961743100777566068860209662825133870227537458865376585139033981276 -> [{'type': 'place', 'token_id': '105558941490961743100777566068860209662825133870227537458865376585139033981276', 'side': 'BUY', 'price': 0.963, 'size': 1.0384, 'ts': 1769542470, '_taker': True, '_taker_spread': 0.0020000000000000018, '_taker_thr': 0.011}]
2026-01-28 03:34:33 WARNING ct_exec place_order failed token_id=105558941490961743100777566068860209662825133870227537458865376585139033981276: PolyApiException[status_code=400, error_message={'error': 'invalid amount for a marketable BUY order ($0.99), min size: $1'}]
2026-01-28 03:34:56 INFO __main__ [SAFE] actions_empty reduce_reconcile_set size=1 recent_sec=600 lag_ms=0 actions=0 actions_unreliable=False
2026-01-28 03:34:56 INFO __main__ [RISK_SUMMARY] used_total=0.0 used_total_shadow=0.0 open_buy_orders_usd=0 shadow_buy_usd=0.0 recent_buy_usd=0.0 top_tokens=[]
2026-01-28 03:34:56 INFO __main__ [ACTION] token_id=105558941490961743100777566068860209662825133870227537458865376585139033981276 -> [{'type': 'place', 'token_id': '105558941490961743100777566068860209662825133870227537458865376585139033981276', 'side': 'BUY', 'price': 0.963, 'size': 1.0384, 'ts': 1769542493, '_taker': True, '_taker_spread': 0.0020000000000000018, '_taker_thr': 0.011}]
2026-01-28 03:34:56 WARNING ct_exec place_order failed token_id=105558941490961743100777566068860209662825133870227537458865376585139033981276: PolyApiException[status_code=400, error_message={'error': 'invalid amount for a marketable BUY order ($0.99), min size: $1'}]
2026-01-28 03:35:19 INFO __main__ [SAFE] actions_empty reduce_reconcile_set size=1 recent_sec=600 lag_ms=0 actions=0 actions_unreliable=False
2026-01-28 03:35:19 INFO __main__ [RISK_SUMMARY] used_total=0.0 used_total_shadow=0.0 open_buy_orders_usd=0 shadow_buy_usd=0.0 recent_buy_usd=0.0 top_tokens=[]
2026-01-28 03:35:19 INFO __main__ [ACTION] token_id=105558941490961743100777566068860209662825133870227537458865376585139033981276 -> [{'type': 'place', 'token_id': '105558941490961743100777566068860209662825133870227537458865376585139033981276', 'side': 'BUY', 'price': 0.963, 'size': 1.0384, 'ts': 1769542516, '_taker': True, '_taker_spread': 0.0020000000000000018, '_taker_thr': 0.011}]
2026-01-28 03:35:19 WARNING ct_exec place_order failed token_id=105558941490961743100777566068860209662825133870227537458865376585139033981276: PolyApiException[status_code=400, error_message={'error': 'invalid amount for a marketable BUY order ($0.99), min size: $1'}]
2026-01-28 03:35:42 INFO __main__ [SAFE] actions_empty reduce_reconcile_set size=1 recent_sec=600 lag_ms=0 actions=0 actions_unreliable=False
2026-01-28 03:35:42 INFO __main__ [RISK_SUMMARY] used_total=0.0 used_total_shadow=0.0 open_buy_orders_usd=0 shadow_buy_usd=0.0 recent_buy_usd=0.0 top_tokens=[]
2026-01-28 03:35:42 INFO __main__ [ACTION] token_id=105558941490961743100777566068860209662825133870227537458865376585139033981276 -> [{'type': 'place', 'token_id': '105558941490961743100777566068860209662825133870227537458865376585139033981276', 'side': 'BUY', 'price': 0.963, 'size': 1.0384, 'ts': 1769542539, '_taker': True, '_taker_spread': 0.0020000000000000018, '_taker_thr': 0.011}]
2026-01-28 03:35:42 WARNING ct_exec place_order failed token_id=105558941490961743100777566068860209662825133870227537458865376585139033981276: PolyApiException[status_code=400, error_message={'error': 'invalid amount for a marketable BUY order ($0.99), min size: $1'}]
2026-01-28 03:36:05 INFO __main__ [POS] target_count=1 my_count=0 target_incomplete=False my_incomplete=False | t_src=http_positions t_cb=1769542564 t_rsec=25 t_mode=sec t_http=200 t_hit=None
2026-01-28 03:36:05 INFO __main__ [POS] target cache_headers_first={'CF-Cache-Status': 'MISS', 'Cache-Control': 'public, max-age=2', 'Last-Modified': 'Tue, 27 Jan 2026 19:36:04 GMT', 'Date': 'Tue, 27 Jan 2026 19:36:04 GMT', 'Server': 'cloudflare'}
2026-01-28 03:36:05 INFO __main__ [POS] target cache_headers_last={'CF-Cache-Status': 'MISS', 'Cache-Control': 'public, max-age=2', 'Last-Modified': 'Tue, 27 Jan 2026 19:36:04 GMT', 'Date': 'Tue, 27 Jan 2026 19:36:04 GMT', 'Server': 'cloudflare'}
2026-01-28 03:36:05 INFO __main__ [SAFE] actions_empty reduce_reconcile_set size=1 recent_sec=600 lag_ms=0 actions=0 actions_unreliable=False
2026-01-28 03:36:05 INFO __main__ [RISK_SUMMARY] used_total=0.0 used_total_shadow=0.0 open_buy_orders_usd=0 shadow_buy_usd=0.0 recent_buy_usd=0.0 top_tokens=[]
2026-01-28 03:36:05 INFO __main__ [ACTION] token_id=105558941490961743100777566068860209662825133870227537458865376585139033981276 -> [{'type': 'place', 'token_id': '105558941490961743100777566068860209662825133870227537458865376585139033981276', 'side': 'BUY', 'price': 0.963, 'size': 1.0384, 'ts': 1769542562, '_taker': True, '_taker_spread': 0.0020000000000000018, '_taker_thr': 0.011}]
2026-01-28 03:36:06 WARNING ct_exec place_order failed token_id=105558941490961743100777566068860209662825133870227537458865376585139033981276: PolyApiException[status_code=400, error_message={'error': 'invalid amount for a marketable BUY order ($0.99), min size: $1'}]
2026-01-28 03:36:28 INFO __main__ [SAFE] actions_empty reduce_reconcile_set size=1 recent_sec=600 lag_ms=0 actions=0 actions_unreliable=False
2026-01-28 03:36:28 INFO __main__ [RISK_SUMMARY] used_total=0.0 used_total_shadow=0.0 open_buy_orders_usd=0 shadow_buy_usd=0.0 recent_buy_usd=0.0 top_tokens=[]
2026-01-28 03:36:28 INFO __main__ [ACTION] token_id=105558941490961743100777566068860209662825133870227537458865376585139033981276 -> [{'type': 'place', 'token_id': '105558941490961743100777566068860209662825133870227537458865376585139033981276', 'side': 'BUY', 'price': 0.963, 'size': 1.0384, 'ts': 1769542586, '_taker': True, '_taker_spread': 0.0020000000000000018, '_taker_thr': 0.011}]
2026-01-28 03:36:29 WARNING ct_exec place_order failed token_id=105558941490961743100777566068860209662825133870227537458865376585139033981276: PolyApiException[status_code=400, error_message={'error': 'invalid amount for a marketable BUY order ($0.99), min size: $1'}]
2026-01-28 03:36:51 INFO __main__ [SAFE] actions_empty reduce_reconcile_set size=1 recent_sec=600 lag_ms=0 actions=0 actions_unreliable=False
2026-01-28 03:36:51 INFO __main__ [RISK_SUMMARY] used_total=0.0 used_total_shadow=0.0 open_buy_orders_usd=0 shadow_buy_usd=0.0 recent_buy_usd=0.0 top_tokens=[]
2026-01-28 03:36:51 INFO __main__ [ACTION] token_id=105558941490961743100777566068860209662825133870227537458865376585139033981276 -> [{'type': 'place', 'token_id': '105558941490961743100777566068860209662825133870227537458865376585139033981276', 'side': 'BUY', 'price': 0.963, 'size': 1.0384, 'ts': 1769542609, '_taker': True, '_taker_spread': 0.0020000000000000018, '_taker_thr': 0.011}]
2026-01-28 03:36:51 WARNING ct_exec place_order failed token_id=105558941490961743100777566068860209662825133870227537458865376585139033981276: PolyApiException[status_code=400, error_message={'error': 'invalid amount for a marketable BUY order ($0.99), min size: $1'}]
2026-01-28 03:37:14 INFO __main__ [SAFE] actions_empty reduce_reconcile_set size=1 recent_sec=600 lag_ms=0 actions=0 actions_unreliable=False
2026-01-28 03:37:14 INFO __main__ [RISK_SUMMARY] used_total=0.0 used_total_shadow=0.0 open_buy_orders_usd=0 shadow_buy_usd=0.0 recent_buy_usd=0.0 top_tokens=[]
2026-01-28 03:37:14 INFO __main__ [ACTION] token_id=105558941490961743100777566068860209662825133870227537458865376585139033981276 -> [{'type': 'place', 'token_id': '105558941490961743100777566068860209662825133870227537458865376585139033981276', 'side': 'BUY', 'price': 0.963, 'size': 1.0384, 'ts': 1769542631, '_taker': True, '_taker_spread': 0.0020000000000000018, '_taker_thr': 0.011}]
2026-01-28 03:37:14 WARNING ct_exec place_order failed token_id=105558941490961743100777566068860209662825133870227537458865376585139033981276: PolyApiException[status_code=400, error_message={'error': 'invalid amount for a marketable BUY order ($0.99), min size: $1'}]
2026-01-28 03:37:37 INFO __main__ [SAFE] actions_empty reduce_reconcile_set size=1 recent_sec=600 lag_ms=0 actions=0 actions_unreliable=False
2026-01-28 03:37:37 INFO __main__ [RISK_SUMMARY] used_total=0.0 used_total_shadow=0.0 open_buy_orders_usd=0 shadow_buy_usd=0.0 recent_buy_usd=0.0 top_tokens=[]
2026-01-28 03:37:37 INFO __main__ [ACTION] token_id=105558941490961743100777566068860209662825133870227537458865376585139033981276 -> [{'type': 'place', 'token_id': '105558941490961743100777566068860209662825133870227537458865376585139033981276', 'side': 'BUY', 'price': 0.963, 'size': 1.0384, 'ts': 1769542654, '_taker': True, '_taker_spread': 0.0020000000000000018, '_taker_thr': 0.011}]
2026-01-28 03:37:37 WARNING ct_exec place_order failed token_id=105558941490961743100777566068860209662825133870227537458865376585139033981276: PolyApiException[status_code=400, error_message={'error': 'invalid amount for a marketable BUY order ($0.99), min size: $1'}]
2026-01-28 03:38:00 INFO __main__ [SAFE] actions_empty reduce_reconcile_set size=1 recent_sec=600 lag_ms=0 actions=0 actions_unreliable=False
2026-01-28 03:38:00 INFO __main__ [RISK_SUMMARY] used_total=0.0 used_total_shadow=0.0 open_buy_orders_usd=0 shadow_buy_usd=0.0 recent_buy_usd=0.0 top_tokens=[]
2026-01-28 03:38:00 INFO __main__ [ACTION] token_id=105558941490961743100777566068860209662825133870227537458865376585139033981276 -> [{'type': 'place', 'token_id': '105558941490961743100777566068860209662825133870227537458865376585139033981276', 'side': 'BUY', 'price': 0.963, 'size': 1.0384, 'ts': 1769542677, '_taker': True, '_taker_spread': 0.0020000000000000018, '_taker_thr': 0.011}]
2026-01-28 03:38:01 WARNING ct_exec place_order failed token_id=105558941490961743100777566068860209662825133870227537458865376585139033981276: PolyApiException[status_code=400, error_message={'error': 'invalid amount for a marketable BUY order ($0.99), min size: $1'}]
2026-01-28 03:38:23 INFO __main__ [SAFE] actions_empty reduce_reconcile_set size=1 recent_sec=600 lag_ms=0 actions=0 actions_unreliable=False
2026-01-28 03:38:23 INFO __main__ [RISK_SUMMARY] used_total=0.0 used_total_shadow=0.0 open_buy_orders_usd=0 shadow_buy_usd=0.0 recent_buy_usd=0.0 top_tokens=[]
2026-01-28 03:38:23 INFO __main__ [ACTION] token_id=105558941490961743100777566068860209662825133870227537458865376585139033981276 -> [{'type': 'place', 'token_id': '105558941490961743100777566068860209662825133870227537458865376585139033981276', 'side': 'BUY', 'price': 0.963, 'size': 1.0384, 'ts': 1769542701, '_taker': True, '_taker_spread': 0.0020000000000000018, '_taker_thr': 0.011}]
2026-01-28 03:38:24 WARNING ct_exec place_order failed token_id=105558941490961743100777566068860209662825133870227537458865376585139033981276: PolyApiException[status_code=400, error_message={'error': 'invalid amount for a marketable BUY order ($0.99), min size: $1'}]
2026-01-28 03:38:47 INFO __main__ [SAFE] actions_empty reduce_reconcile_set size=1 recent_sec=600 lag_ms=0 actions=0 actions_unreliable=False
2026-01-28 03:38:47 INFO __main__ [RISK_SUMMARY] used_total=0.0 used_total_shadow=0.0 open_buy_orders_usd=0 shadow_buy_usd=0.0 recent_buy_usd=0.0 top_tokens=[]
2026-01-28 03:38:47 INFO __main__ [ACTION] token_id=105558941490961743100777566068860209662825133870227537458865376585139033981276 -> [{'type': 'place', 'token_id': '105558941490961743100777566068860209662825133870227537458865376585139033981276', 'side': 'BUY', 'price': 0.963, 'size': 1.0384, 'ts': 1769542724, '_taker': True, '_taker_spread': 0.0020000000000000018, '_taker_thr': 0.011}]
2026-01-28 03:38:47 WARNING ct_exec place_order failed token_id=105558941490961743100777566068860209662825133870227537458865376585139033981276: PolyApiException[status_code=400, error_message={'error': 'invalid amount for a marketable BUY order ($0.99), min size: $1'}]
2026-01-28 03:39:09 INFO __main__ [SAFE] actions_empty reduce_reconcile_set size=1 recent_sec=600 lag_ms=0 actions=0 actions_unreliable=False
2026-01-28 03:39:09 INFO __main__ [RISK_SUMMARY] used_total=0.0 used_total_shadow=0.0 open_buy_orders_usd=0 shadow_buy_usd=0.0 recent_buy_usd=0.0 top_tokens=[]
2026-01-28 03:39:10 INFO __main__ [ACTION] token_id=105558941490961743100777566068860209662825133870227537458865376585139033981276 -> [{'type': 'place', 'token_id': '105558941490961743100777566068860209662825133870227537458865376585139033981276', 'side': 'BUY', 'price': 0.963, 'size': 1.0384, 'ts': 1769542747, '_taker': True, '_taker_spread': 0.0020000000000000018, '_taker_thr': 0.011}]
2026-01-28 03:39:10 WARNING ct_exec place_order failed token_id=105558941490961743100777566068860209662825133870227537458865376585139033981276: PolyApiException[status_code=400, error_message={'error': 'invalid amount for a marketable BUY order ($0.99), min size: $1'}]
2026-01-28 03:39:32 INFO __main__ [SAFE] actions_empty reduce_reconcile_set size=1 recent_sec=600 lag_ms=0 actions=0 actions_unreliable=False
2026-01-28 03:39:32 INFO __main__ [RISK_SUMMARY] used_total=0.0 used_total_shadow=0.0 open_buy_orders_usd=0 shadow_buy_usd=0.0 recent_buy_usd=0.0 top_tokens=[]
2026-01-28 03:39:33 INFO __main__ [ACTION] token_id=105558941490961743100777566068860209662825133870227537458865376585139033981276 -> [{'type': 'place', 'token_id': '105558941490961743100777566068860209662825133870227537458865376585139033981276', 'side': 'BUY', 'price': 0.963, 'size': 1.0384, 'ts': 1769542770, '_taker': True, '_taker_spread': 0.0020000000000000018, '_taker_thr': 0.011}]
2026-01-28 03:39:33 WARNING ct_exec place_order failed token_id=105558941490961743100777566068860209662825133870227537458865376585139033981276: PolyApiException[status_code=400, error_message={'error': 'invalid amount for a marketable BUY order ($0.99), min size: $1'}]
2026-01-28 03:39:55 INFO __main__ [SAFE] actions_empty reduce_reconcile_set size=1 recent_sec=600 lag_ms=0 actions=0 actions_unreliable=False
2026-01-28 03:39:55 INFO __main__ [RISK_SUMMARY] used_total=0.0 used_total_shadow=0.0 open_buy_orders_usd=0 shadow_buy_usd=0.0 recent_buy_usd=0.0 top_tokens=[]
2026-01-28 03:39:56 INFO __main__ [ACTION] token_id=105558941490961743100777566068860209662825133870227537458865376585139033981276 -> [{'type': 'place', 'token_id': '105558941490961743100777566068860209662825133870227537458865376585139033981276', 'side': 'BUY', 'price': 0.962, 'size': 1.0384, 'ts': 1769542793, '_taker': True, '_taker_spread': 0.0010000000000000009, '_taker_thr': 0.011}]
2026-01-28 03:39:56 WARNING ct_exec place_order failed token_id=105558941490961743100777566068860209662825133870227537458865376585139033981276: PolyApiException[status_code=400, error_message={'error': 'invalid amount for a marketable BUY order ($0.99), min size: $1'}]
2026-01-28 03:40:18 INFO __main__ [SAFE] actions_empty reduce_reconcile_set size=1 recent_sec=600 lag_ms=0 actions=0 actions_unreliable=False
2026-01-28 03:40:18 INFO __main__ [RISK_SUMMARY] used_total=0.0 used_total_shadow=0.0 open_buy_orders_usd=0 shadow_buy_usd=0.0 recent_buy_usd=0.0 top_tokens=[]
2026-01-28 03:40:18 INFO __main__ [ACTION] token_id=105558941490961743100777566068860209662825133870227537458865376585139033981276 -> [{'type': 'place', 'token_id': '105558941490961743100777566068860209662825133870227537458865376585139033981276', 'side': 'BUY', 'price': 0.962, 'size': 1.0384, 'ts': 1769542816, '_taker': True, '_taker_spread': 0.0010000000000000009, '_taker_thr': 0.011}]
2026-01-28 03:40:19 WARNING ct_exec place_order failed token_id=105558941490961743100777566068860209662825133870227537458865376585139033981276: PolyApiException[status_code=400, error_message={'error': 'invalid amount for a marketable BUY order ($0.99), min size: $1'}]
2026-01-28 03:40:42 INFO __main__ [SAFE] actions_empty reduce_reconcile_set size=1 recent_sec=600 lag_ms=0 actions=0 actions_unreliable=False
2026-01-28 03:40:42 INFO __main__ [RISK_SUMMARY] used_total=0.0 used_total_shadow=0.0 open_buy_orders_usd=0 shadow_buy_usd=0.0 recent_buy_usd=0.0 top_tokens=[]
2026-01-28 03:40:42 INFO __main__ [ACTION] token_id=105558941490961743100777566068860209662825133870227537458865376585139033981276 -> [{'type': 'place', 'token_id': '105558941490961743100777566068860209662825133870227537458865376585139033981276', 'side': 'BUY', 'price': 0.962, 'size': 1.0384, 'ts': 1769542839, '_taker': True, '_taker_spread': 0.0010000000000000009, '_taker_thr': 0.011}]
2026-01-28 03:40:43 WARNING ct_exec place_order failed token_id=105558941490961743100777566068860209662825133870227537458865376585139033981276: PolyApiException[status_code=400, error_message={'error': 'invalid amount for a marketable BUY order ($0.99), min size: $1'}]
2026-01-28 03:41:03 INFO __main__ [CFG] reloaded (interval)
2026-01-28 03:41:05 INFO __main__ [SAFE] actions_empty reduce_reconcile_set size=1 recent_sec=600 lag_ms=0 actions=0 actions_unreliable=False
2026-01-28 03:41:06 INFO __main__ [RISK_SUMMARY] used_total=0.0 used_total_shadow=0.0 open_buy_orders_usd=0 shadow_buy_usd=0.0 recent_buy_usd=0.0 top_tokens=[]
2026-01-28 03:41:07 INFO __main__ [ACTION] token_id=105558941490961743100777566068860209662825133870227537458865376585139033981276 -> [{'type': 'place', 'token_id': '105558941490961743100777566068860209662825133870227537458865376585139033981276', 'side': 'BUY', 'price': 0.962, 'size': 1.0384, 'ts': 1769542863, '_taker': True, '_taker_spread': 0.0010000000000000009, '_taker_thr': 0.011}]
2026-01-28 03:41:07 WARNING ct_exec place_order failed token_id=105558941490961743100777566068860209662825133870227537458865376585139033981276: PolyApiException[status_code=400, error_message={'error': 'invalid amount for a marketable BUY order ($0.99), min size: $1'}]
2026-01-28 03:41:30 INFO __main__ [SAFE] actions_empty reduce_reconcile_set size=1 recent_sec=600 lag_ms=0 actions=0 actions_unreliable=False
2026-01-28 03:41:30 INFO __main__ [RISK_SUMMARY] used_total=0.0 used_total_shadow=0.0 open_buy_orders_usd=0 shadow_buy_usd=0.0 recent_buy_usd=0.0 top_tokens=[]
2026-01-28 03:41:31 INFO __main__ [ACTION] token_id=105558941490961743100777566068860209662825133870227537458865376585139033981276 -> [{'type': 'place', 'token_id': '105558941490961743100777566068860209662825133870227537458865376585139033981276', 'side': 'BUY', 'price': 0.962, 'size': 1.0384, 'ts': 1769542887, '_taker': True, '_taker_spread': 0.0010000000000000009, '_taker_thr': 0.011}]
2026-01-28 03:41:31 WARNING ct_exec place_order failed token_id=105558941490961743100777566068860209662825133870227537458865376585139033981276: PolyApiException[status_code=400, error_message={'error': 'invalid amount for a marketable BUY order ($0.99), min size: $1'}]
2026-01-28 03:41:53 INFO __main__ [SAFE] actions_empty reduce_reconcile_set size=1 recent_sec=600 lag_ms=0 actions=0 actions_unreliable=False
2026-01-28 03:41:53 INFO __main__ [RISK_SUMMARY] used_total=0.0 used_total_shadow=0.0 open_buy_orders_usd=0 shadow_buy_usd=0.0 recent_buy_usd=0.0 top_tokens=[]
2026-01-28 03:41:54 INFO __main__ [ACTION] token_id=105558941490961743100777566068860209662825133870227537458865376585139033981276 -> [{'type': 'place', 'token_id': '105558941490961743100777566068860209662825133870227537458865376585139033981276', 'side': 'BUY', 'price': 0.962, 'size': 1.0384, 'ts': 1769542911, '_taker': True, '_taker_spread': 0.0010000000000000009, '_taker_thr': 0.011}]
2026-01-28 03:41:54 WARNING ct_exec place_order failed token_id=105558941490961743100777566068860209662825133870227537458865376585139033981276: PolyApiException[status_code=400, error_message={'error': 'invalid amount for a marketable BUY order ($0.99), min size: $1'}]
2026-01-28 03:42:16 INFO __main__ [SAFE] actions_empty reduce_reconcile_set size=1 recent_sec=600 lag_ms=0 actions=0 actions_unreliable=False
2026-01-28 03:42:16 INFO __main__ [RISK_SUMMARY] used_total=0.0 used_total_shadow=0.0 open_buy_orders_usd=0 shadow_buy_usd=0.0 recent_buy_usd=0.0 top_tokens=[]
2026-01-28 03:42:17 INFO __main__ [ACTION] token_id=105558941490961743100777566068860209662825133870227537458865376585139033981276 -> [{'type': 'place', 'token_id': '105558941490961743100777566068860209662825133870227537458865376585139033981276', 'side': 'BUY', 'price': 0.962, 'size': 1.0384, 'ts': 1769542934, '_taker': True, '_taker_spread': 0.0010000000000000009, '_taker_thr': 0.011}]
2026-01-28 03:42:17 WARNING ct_exec place_order failed token_id=105558941490961743100777566068860209662825133870227537458865376585139033981276: PolyApiException[status_code=400, error_message={'error': 'invalid amount for a marketable BUY order ($0.99), min size: $1'}]
2026-01-28 03:42:40 INFO __main__ [SAFE] actions_empty reduce_reconcile_set size=1 recent_sec=600 lag_ms=0 actions=0 actions_unreliable=False
2026-01-28 03:42:40 INFO __main__ [RISK_SUMMARY] used_total=0.0 used_total_shadow=0.0 open_buy_orders_usd=0 shadow_buy_usd=0.0 recent_buy_usd=0.0 top_tokens=[]
2026-01-28 03:42:41 INFO __main__ [ACTION] token_id=105558941490961743100777566068860209662825133870227537458865376585139033981276 -> [{'type': 'place', 'token_id': '105558941490961743100777566068860209662825133870227537458865376585139033981276', 'side': 'BUY', 'price': 0.963, 'size': 1.0384, 'ts': 1769542957, '_taker': True, '_taker_spread': 0.0010000000000000009, '_taker_thr': 0.011}]
2026-01-28 03:42:41 WARNING ct_exec place_order failed token_id=105558941490961743100777566068860209662825133870227537458865376585139033981276: PolyApiException[status_code=400, error_message={'error': 'invalid amount for a marketable BUY order ($0.99), min size: $1'}]
2026-01-28 03:43:03 INFO __main__ [SAFE] actions_empty reduce_reconcile_set size=1 recent_sec=600 lag_ms=0 actions=0 actions_unreliable=False
2026-01-28 03:43:03 INFO __main__ [RISK_SUMMARY] used_total=0.0 used_total_shadow=0.0 open_buy_orders_usd=0 shadow_buy_usd=0.0 recent_buy_usd=0.0 top_tokens=[]
2026-01-28 03:43:04 INFO __main__ [ACTION] token_id=105558941490961743100777566068860209662825133870227537458865376585139033981276 -> [{'type': 'place', 'token_id': '105558941490961743100777566068860209662825133870227537458865376585139033981276', 'side': 'BUY', 'price': 0.963, 'size': 1.0384, 'ts': 1769542981, '_taker': True, '_taker_spread': 0.0010000000000000009, '_taker_thr': 0.011}]
2026-01-28 03:43:04 WARNING ct_exec place_order failed token_id=105558941490961743100777566068860209662825133870227537458865376585139033981276: PolyApiException[status_code=400, error_message={'error': 'invalid amount for a marketable BUY order ($0.99), min size: $1'}]
2026-01-28 03:43:26 INFO __main__ [SAFE] actions_empty reduce_reconcile_set size=1 recent_sec=600 lag_ms=0 actions=0 actions_unreliable=False
2026-01-28 03:43:26 INFO __main__ [RISK_SUMMARY] used_total=0.0 used_total_shadow=0.0 open_buy_orders_usd=0 shadow_buy_usd=0.0 recent_buy_usd=0.0 top_tokens=[]
2026-01-28 03:43:26 INFO __main__ [ACTION] token_id=105558941490961743100777566068860209662825133870227537458865376585139033981276 -> [{'type': 'place', 'token_id': '105558941490961743100777566068860209662825133870227537458865376585139033981276', 'side': 'BUY', 'price': 0.963, 'size': 1.0384, 'ts': 1769543004, '_taker': True, '_taker_spread': 0.0010000000000000009, '_taker_thr': 0.011}]
2026-01-28 03:43:26 WARNING ct_exec place_order failed token_id=105558941490961743100777566068860209662825133870227537458865376585139033981276: PolyApiException[status_code=400, error_message={'error': 'invalid amount for a marketable BUY order ($0.99), min size: $1'}]
2026-01-28 03:43:48 INFO __main__ [SAFE] actions_empty reduce_reconcile_set size=1 recent_sec=600 lag_ms=0 actions=0 actions_unreliable=False
2026-01-28 03:43:48 INFO __main__ [RISK_SUMMARY] used_total=0.0 used_total_shadow=0.0 open_buy_orders_usd=0 shadow_buy_usd=0.0 recent_buy_usd=0.0 top_tokens=[]
2026-01-28 03:43:49 INFO __main__ [ACTION] token_id=105558941490961743100777566068860209662825133870227537458865376585139033981276 -> [{'type': 'place', 'token_id': '105558941490961743100777566068860209662825133870227537458865376585139033981276', 'side': 'BUY', 'price': 0.963, 'size': 1.0384, 'ts': 1769543026, '_taker': True, '_taker_spread': 0.0010000000000000009, '_taker_thr': 0.011}]
2026-01-28 03:43:49 WARNING ct_exec place_order failed token_id=105558941490961743100777566068860209662825133870227537458865376585139033981276: PolyApiException[status_code=400, error_message={'error': 'invalid amount for a marketable BUY order ($0.99), min size: $1'}]
2026-01-28 03:44:11 INFO __main__ [SAFE] actions_empty reduce_reconcile_set size=1 recent_sec=600 lag_ms=0 actions=0 actions_unreliable=False
2026-01-28 03:44:11 INFO __main__ [RISK_SUMMARY] used_total=0.0 used_total_shadow=0.0 open_buy_orders_usd=0 shadow_buy_usd=0.0 recent_buy_usd=0.0 top_tokens=[]
2026-01-28 03:44:11 INFO __main__ [ACTION] token_id=105558941490961743100777566068860209662825133870227537458865376585139033981276 -> [{'type': 'place', 'token_id': '105558941490961743100777566068860209662825133870227537458865376585139033981276', 'side': 'BUY', 'price': 0.963, 'size': 1.0384, 'ts': 1769543049, '_taker': True, '_taker_spread': 0.0010000000000000009, '_taker_thr': 0.011}]
2026-01-28 03:44:12 WARNING ct_exec place_order failed token_id=105558941490961743100777566068860209662825133870227537458865376585139033981276: PolyApiException[status_code=400, error_message={'error': 'invalid amount for a marketable BUY order ($0.99), min size: $1'}]
2026-01-28 03:44:34 INFO __main__ [SAFE] actions_empty reduce_reconcile_set size=1 recent_sec=600 lag_ms=0 actions=0 actions_unreliable=False
2026-01-28 03:44:34 INFO __main__ [RISK_SUMMARY] used_total=0.0 used_total_shadow=0.0 open_buy_orders_usd=0 shadow_buy_usd=0.0 recent_buy_usd=0.0 top_tokens=[]
2026-01-28 03:44:35 INFO __main__ [ACTION] token_id=105558941490961743100777566068860209662825133870227537458865376585139033981276 -> [{'type': 'place', 'token_id': '105558941490961743100777566068860209662825133870227537458865376585139033981276', 'side': 'BUY', 'price': 0.963, 'size': 1.0384, 'ts': 1769543072, '_taker': True, '_taker_spread': 0.0010000000000000009, '_taker_thr': 0.011}]
2026-01-28 03:44:35 WARNING ct_exec place_order failed token_id=105558941490961743100777566068860209662825133870227537458865376585139033981276: PolyApiException[status_code=400, error_message={'error': 'invalid amount for a marketable BUY order ($0.99), min size: $1'}]
2026-01-28 03:44:57 INFO __main__ [SAFE] actions_empty reduce_reconcile_set size=1 recent_sec=600 lag_ms=0 actions=0 actions_unreliable=False
2026-01-28 03:44:57 INFO __main__ [RISK_SUMMARY] used_total=0.0 used_total_shadow=0.0 open_buy_orders_usd=0 shadow_buy_usd=0.0 recent_buy_usd=0.0 top_tokens=[]
2026-01-28 03:44:58 INFO __main__ [ACTION] token_id=105558941490961743100777566068860209662825133870227537458865376585139033981276 -> [{'type': 'place', 'token_id': '105558941490961743100777566068860209662825133870227537458865376585139033981276', 'side': 'BUY', 'price': 0.963, 'size': 1.0384, 'ts': 1769543095, '_taker': True, '_taker_spread': 0.0010000000000000009, '_taker_thr': 0.011}]
2026-01-28 03:44:58 WARNING ct_exec place_order failed token_id=105558941490961743100777566068860209662825133870227537458865376585139033981276: PolyApiException[status_code=400, error_message={'error': 'invalid amount for a marketable BUY order ($0.99), min size: $1'}]
2026-01-28 03:45:20 INFO __main__ [SAFE] actions_empty reduce_reconcile_set size=1 recent_sec=600 lag_ms=0 actions=0 actions_unreliable=False
2026-01-28 03:45:20 INFO __main__ [RISK_SUMMARY] used_total=0.0 used_total_shadow=0.0 open_buy_orders_usd=0 shadow_buy_usd=0.0 recent_buy_usd=0.0 top_tokens=[]
2026-01-28 03:45:21 INFO __main__ [ACTION] token_id=105558941490961743100777566068860209662825133870227537458865376585139033981276 -> [{'type': 'place', 'token_id': '105558941490961743100777566068860209662825133870227537458865376585139033981276', 'side': 'BUY', 'price': 0.963, 'size': 1.0384, 'ts': 1769543118, '_taker': True, '_taker_spread': 0.0010000000000000009, '_taker_thr': 0.011}]
2026-01-28 03:45:21 WARNING ct_exec place_order failed token_id=105558941490961743100777566068860209662825133870227537458865376585139033981276: PolyApiException[status_code=400, error_message={'error': 'invalid amount for a marketable BUY order ($0.99), min size: $1'}]
2026-01-28 03:45:44 INFO __main__ [SAFE] actions_empty reduce_reconcile_set size=1 recent_sec=600 lag_ms=0 actions=0 actions_unreliable=False
2026-01-28 03:45:44 INFO __main__ [RISK_SUMMARY] used_total=0.0 used_total_shadow=0.0 open_buy_orders_usd=0 shadow_buy_usd=0.0 recent_buy_usd=0.0 top_tokens=[]
2026-01-28 03:45:44 INFO __main__ [ACTION] token_id=105558941490961743100777566068860209662825133870227537458865376585139033981276 -> [{'type': 'place', 'token_id': '105558941490961743100777566068860209662825133870227537458865376585139033981276', 'side': 'BUY', 'price': 0.963, 'size': 1.0384, 'ts': 1769543141, '_taker': True, '_taker_spread': 0.0010000000000000009, '_taker_thr': 0.011}]
2026-01-28 03:45:44 WARNING ct_exec place_order failed token_id=105558941490961743100777566068860209662825133870227537458865376585139033981276: PolyApiException[status_code=400, error_message={'error': 'invalid amount for a marketable BUY order ($0.99), min size: $1'}]
2026-01-28 03:46:07 INFO __main__ [POS] target_count=1 my_count=0 target_incomplete=False my_incomplete=False | t_src=http_positions t_cb=1769543166 t_rsec=25 t_mode=sec t_http=200 t_hit=None
2026-01-28 03:46:07 INFO __main__ [POS] target cache_headers_first={'CF-Cache-Status': 'MISS', 'Cache-Control': 'public, max-age=2', 'Last-Modified': 'Tue, 27 Jan 2026 19:46:07 GMT', 'Date': 'Tue, 27 Jan 2026 19:46:07 GMT', 'Server': 'cloudflare'}
2026-01-28 03:46:07 INFO __main__ [POS] target cache_headers_last={'CF-Cache-Status': 'MISS', 'Cache-Control': 'public, max-age=2', 'Last-Modified': 'Tue, 27 Jan 2026 19:46:07 GMT', 'Date': 'Tue, 27 Jan 2026 19:46:07 GMT', 'Server': 'cloudflare'}
2026-01-28 03:46:07 INFO __main__ [SAFE] actions_empty reduce_reconcile_set size=1 recent_sec=600 lag_ms=0 actions=0 actions_unreliable=False
2026-01-28 03:46:08 INFO __main__ [RISK_SUMMARY] used_total=0.0 used_total_shadow=0.0 open_buy_orders_usd=0 shadow_buy_usd=0.0 recent_buy_usd=0.0 top_tokens=[]
2026-01-28 03:46:08 INFO __main__ [ACTION] token_id=105558941490961743100777566068860209662825133870227537458865376585139033981276 -> [{'type': 'place', 'token_id': '105558941490961743100777566068860209662825133870227537458865376585139033981276', 'side': 'BUY', 'price': 0.963, 'size': 1.0384, 'ts': 1769543164, '_taker': True, '_taker_spread': 0.0010000000000000009, '_taker_thr': 0.011}]
2026-01-28 03:46:09 WARNING ct_exec place_order failed token_id=105558941490961743100777566068860209662825133870227537458865376585139033981276: PolyApiException[status_code=400, error_message={'error': 'invalid amount for a marketable BUY order ($0.99), min size: $1'}]
2026-01-28 03:46:31 INFO __main__ [SAFE] actions_empty reduce_reconcile_set size=1 recent_sec=600 lag_ms=0 actions=0 actions_unreliable=False
2026-01-28 03:46:31 INFO __main__ [RISK_SUMMARY] used_total=0.0 used_total_shadow=0.0 open_buy_orders_usd=0 shadow_buy_usd=0.0 recent_buy_usd=0.0 top_tokens=[]
2026-01-28 03:46:31 INFO __main__ [ACTION] token_id=105558941490961743100777566068860209662825133870227537458865376585139033981276 -> [{'type': 'place', 'token_id': '105558941490961743100777566068860209662825133870227537458865376585139033981276', 'side': 'BUY', 'price': 0.963, 'size': 1.0384, 'ts': 1769543189, '_taker': True, '_taker_spread': 0.0010000000000000009, '_taker_thr': 0.011}]
2026-01-28 03:46:31 WARNING ct_exec place_order failed token_id=105558941490961743100777566068860209662825133870227537458865376585139033981276: PolyApiException[status_code=400, error_message={'error': 'invalid amount for a marketable BUY order ($0.99), min size: $1'}]
2026-01-28 03:46:55 INFO __main__ [SAFE] actions_empty reduce_reconcile_set size=1 recent_sec=600 lag_ms=0 actions=0 actions_unreliable=False
2026-01-28 03:46:55 INFO __main__ [RISK_SUMMARY] used_total=0.0 used_total_shadow=0.0 open_buy_orders_usd=0 shadow_buy_usd=0.0 recent_buy_usd=0.0 top_tokens=[]
2026-01-28 03:46:55 INFO __main__ [ACTION] token_id=105558941490961743100777566068860209662825133870227537458865376585139033981276 -> [{'type': 'place', 'token_id': '105558941490961743100777566068860209662825133870227537458865376585139033981276', 'side': 'BUY', 'price': 0.963, 'size': 1.0384, 'ts': 1769543211, '_taker': True, '_taker_spread': 0.0010000000000000009, '_taker_thr': 0.011}]
2026-01-28 03:46:55 WARNING ct_exec place_order failed token_id=105558941490961743100777566068860209662825133870227537458865376585139033981276: PolyApiException[status_code=400, error_message={'error': 'invalid amount for a marketable BUY order ($0.99), min size: $1'}]
2026-01-28 03:47:20 INFO __main__ [SAFE] actions_empty reduce_reconcile_set size=1 recent_sec=600 lag_ms=0 actions=0 actions_unreliable=False
2026-01-28 03:47:20 INFO __main__ [RISK_SUMMARY] used_total=0.0 used_total_shadow=0.0 open_buy_orders_usd=0 shadow_buy_usd=0.0 recent_buy_usd=0.0 top_tokens=[]
2026-01-28 03:47:20 INFO __main__ [ACTION] token_id=105558941490961743100777566068860209662825133870227537458865376585139033981276 -> [{'type': 'place', 'token_id': '105558941490961743100777566068860209662825133870227537458865376585139033981276', 'side': 'BUY', 'price': 0.963, 'size': 1.0384, 'ts': 1769543235, '_taker': True, '_taker_spread': 0.0010000000000000009, '_taker_thr': 0.011}]
2026-01-28 03:47:20 WARNING ct_exec place_order failed token_id=105558941490961743100777566068860209662825133870227537458865376585139033981276: PolyApiException[status_code=400, error_message={'error': 'invalid amount for a marketable BUY order ($0.99), min size: $1'}]
2026-01-28 03:47:43 INFO __main__ [SAFE] actions_empty reduce_reconcile_set size=1 recent_sec=600 lag_ms=0 actions=0 actions_unreliable=False
2026-01-28 03:47:43 INFO __main__ [RISK_SUMMARY] used_total=0.0 used_total_shadow=0.0 open_buy_orders_usd=0 shadow_buy_usd=0.0 recent_buy_usd=0.0 top_tokens=[]
2026-01-28 03:47:43 INFO __main__ [ACTION] token_id=105558941490961743100777566068860209662825133870227537458865376585139033981276 -> [{'type': 'place', 'token_id': '105558941490961743100777566068860209662825133870227537458865376585139033981276', 'side': 'BUY', 'price': 0.963, 'size': 1.0384, 'ts': 1769543260, '_taker': True, '_taker_spread': 0.0010000000000000009, '_taker_thr': 0.011}]
2026-01-28 03:47:44 WARNING ct_exec place_order failed token_id=105558941490961743100777566068860209662825133870227537458865376585139033981276: PolyApiException[status_code=400, error_message={'error': 'invalid amount for a marketable BUY order ($0.99), min size: $1'}]
2026-01-28 03:48:06 INFO __main__ [SAFE] actions_empty reduce_reconcile_set size=1 recent_sec=600 lag_ms=0 actions=0 actions_unreliable=False
2026-01-28 03:48:06 INFO __main__ [RISK_SUMMARY] used_total=0.0 used_total_shadow=0.0 open_buy_orders_usd=0 shadow_buy_usd=0.0 recent_buy_usd=0.0 top_tokens=[]
2026-01-28 03:48:07 INFO __main__ [ACTION] token_id=105558941490961743100777566068860209662825133870227537458865376585139033981276 -> [{'type': 'place', 'token_id': '105558941490961743100777566068860209662825133870227537458865376585139033981276', 'side': 'BUY', 'price': 0.963, 'size': 1.0384, 'ts': 1769543284, '_taker': True, '_taker_spread': 0.0010000000000000009, '_taker_thr': 0.011}]
2026-01-28 03:48:07 WARNING ct_exec place_order failed token_id=105558941490961743100777566068860209662825133870227537458865376585139033981276: PolyApiException[status_code=400, error_message={'error': 'invalid amount for a marketable BUY order ($0.99), min size: $1'}]
2026-01-28 03:48:29 INFO __main__ [SAFE] actions_empty reduce_reconcile_set size=1 recent_sec=600 lag_ms=0 actions=0 actions_unreliable=False
2026-01-28 03:48:29 INFO __main__ [RISK_SUMMARY] used_total=0.0 used_total_shadow=0.0 open_buy_orders_usd=0 shadow_buy_usd=0.0 recent_buy_usd=0.0 top_tokens=[]
2026-01-28 03:48:29 INFO __main__ [ACTION] token_id=105558941490961743100777566068860209662825133870227537458865376585139033981276 -> [{'type': 'place', 'token_id': '105558941490961743100777566068860209662825133870227537458865376585139033981276', 'side': 'BUY', 'price': 0.963, 'size': 1.0384, 'ts': 1769543307, '_taker': True, '_taker_spread': 0.0010000000000000009, '_taker_thr': 0.011}]
2026-01-28 03:48:30 WARNING ct_exec place_order failed token_id=105558941490961743100777566068860209662825133870227537458865376585139033981276: PolyApiException[status_code=400, error_message={'error': 'invalid amount for a marketable BUY order ($0.99), min size: $1'}]
2026-01-28 03:48:52 INFO __main__ [SAFE] actions_empty reduce_reconcile_set size=1 recent_sec=600 lag_ms=0 actions=0 actions_unreliable=False
2026-01-28 03:48:52 INFO __main__ [RISK_SUMMARY] used_total=0.0 used_total_shadow=0.0 open_buy_orders_usd=0 shadow_buy_usd=0.0 recent_buy_usd=0.0 top_tokens=[]
2026-01-28 03:48:52 INFO __main__ [ACTION] token_id=105558941490961743100777566068860209662825133870227537458865376585139033981276 -> [{'type': 'place', 'token_id': '105558941490961743100777566068860209662825133870227537458865376585139033981276', 'side': 'BUY', 'price': 0.963, 'size': 1.0384, 'ts': 1769543330, '_taker': True, '_taker_spread': 0.0010000000000000009, '_taker_thr': 0.011}]
2026-01-28 03:48:52 WARNING ct_exec place_order failed token_id=105558941490961743100777566068860209662825133870227537458865376585139033981276: PolyApiException[status_code=400, error_message={'error': 'invalid amount for a marketable BUY order ($0.99), min size: $1'}]
2026-01-28 03:49:15 INFO __main__ [SAFE] actions_empty reduce_reconcile_set size=1 recent_sec=600 lag_ms=0 actions=0 actions_unreliable=False
2026-01-28 03:49:15 INFO __main__ [RISK_SUMMARY] used_total=0.0 used_total_shadow=0.0 open_buy_orders_usd=0 shadow_buy_usd=0.0 recent_buy_usd=0.0 top_tokens=[]
2026-01-28 03:49:15 INFO __main__ [ACTION] token_id=105558941490961743100777566068860209662825133870227537458865376585139033981276 -> [{'type': 'place', 'token_id': '105558941490961743100777566068860209662825133870227537458865376585139033981276', 'side': 'BUY', 'price': 0.963, 'size': 1.0384, 'ts': 1769543352, '_taker': True, '_taker_spread': 0.0010000000000000009, '_taker_thr': 0.011}]
2026-01-28 03:49:15 WARNING ct_exec place_order failed token_id=105558941490961743100777566068860209662825133870227537458865376585139033981276: PolyApiException[status_code=400, error_message={'error': 'invalid amount for a marketable BUY order ($0.99), min size: $1'}]
2026-01-28 03:49:38 INFO __main__ [SAFE] actions_empty reduce_reconcile_set size=1 recent_sec=600 lag_ms=0 actions=0 actions_unreliable=False
2026-01-28 03:49:38 INFO __main__ [RISK_SUMMARY] used_total=0.0 used_total_shadow=0.0 open_buy_orders_usd=0 shadow_buy_usd=0.0 recent_buy_usd=0.0 top_tokens=[]
2026-01-28 03:49:39 INFO __main__ [ACTION] token_id=105558941490961743100777566068860209662825133870227537458865376585139033981276 -> [{'type': 'place', 'token_id': '105558941490961743100777566068860209662825133870227537458865376585139033981276', 'side': 'BUY', 'price': 0.963, 'size': 1.0384, 'ts': 1769543375, '_taker': True, '_taker_spread': 0.0010000000000000009, '_taker_thr': 0.011}]
2026-01-28 03:49:39 WARNING ct_exec place_order failed token_id=105558941490961743100777566068860209662825133870227537458865376585139033981276: PolyApiException[status_code=400, error_message={'error': 'invalid amount for a marketable BUY order ($0.99), min size: $1'}]
2026-01-28 03:50:02 INFO __main__ [SAFE] actions_empty reduce_reconcile_set size=1 recent_sec=600 lag_ms=0 actions=0 actions_unreliable=False
2026-01-28 03:50:02 INFO __main__ [RISK_SUMMARY] used_total=0.0 used_total_shadow=0.0 open_buy_orders_usd=0 shadow_buy_usd=0.0 recent_buy_usd=0.0 top_tokens=[]
2026-01-28 03:50:03 INFO __main__ [ACTION] token_id=105558941490961743100777566068860209662825133870227537458865376585139033981276 -> [{'type': 'place', 'token_id': '105558941490961743100777566068860209662825133870227537458865376585139033981276', 'side': 'BUY', 'price': 0.963, 'size': 1.0384, 'ts': 1769543399, '_taker': True, '_taker_spread': 0.0010000000000000009, '_taker_thr': 0.011}]
2026-01-28 03:50:03 WARNING ct_exec place_order failed token_id=105558941490961743100777566068860209662825133870227537458865376585139033981276: PolyApiException[status_code=400, error_message={'error': 'invalid amount for a marketable BUY order ($0.99), min size: $1'}]
2026-01-28 03:50:26 INFO __main__ [SAFE] actions_empty reduce_reconcile_set size=1 recent_sec=600 lag_ms=0 actions=0 actions_unreliable=False
2026-01-28 03:50:26 INFO __main__ [RISK_SUMMARY] used_total=0.0 used_total_shadow=0.0 open_buy_orders_usd=0 shadow_buy_usd=0.0 recent_buy_usd=0.0 top_tokens=[]
2026-01-28 03:50:26 INFO __main__ [ACTION] token_id=105558941490961743100777566068860209662825133870227537458865376585139033981276 -> [{'type': 'place', 'token_id': '105558941490961743100777566068860209662825133870227537458865376585139033981276', 'side': 'BUY', 'price': 0.963, 'size': 1.0384, 'ts': 1769543423, '_taker': True, '_taker_spread': 0.0010000000000000009, '_taker_thr': 0.011}]
2026-01-28 03:50:27 WARNING ct_exec place_order failed token_id=105558941490961743100777566068860209662825133870227537458865376585139033981276: PolyApiException[status_code=400, error_message={'error': 'invalid amount for a marketable BUY order ($0.99), min size: $1'}]
2026-01-28 03:50:49 INFO __main__ [SAFE] actions_empty reduce_reconcile_set size=1 recent_sec=600 lag_ms=0 actions=0 actions_unreliable=False
2026-01-28 03:50:49 INFO __main__ [RISK_SUMMARY] used_total=0.0 used_total_shadow=0.0 open_buy_orders_usd=0 shadow_buy_usd=0.0 recent_buy_usd=0.0 top_tokens=[]
2026-01-28 03:50:49 INFO __main__ [ACTION] token_id=105558941490961743100777566068860209662825133870227537458865376585139033981276 -> [{'type': 'place', 'token_id': '105558941490961743100777566068860209662825133870227537458865376585139033981276', 'side': 'BUY', 'price': 0.963, 'size': 1.0384, 'ts': 1769543447, '_taker': True, '_taker_spread': 0.0010000000000000009, '_taker_thr': 0.011}]
2026-01-28 03:50:49 WARNING ct_exec place_order failed token_id=105558941490961743100777566068860209662825133870227537458865376585139033981276: PolyApiException[status_code=400, error_message={'error': 'invalid amount for a marketable BUY order ($0.99), min size: $1'}]
2026-01-28 03:51:09 INFO __main__ [CFG] reloaded (interval)
2026-01-28 03:51:12 INFO __main__ [SAFE] actions_empty reduce_reconcile_set size=1 recent_sec=600 lag_ms=0 actions=0 actions_unreliable=False
2026-01-28 03:51:13 INFO __main__ [RISK_SUMMARY] used_total=0.0 used_total_shadow=0.0 open_buy_orders_usd=0 shadow_buy_usd=0.0 recent_buy_usd=0.0 top_tokens=[]
2026-01-28 03:51:13 INFO __main__ [ACTION] token_id=105558941490961743100777566068860209662825133870227537458865376585139033981276 -> [{'type': 'place', 'token_id': '105558941490961743100777566068860209662825133870227537458865376585139033981276', 'side': 'BUY', 'price': 0.963, 'size': 1.0384, 'ts': 1769543469, '_taker': True, '_taker_spread': 0.0010000000000000009, '_taker_thr': 0.011}]
2026-01-28 03:51:14 WARNING ct_exec place_order failed token_id=105558941490961743100777566068860209662825133870227537458865376585139033981276: PolyApiException[status_code=400, error_message={'error': 'invalid amount for a marketable BUY order ($0.99), min size: $1'}]
2026-01-28 03:51:36 INFO __main__ [SAFE] actions_empty reduce_reconcile_set size=1 recent_sec=600 lag_ms=0 actions=0 actions_unreliable=False
2026-01-28 03:51:36 INFO __main__ [RISK_SUMMARY] used_total=0.0 used_total_shadow=0.0 open_buy_orders_usd=0 shadow_buy_usd=0.0 recent_buy_usd=0.0 top_tokens=[]
2026-01-28 03:51:36 INFO __main__ [ACTION] token_id=105558941490961743100777566068860209662825133870227537458865376585139033981276 -> [{'type': 'place', 'token_id': '105558941490961743100777566068860209662825133870227537458865376585139033981276', 'side': 'BUY', 'price': 0.963, 'size': 1.0384, 'ts': 1769543494, '_taker': True, '_taker_spread': 0.0010000000000000009, '_taker_thr': 0.011}]
2026-01-28 03:51:37 WARNING ct_exec place_order failed token_id=105558941490961743100777566068860209662825133870227537458865376585139033981276: PolyApiException[status_code=400, error_message={'error': 'invalid amount for a marketable BUY order ($0.99), min size: $1'}]
2026-01-28 03:51:59 INFO __main__ [SAFE] actions_empty reduce_reconcile_set size=1 recent_sec=600 lag_ms=0 actions=0 actions_unreliable=False
2026-01-28 03:51:59 INFO __main__ [RISK_SUMMARY] used_total=0.0 used_total_shadow=0.0 open_buy_orders_usd=0 shadow_buy_usd=0.0 recent_buy_usd=0.0 top_tokens=[]
2026-01-28 03:51:59 INFO __main__ [ACTION] token_id=105558941490961743100777566068860209662825133870227537458865376585139033981276 -> [{'type': 'place', 'token_id': '105558941490961743100777566068860209662825133870227537458865376585139033981276', 'side': 'BUY', 'price': 0.963, 'size': 1.0384, 'ts': 1769543517, '_taker': True, '_taker_spread': 0.0010000000000000009, '_taker_thr': 0.011}]
2026-01-28 03:51:59 WARNING ct_exec place_order failed token_id=105558941490961743100777566068860209662825133870227537458865376585139033981276: PolyApiException[status_code=400, error_message={'error': 'invalid amount for a marketable BUY order ($0.99), min size: $1'}]
2026-01-28 03:52:22 INFO __main__ [SAFE] actions_empty reduce_reconcile_set size=1 recent_sec=600 lag_ms=0 actions=0 actions_unreliable=False
2026-01-28 03:52:22 INFO __main__ [RISK_SUMMARY] used_total=0.0 used_total_shadow=0.0 open_buy_orders_usd=0 shadow_buy_usd=0.0 recent_buy_usd=0.0 top_tokens=[]
2026-01-28 03:52:22 INFO __main__ [ACTION] token_id=105558941490961743100777566068860209662825133870227537458865376585139033981276 -> [{'type': 'place', 'token_id': '105558941490961743100777566068860209662825133870227537458865376585139033981276', 'side': 'BUY', 'price': 0.963, 'size': 1.0384, 'ts': 1769543539, '_taker': True, '_taker_spread': 0.0010000000000000009, '_taker_thr': 0.011}]
2026-01-28 03:52:23 WARNING ct_exec place_order failed token_id=105558941490961743100777566068860209662825133870227537458865376585139033981276: PolyApiException[status_code=400, error_message={'error': 'invalid amount for a marketable BUY order ($0.99), min size: $1'}]
2026-01-28 03:52:45 INFO __main__ [SAFE] actions_empty reduce_reconcile_set size=1 recent_sec=600 lag_ms=0 actions=0 actions_unreliable=False
2026-01-28 03:52:45 INFO __main__ [RISK_SUMMARY] used_total=0.0 used_total_shadow=0.0 open_buy_orders_usd=0 shadow_buy_usd=0.0 recent_buy_usd=0.0 top_tokens=[]
2026-01-28 03:52:45 INFO __main__ [ACTION] token_id=105558941490961743100777566068860209662825133870227537458865376585139033981276 -> [{'type': 'place', 'token_id': '105558941490961743100777566068860209662825133870227537458865376585139033981276', 'side': 'BUY', 'price': 0.963, 'size': 1.0384, 'ts': 1769543563, '_taker': True, '_taker_spread': 0.0010000000000000009, '_taker_thr': 0.011}]
2026-01-28 03:52:46 WARNING ct_exec place_order failed token_id=105558941490961743100777566068860209662825133870227537458865376585139033981276: PolyApiException[status_code=400, error_message={'error': 'invalid amount for a marketable BUY order ($0.99), min size: $1'}]
2026-01-28 03:53:08 INFO __main__ [SAFE] actions_empty reduce_reconcile_set size=1 recent_sec=600 lag_ms=0 actions=0 actions_unreliable=False
2026-01-28 03:53:08 INFO __main__ [RISK_SUMMARY] used_total=0.0 used_total_shadow=0.0 open_buy_orders_usd=0 shadow_buy_usd=0.0 recent_buy_usd=0.0 top_tokens=[]
2026-01-28 03:53:08 INFO __main__ [ACTION] token_id=105558941490961743100777566068860209662825133870227537458865376585139033981276 -> [{'type': 'place', 'token_id': '105558941490961743100777566068860209662825133870227537458865376585139033981276', 'side': 'BUY', 'price': 0.963, 'size': 1.0384, 'ts': 1769543586, '_taker': True, '_taker_spread': 0.0010000000000000009, '_taker_thr': 0.011}]
2026-01-28 03:53:09 WARNING ct_exec place_order failed token_id=105558941490961743100777566068860209662825133870227537458865376585139033981276: PolyApiException[status_code=400, error_message={'error': 'invalid amount for a marketable BUY order ($0.99), min size: $1'}]
2026-01-28 03:53:31 INFO __main__ [SAFE] actions_empty reduce_reconcile_set size=1 recent_sec=600 lag_ms=0 actions=0 actions_unreliable=False
2026-01-28 03:53:31 INFO __main__ [RISK_SUMMARY] used_total=0.0 used_total_shadow=0.0 open_buy_orders_usd=0 shadow_buy_usd=0.0 recent_buy_usd=0.0 top_tokens=[]
2026-01-28 03:53:31 INFO __main__ [ACTION] token_id=105558941490961743100777566068860209662825133870227537458865376585139033981276 -> [{'type': 'place', 'token_id': '105558941490961743100777566068860209662825133870227537458865376585139033981276', 'side': 'BUY', 'price': 0.963, 'size': 1.0384, 'ts': 1769543609, '_taker': True, '_taker_spread': 0.0010000000000000009, '_taker_thr': 0.011}]
2026-01-28 03:53:31 WARNING ct_exec place_order failed token_id=105558941490961743100777566068860209662825133870227537458865376585139033981276: PolyApiException[status_code=400, error_message={'error': 'invalid amount for a marketable BUY order ($0.99), min size: $1'}]
2026-01-28 03:53:53 INFO __main__ [SAFE] actions_empty reduce_reconcile_set size=1 recent_sec=600 lag_ms=0 actions=0 actions_unreliable=False
2026-01-28 03:53:53 INFO __main__ [RISK_SUMMARY] used_total=0.0 used_total_shadow=0.0 open_buy_orders_usd=0 shadow_buy_usd=0.0 recent_buy_usd=0.0 top_tokens=[]
2026-01-28 03:53:54 INFO __main__ [ACTION] token_id=105558941490961743100777566068860209662825133870227537458865376585139033981276 -> [{'type': 'place', 'token_id': '105558941490961743100777566068860209662825133870227537458865376585139033981276', 'side': 'BUY', 'price': 0.963, 'size': 1.0384, 'ts': 1769543631, '_taker': True, '_taker_spread': 0.0010000000000000009, '_taker_thr': 0.011}]
2026-01-28 03:53:54 WARNING ct_exec place_order failed token_id=105558941490961743100777566068860209662825133870227537458865376585139033981276: PolyApiException[status_code=400, error_message={'error': 'invalid amount for a marketable BUY order ($0.99), min size: $1'}]
2026-01-28 03:54:16 INFO __main__ [SAFE] actions_empty reduce_reconcile_set size=1 recent_sec=600 lag_ms=0 actions=0 actions_unreliable=False
2026-01-28 03:54:16 INFO __main__ [RISK_SUMMARY] used_total=0.0 used_total_shadow=0.0 open_buy_orders_usd=0 shadow_buy_usd=0.0 recent_buy_usd=0.0 top_tokens=[]
2026-01-28 03:54:17 INFO __main__ [ACTION] token_id=105558941490961743100777566068860209662825133870227537458865376585139033981276 -> [{'type': 'place', 'token_id': '105558941490961743100777566068860209662825133870227537458865376585139033981276', 'side': 'BUY', 'price': 0.963, 'size': 1.0384, 'ts': 1769543654, '_taker': True, '_taker_spread': 0.0010000000000000009, '_taker_thr': 0.011}]
2026-01-28 03:54:17 WARNING ct_exec place_order failed token_id=105558941490961743100777566068860209662825133870227537458865376585139033981276: PolyApiException[status_code=400, error_message={'error': 'invalid amount for a marketable BUY order ($0.99), min size: $1'}]
2026-01-28 03:54:40 INFO __main__ [SAFE] actions_empty reduce_reconcile_set size=1 recent_sec=600 lag_ms=0 actions=0 actions_unreliable=False
2026-01-28 03:54:40 INFO __main__ [RISK_SUMMARY] used_total=0.0 used_total_shadow=0.0 open_buy_orders_usd=0 shadow_buy_usd=0.0 recent_buy_usd=0.0 top_tokens=[]
2026-01-28 03:54:40 INFO __main__ [ACTION] token_id=105558941490961743100777566068860209662825133870227537458865376585139033981276 -> [{'type': 'place', 'token_id': '105558941490961743100777566068860209662825133870227537458865376585139033981276', 'side': 'BUY', 'price': 0.963, 'size': 1.0384, 'ts': 1769543677, '_taker': True, '_taker_spread': 0.0010000000000000009, '_taker_thr': 0.011}]
2026-01-28 03:54:40 WARNING ct_exec place_order failed token_id=105558941490961743100777566068860209662825133870227537458865376585139033981276: PolyApiException[status_code=400, error_message={'error': 'invalid amount for a marketable BUY order ($0.99), min size: $1'}]
2026-01-28 03:55:03 INFO __main__ [SAFE] actions_empty reduce_reconcile_set size=1 recent_sec=600 lag_ms=0 actions=0 actions_unreliable=False
2026-01-28 03:55:03 INFO __main__ [RISK_SUMMARY] used_total=0.0 used_total_shadow=0.0 open_buy_orders_usd=0 shadow_buy_usd=0.0 recent_buy_usd=0.0 top_tokens=[]
2026-01-28 03:55:03 INFO __main__ [ACTION] token_id=105558941490961743100777566068860209662825133870227537458865376585139033981276 -> [{'type': 'place', 'token_id': '105558941490961743100777566068860209662825133870227537458865376585139033981276', 'side': 'BUY', 'price': 0.963, 'size': 1.0384, 'ts': 1769543700, '_taker': True, '_taker_spread': 0.0010000000000000009, '_taker_thr': 0.011}]
2026-01-28 03:55:03 WARNING ct_exec place_order failed token_id=105558941490961743100777566068860209662825133870227537458865376585139033981276: PolyApiException[status_code=400, error_message={'error': 'invalid amount for a marketable BUY order ($0.99), min size: $1'}]
2026-01-28 03:55:25 INFO __main__ [SAFE] actions_empty reduce_reconcile_set size=1 recent_sec=600 lag_ms=0 actions=0 actions_unreliable=False
2026-01-28 03:55:25 INFO __main__ [RISK_SUMMARY] used_total=0.0 used_total_shadow=0.0 open_buy_orders_usd=0 shadow_buy_usd=0.0 recent_buy_usd=0.0 top_tokens=[]
2026-01-28 03:55:26 INFO __main__ [ACTION] token_id=105558941490961743100777566068860209662825133870227537458865376585139033981276 -> [{'type': 'place', 'token_id': '105558941490961743100777566068860209662825133870227537458865376585139033981276', 'side': 'BUY', 'price': 0.963, 'size': 1.0384, 'ts': 1769543723, '_taker': True, '_taker_spread': 0.0010000000000000009, '_taker_thr': 0.011}]
2026-01-28 03:55:26 WARNING ct_exec place_order failed token_id=105558941490961743100777566068860209662825133870227537458865376585139033981276: PolyApiException[status_code=400, error_message={'error': 'invalid amount for a marketable BUY order ($0.99), min size: $1'}]
2026-01-28 03:55:48 INFO __main__ [SAFE] actions_empty reduce_reconcile_set size=1 recent_sec=600 lag_ms=0 actions=0 actions_unreliable=False
2026-01-28 03:55:48 INFO __main__ [RISK_SUMMARY] used_total=0.0 used_total_shadow=0.0 open_buy_orders_usd=0 shadow_buy_usd=0.0 recent_buy_usd=0.0 top_tokens=[]
2026-01-28 03:55:49 INFO __main__ [ACTION] token_id=105558941490961743100777566068860209662825133870227537458865376585139033981276 -> [{'type': 'place', 'token_id': '105558941490961743100777566068860209662825133870227537458865376585139033981276', 'side': 'BUY', 'price': 0.963, 'size': 1.0384, 'ts': 1769543746, '_taker': True, '_taker_spread': 0.0010000000000000009, '_taker_thr': 0.011}]
2026-01-28 03:55:49 WARNING ct_exec place_order failed token_id=105558941490961743100777566068860209662825133870227537458865376585139033981276: PolyApiException[status_code=400, error_message={'error': 'invalid amount for a marketable BUY order ($0.99), min size: $1'}]
2026-01-28 03:56:12 INFO __main__ [POS] target_count=1 my_count=0 target_incomplete=False my_incomplete=False | t_src=http_positions t_cb=1769543771 t_rsec=25 t_mode=sec t_http=200 t_hit=None
2026-01-28 03:56:12 INFO __main__ [POS] target cache_headers_first={'CF-Cache-Status': 'MISS', 'Cache-Control': 'public, max-age=2', 'Last-Modified': 'Tue, 27 Jan 2026 19:56:12 GMT', 'Date': 'Tue, 27 Jan 2026 19:56:12 GMT', 'Server': 'cloudflare'}
2026-01-28 03:56:12 INFO __main__ [POS] target cache_headers_last={'CF-Cache-Status': 'MISS', 'Cache-Control': 'public, max-age=2', 'Last-Modified': 'Tue, 27 Jan 2026 19:56:12 GMT', 'Date': 'Tue, 27 Jan 2026 19:56:12 GMT', 'Server': 'cloudflare'}
2026-01-28 03:56:12 INFO __main__ [SAFE] actions_empty reduce_reconcile_set size=1 recent_sec=600 lag_ms=0 actions=0 actions_unreliable=False
2026-01-28 03:56:13 INFO __main__ [RISK_SUMMARY] used_total=0.0 used_total_shadow=0.0 open_buy_orders_usd=0 shadow_buy_usd=0.0 recent_buy_usd=0.0 top_tokens=[]
2026-01-28 03:56:13 INFO __main__ [ACTION] token_id=105558941490961743100777566068860209662825133870227537458865376585139033981276 -> [{'type': 'place', 'token_id': '105558941490961743100777566068860209662825133870227537458865376585139033981276', 'side': 'BUY', 'price': 0.963, 'size': 1.0384, 'ts': 1769543769, '_taker': True, '_taker_spread': 0.0010000000000000009, '_taker_thr': 0.011}]
2026-01-28 03:56:13 WARNING ct_exec place_order failed token_id=105558941490961743100777566068860209662825133870227537458865376585139033981276: PolyApiException[status_code=400, error_message={'error': 'invalid amount for a marketable BUY order ($0.99), min size: $1'}]
2026-01-28 03:56:36 INFO __main__ [SAFE] actions_empty reduce_reconcile_set size=1 recent_sec=600 lag_ms=0 actions=0 actions_unreliable=False
2026-01-28 03:56:36 INFO __main__ [RISK_SUMMARY] used_total=0.0 used_total_shadow=0.0 open_buy_orders_usd=0 shadow_buy_usd=0.0 recent_buy_usd=0.0 top_tokens=[]
2026-01-28 03:56:36 INFO __main__ [ACTION] token_id=105558941490961743100777566068860209662825133870227537458865376585139033981276 -> [{'type': 'place', 'token_id': '105558941490961743100777566068860209662825133870227537458865376585139033981276', 'side': 'BUY', 'price': 0.963, 'size': 1.0384, 'ts': 1769543793, '_taker': True, '_taker_spread': 0.0010000000000000009, '_taker_thr': 0.011}]
2026-01-28 03:56:36 WARNING ct_exec place_order failed token_id=105558941490961743100777566068860209662825133870227537458865376585139033981276: PolyApiException[status_code=400, error_message={'error': 'invalid amount for a marketable BUY order ($0.99), min size: $1'}]
2026-01-28 03:56:58 INFO __main__ [SAFE] actions_empty reduce_reconcile_set size=1 recent_sec=600 lag_ms=0 actions=0 actions_unreliable=False
2026-01-28 03:56:58 INFO __main__ [RISK_SUMMARY] used_total=0.0 used_total_shadow=0.0 open_buy_orders_usd=0 shadow_buy_usd=0.0 recent_buy_usd=0.0 top_tokens=[]
2026-01-28 03:56:59 INFO __main__ [ACTION] token_id=105558941490961743100777566068860209662825133870227537458865376585139033981276 -> [{'type': 'place', 'token_id': '105558941490961743100777566068860209662825133870227537458865376585139033981276', 'side': 'BUY', 'price': 0.963, 'size': 1.0384, 'ts': 1769543816, '_taker': True, '_taker_spread': 0.0010000000000000009, '_taker_thr': 0.011}]
2026-01-28 03:56:59 WARNING ct_exec place_order failed token_id=105558941490961743100777566068860209662825133870227537458865376585139033981276: PolyApiException[status_code=400, error_message={'error': 'invalid amount for a marketable BUY order ($0.99), min size: $1'}]
2026-01-28 03:57:21 INFO __main__ [SAFE] actions_empty reduce_reconcile_set size=1 recent_sec=600 lag_ms=0 actions=0 actions_unreliable=False
2026-01-28 03:57:21 INFO __main__ [RISK_SUMMARY] used_total=0.0 used_total_shadow=0.0 open_buy_orders_usd=0 shadow_buy_usd=0.0 recent_buy_usd=0.0 top_tokens=[]
2026-01-28 03:57:22 INFO __main__ [ACTION] token_id=105558941490961743100777566068860209662825133870227537458865376585139033981276 -> [{'type': 'place', 'token_id': '105558941490961743100777566068860209662825133870227537458865376585139033981276', 'side': 'BUY', 'price': 0.963, 'size': 1.0384, 'ts': 1769543839, '_taker': True, '_taker_spread': 0.0010000000000000009, '_taker_thr': 0.011}]
2026-01-28 03:57:22 WARNING ct_exec place_order failed token_id=105558941490961743100777566068860209662825133870227537458865376585139033981276: PolyApiException[status_code=400, error_message={'error': 'invalid amount for a marketable BUY order ($0.99), min size: $1'}]
2026-01-28 03:57:44 INFO __main__ [SAFE] actions_empty reduce_reconcile_set size=1 recent_sec=600 lag_ms=0 actions=0 actions_unreliable=False
2026-01-28 03:57:44 INFO __main__ [RISK_SUMMARY] used_total=0.0 used_total_shadow=0.0 open_buy_orders_usd=0 shadow_buy_usd=0.0 recent_buy_usd=0.0 top_tokens=[]
2026-01-28 03:57:44 INFO __main__ [ACTION] token_id=105558941490961743100777566068860209662825133870227537458865376585139033981276 -> [{'type': 'place', 'token_id': '105558941490961743100777566068860209662825133870227537458865376585139033981276', 'side': 'BUY', 'price': 0.963, 'size': 1.0384, 'ts': 1769543862, '_taker': True, '_taker_spread': 0.0010000000000000009, '_taker_thr': 0.011}]
2026-01-28 03:57:44 WARNING ct_exec place_order failed token_id=105558941490961743100777566068860209662825133870227537458865376585139033981276: PolyApiException[status_code=400, error_message={'error': 'invalid amount for a marketable BUY order ($0.99), min size: $1'}]
2026-01-28 03:58:08 INFO __main__ [SAFE] actions_empty reduce_reconcile_set size=1 recent_sec=600 lag_ms=0 actions=0 actions_unreliable=False
2026-01-28 03:58:08 INFO __main__ [RISK_SUMMARY] used_total=0.0 used_total_shadow=0.0 open_buy_orders_usd=0 shadow_buy_usd=0.0 recent_buy_usd=0.0 top_tokens=[]
2026-01-28 03:58:08 INFO __main__ [ACTION] token_id=105558941490961743100777566068860209662825133870227537458865376585139033981276 -> [{'type': 'place', 'token_id': '105558941490961743100777566068860209662825133870227537458865376585139033981276', 'side': 'BUY', 'price': 0.963, 'size': 1.0384, 'ts': 1769543884, '_taker': True, '_taker_spread': 0.0010000000000000009, '_taker_thr': 0.011}]
2026-01-28 03:58:08 WARNING ct_exec place_order failed token_id=105558941490961743100777566068860209662825133870227537458865376585139033981276: PolyApiException[status_code=400, error_message={'error': 'invalid amount for a marketable BUY order ($0.99), min size: $1'}]
2026-01-28 03:58:30 INFO __main__ [SAFE] actions_empty reduce_reconcile_set size=1 recent_sec=600 lag_ms=0 actions=0 actions_unreliable=False
2026-01-28 03:58:30 INFO __main__ [RISK_SUMMARY] used_total=0.0 used_total_shadow=0.0 open_buy_orders_usd=0 shadow_buy_usd=0.0 recent_buy_usd=0.0 top_tokens=[]
2026-01-28 03:58:31 INFO __main__ [ACTION] token_id=105558941490961743100777566068860209662825133870227537458865376585139033981276 -> [{'type': 'place', 'token_id': '105558941490961743100777566068860209662825133870227537458865376585139033981276', 'side': 'BUY', 'price': 0.963, 'size': 1.0384, 'ts': 1769543908, '_taker': True, '_taker_spread': 0.0020000000000000018, '_taker_thr': 0.011}]
2026-01-28 03:58:31 WARNING ct_exec place_order failed token_id=105558941490961743100777566068860209662825133870227537458865376585139033981276: PolyApiException[status_code=400, error_message={'error': 'invalid amount for a marketable BUY order ($0.99), min size: $1'}]
2026-01-28 03:58:55 INFO __main__ [SAFE] actions_empty reduce_reconcile_set size=1 recent_sec=600 lag_ms=0 actions=0 actions_unreliable=False
2026-01-28 03:58:55 INFO __main__ [RISK_SUMMARY] used_total=0.0 used_total_shadow=0.0 open_buy_orders_usd=0 shadow_buy_usd=0.0 recent_buy_usd=0.0 top_tokens=[]
2026-01-28 03:58:55 INFO __main__ [ACTION] token_id=105558941490961743100777566068860209662825133870227537458865376585139033981276 -> [{'type': 'place', 'token_id': '105558941490961743100777566068860209662825133870227537458865376585139033981276', 'side': 'BUY', 'price': 0.962, 'size': 1.0384, 'ts': 1769543931, '_taker': True, '_taker_spread': 0.0010000000000000009, '_taker_thr': 0.011}]
2026-01-28 03:58:55 WARNING ct_exec place_order failed token_id=105558941490961743100777566068860209662825133870227537458865376585139033981276: PolyApiException[status_code=400, error_message={'error': 'invalid amount for a marketable BUY order ($0.99), min size: $1'}]
2026-01-28 03:59:17 INFO __main__ [SAFE] actions_empty reduce_reconcile_set size=1 recent_sec=600 lag_ms=0 actions=0 actions_unreliable=False
2026-01-28 03:59:17 INFO __main__ [RISK_SUMMARY] used_total=0.0 used_total_shadow=0.0 open_buy_orders_usd=0 shadow_buy_usd=0.0 recent_buy_usd=0.0 top_tokens=[]
2026-01-28 03:59:18 INFO __main__ [ACTION] token_id=105558941490961743100777566068860209662825133870227537458865376585139033981276 -> [{'type': 'place', 'token_id': '105558941490961743100777566068860209662825133870227537458865376585139033981276', 'side': 'BUY', 'price': 0.962, 'size': 1.0384, 'ts': 1769543955, '_taker': True, '_taker_spread': 0.0010000000000000009, '_taker_thr': 0.011}]
2026-01-28 03:59:18 WARNING ct_exec place_order failed token_id=105558941490961743100777566068860209662825133870227537458865376585139033981276: PolyApiException[status_code=400, error_message={'error': 'invalid amount for a marketable BUY order ($0.99), min size: $1'}]
2026-01-28 03:59:41 INFO __main__ [SAFE] actions_empty reduce_reconcile_set size=1 recent_sec=600 lag_ms=0 actions=0 actions_unreliable=False
2026-01-28 03:59:41 INFO __main__ [RISK_SUMMARY] used_total=0.0 used_total_shadow=0.0 open_buy_orders_usd=0 shadow_buy_usd=0.0 recent_buy_usd=0.0 top_tokens=[]
2026-01-28 03:59:42 INFO __main__ [ACTION] token_id=105558941490961743100777566068860209662825133870227537458865376585139033981276 -> [{'type': 'place', 'token_id': '105558941490961743100777566068860209662825133870227537458865376585139033981276', 'side': 'BUY', 'price': 0.962, 'size': 1.0384, 'ts': 1769543978, '_taker': True, '_taker_spread': 0.0010000000000000009, '_taker_thr': 0.011}]
2026-01-28 03:59:42 WARNING ct_exec place_order failed token_id=105558941490961743100777566068860209662825133870227537458865376585139033981276: PolyApiException[status_code=400, error_message={'error': 'invalid amount for a marketable BUY order ($0.99), min size: $1'}]
2026-01-28 04:00:05 INFO __main__ [SAFE] actions_empty reduce_reconcile_set size=1 recent_sec=600 lag_ms=0 actions=0 actions_unreliable=False
2026-01-28 04:00:05 INFO __main__ [RISK_SUMMARY] used_total=0.0 used_total_shadow=0.0 open_buy_orders_usd=0 shadow_buy_usd=0.0 recent_buy_usd=0.0 top_tokens=[]
2026-01-28 04:00:05 INFO __main__ [ACTION] token_id=105558941490961743100777566068860209662825133870227537458865376585139033981276 -> [{'type': 'place', 'token_id': '105558941490961743100777566068860209662825133870227537458865376585139033981276', 'side': 'BUY', 'price': 0.962, 'size': 1.0384, 'ts': 1769544002, '_taker': True, '_taker_spread': 0.0010000000000000009, '_taker_thr': 0.011}]
2026-01-28 04:00:06 WARNING ct_exec place_order failed token_id=105558941490961743100777566068860209662825133870227537458865376585139033981276: PolyApiException[status_code=400, error_message={'error': 'invalid amount for a marketable BUY order ($0.99), min size: $1'}]
2026-01-28 04:00:28 INFO __main__ [SAFE] actions_empty reduce_reconcile_set size=1 recent_sec=600 lag_ms=0 actions=0 actions_unreliable=False
2026-01-28 04:00:28 INFO __main__ [RISK_SUMMARY] used_total=0.0 used_total_shadow=0.0 open_buy_orders_usd=0 shadow_buy_usd=0.0 recent_buy_usd=0.0 top_tokens=[]
2026-01-28 04:00:28 INFO __main__ [ACTION] token_id=105558941490961743100777566068860209662825133870227537458865376585139033981276 -> [{'type': 'place', 'token_id': '105558941490961743100777566068860209662825133870227537458865376585139033981276', 'side': 'BUY', 'price': 0.962, 'size': 1.0384, 'ts': 1769544026, '_taker': True, '_taker_spread': 0.0030000000000000027, '_taker_thr': 0.011}]
2026-01-28 04:00:28 WARNING ct_exec place_order failed token_id=105558941490961743100777566068860209662825133870227537458865376585139033981276: PolyApiException[status_code=400, error_message={'error': 'invalid amount for a marketable BUY order ($0.99), min size: $1'}]
2026-01-28 04:00:51 INFO __main__ [SAFE] actions_empty reduce_reconcile_set size=1 recent_sec=600 lag_ms=0 actions=0 actions_unreliable=False
2026-01-28 04:00:51 INFO __main__ [RISK_SUMMARY] used_total=0.0 used_total_shadow=0.0 open_buy_orders_usd=0 shadow_buy_usd=0.0 recent_buy_usd=0.0 top_tokens=[]
2026-01-28 04:00:51 INFO __main__ [ACTION] token_id=105558941490961743100777566068860209662825133870227537458865376585139033981276 -> [{'type': 'place', 'token_id': '105558941490961743100777566068860209662825133870227537458865376585139033981276', 'side': 'BUY', 'price': 0.962, 'size': 1.0384, 'ts': 1769544048, '_taker': True, '_taker_spread': 0.0030000000000000027, '_taker_thr': 0.011}]
2026-01-28 04:00:52 WARNING ct_exec place_order failed token_id=105558941490961743100777566068860209662825133870227537458865376585139033981276: PolyApiException[status_code=400, error_message={'error': 'invalid amount for a marketable BUY order ($0.99), min size: $1'}]
2026-01-28 04:01:12 INFO __main__ [CFG] reloaded (interval)
2026-01-28 04:01:14 INFO __main__ [SAFE] actions_empty reduce_reconcile_set size=1 recent_sec=600 lag_ms=0 actions=0 actions_unreliable=False
2026-01-28 04:01:14 INFO __main__ [RISK_SUMMARY] used_total=0.0 used_total_shadow=0.0 open_buy_orders_usd=0 shadow_buy_usd=0.0 recent_buy_usd=0.0 top_tokens=[]
2026-01-28 04:01:15 INFO __main__ [ACTION] token_id=105558941490961743100777566068860209662825133870227537458865376585139033981276 -> [{'type': 'place', 'token_id': '105558941490961743100777566068860209662825133870227537458865376585139033981276', 'side': 'BUY', 'price': 0.962, 'size': 1.0384, 'ts': 1769544072, '_taker': True, '_taker_spread': 0.0030000000000000027, '_taker_thr': 0.011}]
2026-01-28 04:01:15 WARNING ct_exec place_order failed token_id=105558941490961743100777566068860209662825133870227537458865376585139033981276: PolyApiException[status_code=400, error_message={'error': 'invalid amount for a marketable BUY order ($0.99), min size: $1'}]
2026-01-28 04:01:37 INFO __main__ [SAFE] actions_empty reduce_reconcile_set size=1 recent_sec=600 lag_ms=0 actions=0 actions_unreliable=False
2026-01-28 04:01:37 INFO __main__ [RISK_SUMMARY] used_total=0.0 used_total_shadow=0.0 open_buy_orders_usd=0 shadow_buy_usd=0.0 recent_buy_usd=0.0 top_tokens=[]
2026-01-28 04:01:37 INFO __main__ [ACTION] token_id=105558941490961743100777566068860209662825133870227537458865376585139033981276 -> [{'type': 'place', 'token_id': '105558941490961743100777566068860209662825133870227537458865376585139033981276', 'side': 'BUY', 'price': 0.962, 'size': 1.0384, 'ts': 1769544095, '_taker': True, '_taker_spread': 0.0020000000000000018, '_taker_thr': 0.011}]
2026-01-28 04:01:38 WARNING ct_exec place_order failed token_id=105558941490961743100777566068860209662825133870227537458865376585139033981276: PolyApiException[status_code=400, error_message={'error': 'invalid amount for a marketable BUY order ($0.99), min size: $1'}]
2026-01-28 04:02:00 INFO __main__ [SAFE] actions_empty reduce_reconcile_set size=1 recent_sec=600 lag_ms=0 actions=0 actions_unreliable=False
2026-01-28 04:02:00 INFO __main__ [RISK_SUMMARY] used_total=0.0 used_total_shadow=0.0 open_buy_orders_usd=0 shadow_buy_usd=0.0 recent_buy_usd=0.0 top_tokens=[]
2026-01-28 04:02:00 INFO __main__ [ACTION] token_id=105558941490961743100777566068860209662825133870227537458865376585139033981276 -> [{'type': 'place', 'token_id': '105558941490961743100777566068860209662825133870227537458865376585139033981276', 'side': 'BUY', 'price': 0.962, 'size': 1.0384, 'ts': 1769544118, '_taker': True, '_taker_spread': 0.0020000000000000018, '_taker_thr': 0.011}]
2026-01-28 04:02:01 WARNING ct_exec place_order failed token_id=105558941490961743100777566068860209662825133870227537458865376585139033981276: PolyApiException[status_code=400, error_message={'error': 'invalid amount for a marketable BUY order ($0.99), min size: $1'}]
2026-01-28 04:02:23 INFO __main__ [SAFE] actions_empty reduce_reconcile_set size=1 recent_sec=600 lag_ms=0 actions=0 actions_unreliable=False
2026-01-28 04:02:23 INFO __main__ [RISK_SUMMARY] used_total=0.0 used_total_shadow=0.0 open_buy_orders_usd=0 shadow_buy_usd=0.0 recent_buy_usd=0.0 top_tokens=[]
2026-01-28 04:02:23 INFO __main__ [ACTION] token_id=105558941490961743100777566068860209662825133870227537458865376585139033981276 -> [{'type': 'place', 'token_id': '105558941490961743100777566068860209662825133870227537458865376585139033981276', 'side': 'BUY', 'price': 0.962, 'size': 1.0384, 'ts': 1769544141, '_taker': True, '_taker_spread': 0.0010000000000000009, '_taker_thr': 0.011}]
2026-01-28 04:02:24 WARNING ct_exec place_order failed token_id=105558941490961743100777566068860209662825133870227537458865376585139033981276: PolyApiException[status_code=400, error_message={'error': 'invalid amount for a marketable BUY order ($0.99), min size: $1'}]
2026-01-28 04:02:46 INFO __main__ [SAFE] actions_empty reduce_reconcile_set size=1 recent_sec=600 lag_ms=0 actions=0 actions_unreliable=False
2026-01-28 04:02:46 INFO __main__ [RISK_SUMMARY] used_total=0.0 used_total_shadow=0.0 open_buy_orders_usd=0 shadow_buy_usd=0.0 recent_buy_usd=0.0 top_tokens=[]
2026-01-28 04:02:47 INFO __main__ [ACTION] token_id=105558941490961743100777566068860209662825133870227537458865376585139033981276 -> [{'type': 'place', 'token_id': '105558941490961743100777566068860209662825133870227537458865376585139033981276', 'side': 'BUY', 'price': 0.962, 'size': 1.0384, 'ts': 1769544164, '_taker': True, '_taker_spread': 0.0010000000000000009, '_taker_thr': 0.011}]
2026-01-28 04:02:47 WARNING ct_exec place_order failed token_id=105558941490961743100777566068860209662825133870227537458865376585139033981276: PolyApiException[status_code=400, error_message={'error': 'invalid amount for a marketable BUY order ($0.99), min size: $1'}]
2026-01-28 04:03:09 INFO __main__ [SAFE] actions_empty reduce_reconcile_set size=1 recent_sec=600 lag_ms=0 actions=0 actions_unreliable=False
2026-01-28 04:03:09 INFO __main__ [RISK_SUMMARY] used_total=0.0 used_total_shadow=0.0 open_buy_orders_usd=0 shadow_buy_usd=0.0 recent_buy_usd=0.0 top_tokens=[]
2026-01-28 04:03:10 INFO __main__ [ACTION] token_id=105558941490961743100777566068860209662825133870227537458865376585139033981276 -> [{'type': 'place', 'token_id': '105558941490961743100777566068860209662825133870227537458865376585139033981276', 'side': 'BUY', 'price': 0.962, 'size': 1.0384, 'ts': 1769544187, '_taker': True, '_taker_spread': 0.0010000000000000009, '_taker_thr': 0.011}]
2026-01-28 04:03:10 WARNING ct_exec place_order failed token_id=105558941490961743100777566068860209662825133870227537458865376585139033981276: PolyApiException[status_code=400, error_message={'error': 'invalid amount for a marketable BUY order ($0.99), min size: $1'}]
2026-01-28 04:03:33 INFO __main__ [SAFE] actions_empty reduce_reconcile_set size=1 recent_sec=600 lag_ms=0 actions=0 actions_unreliable=False
2026-01-28 04:03:33 INFO __main__ [RISK_SUMMARY] used_total=0.0 used_total_shadow=0.0 open_buy_orders_usd=0 shadow_buy_usd=0.0 recent_buy_usd=0.0 top_tokens=[]
2026-01-28 04:03:34 INFO __main__ [ACTION] token_id=105558941490961743100777566068860209662825133870227537458865376585139033981276 -> [{'type': 'place', 'token_id': '105558941490961743100777566068860209662825133870227537458865376585139033981276', 'side': 'BUY', 'price': 0.962, 'size': 1.0384, 'ts': 1769544210, '_taker': True, '_taker_spread': 0.0010000000000000009, '_taker_thr': 0.011}]
2026-01-28 04:03:34 WARNING ct_exec place_order failed token_id=105558941490961743100777566068860209662825133870227537458865376585139033981276: PolyApiException[status_code=400, error_message={'error': 'invalid amount for a marketable BUY order ($0.99), min size: $1'}]
2026-01-28 04:03:57 INFO __main__ [SAFE] actions_empty reduce_reconcile_set size=1 recent_sec=600 lag_ms=0 actions=0 actions_unreliable=False
2026-01-28 04:03:57 INFO __main__ [RISK_SUMMARY] used_total=0.0 used_total_shadow=0.0 open_buy_orders_usd=0 shadow_buy_usd=0.0 recent_buy_usd=0.0 top_tokens=[]
2026-01-28 04:03:57 INFO __main__ [ACTION] token_id=105558941490961743100777566068860209662825133870227537458865376585139033981276 -> [{'type': 'place', 'token_id': '105558941490961743100777566068860209662825133870227537458865376585139033981276', 'side': 'BUY', 'price': 0.962, 'size': 1.0384, 'ts': 1769544234, '_taker': True, '_taker_spread': 0.0010000000000000009, '_taker_thr': 0.011}]
2026-01-28 04:03:57 WARNING ct_exec place_order failed token_id=105558941490961743100777566068860209662825133870227537458865376585139033981276: PolyApiException[status_code=400, error_message={'error': 'invalid amount for a marketable BUY order ($0.99), min size: $1'}]
2026-01-28 04:04:19 INFO __main__ [SAFE] actions_empty reduce_reconcile_set size=1 recent_sec=600 lag_ms=0 actions=0 actions_unreliable=False
2026-01-28 04:04:19 INFO __main__ [RISK_SUMMARY] used_total=0.0 used_total_shadow=0.0 open_buy_orders_usd=0 shadow_buy_usd=0.0 recent_buy_usd=0.0 top_tokens=[]
2026-01-28 04:04:20 INFO __main__ [ACTION] token_id=105558941490961743100777566068860209662825133870227537458865376585139033981276 -> [{'type': 'place', 'token_id': '105558941490961743100777566068860209662825133870227537458865376585139033981276', 'side': 'BUY', 'price': 0.962, 'size': 1.0384, 'ts': 1769544257, '_taker': True, '_taker_spread': 0.0010000000000000009, '_taker_thr': 0.011}]
2026-01-28 04:04:20 WARNING ct_exec place_order failed token_id=105558941490961743100777566068860209662825133870227537458865376585139033981276: PolyApiException[status_code=400, error_message={'error': 'invalid amount for a marketable BUY order ($0.99), min size: $1'}]
2026-01-28 04:04:42 INFO __main__ [SAFE] actions_empty reduce_reconcile_set size=1 recent_sec=600 lag_ms=0 actions=0 actions_unreliable=False
2026-01-28 04:04:42 INFO __main__ [RISK_SUMMARY] used_total=0.0 used_total_shadow=0.0 open_buy_orders_usd=0 shadow_buy_usd=0.0 recent_buy_usd=0.0 top_tokens=[]
2026-01-28 04:04:42 INFO __main__ [ACTION] token_id=105558941490961743100777566068860209662825133870227537458865376585139033981276 -> [{'type': 'place', 'token_id': '105558941490961743100777566068860209662825133870227537458865376585139033981276', 'side': 'BUY', 'price': 0.961, 'size': 1.0384, 'ts': 1769544280, '_taker': True, '_taker_spread': 0.0020000000000000018, '_taker_thr': 0.011}]
2026-01-28 04:04:43 WARNING ct_exec place_order failed token_id=105558941490961743100777566068860209662825133870227537458865376585139033981276: PolyApiException[status_code=400, error_message={'error': 'invalid amount for a marketable BUY order ($0.99), min size: $1'}]
2026-01-28 04:05:05 INFO __main__ [SAFE] actions_empty reduce_reconcile_set size=1 recent_sec=600 lag_ms=0 actions=0 actions_unreliable=False
2026-01-28 04:05:05 INFO __main__ [RISK_SUMMARY] used_total=0.0 used_total_shadow=0.0 open_buy_orders_usd=0 shadow_buy_usd=0.0 recent_buy_usd=0.0 top_tokens=[]
2026-01-28 04:05:06 INFO __main__ [ACTION] token_id=105558941490961743100777566068860209662825133870227537458865376585139033981276 -> [{'type': 'place', 'token_id': '105558941490961743100777566068860209662825133870227537458865376585139033981276', 'side': 'BUY', 'price': 0.961, 'size': 1.0384, 'ts': 1769544303, '_taker': True, '_taker_spread': 0.0010000000000000009, '_taker_thr': 0.011}]
2026-01-28 04:05:06 WARNING ct_exec place_order failed token_id=105558941490961743100777566068860209662825133870227537458865376585139033981276: PolyApiException[status_code=400, error_message={'error': 'invalid amount for a marketable BUY order ($0.99), min size: $1'}]
2026-01-28 04:05:29 INFO __main__ [SAFE] actions_empty reduce_reconcile_set size=1 recent_sec=600 lag_ms=0 actions=0 actions_unreliable=False
2026-01-28 04:05:29 INFO __main__ [RISK_SUMMARY] used_total=0.0 used_total_shadow=0.0 open_buy_orders_usd=0 shadow_buy_usd=0.0 recent_buy_usd=0.0 top_tokens=[]
2026-01-28 04:05:29 INFO __main__ [ACTION] token_id=105558941490961743100777566068860209662825133870227537458865376585139033981276 -> [{'type': 'place', 'token_id': '105558941490961743100777566068860209662825133870227537458865376585139033981276', 'side': 'BUY', 'price': 0.961, 'size': 1.0384, 'ts': 1769544326, '_taker': True, '_taker_spread': 0.0010000000000000009, '_taker_thr': 0.011}]
2026-01-28 04:05:30 WARNING ct_exec place_order failed token_id=105558941490961743100777566068860209662825133870227537458865376585139033981276: PolyApiException[status_code=400, error_message={'error': 'invalid amount for a marketable BUY order ($0.99), min size: $1'}]
2026-01-28 04:05:52 INFO __main__ [SAFE] actions_empty reduce_reconcile_set size=1 recent_sec=600 lag_ms=0 actions=0 actions_unreliable=False
2026-01-28 04:05:52 INFO __main__ [RISK_SUMMARY] used_total=0.0 used_total_shadow=0.0 open_buy_orders_usd=0 shadow_buy_usd=0.0 recent_buy_usd=0.0 top_tokens=[]
2026-01-28 04:05:53 INFO __main__ [ACTION] token_id=105558941490961743100777566068860209662825133870227537458865376585139033981276 -> [{'type': 'place', 'token_id': '105558941490961743100777566068860209662825133870227537458865376585139033981276', 'side': 'BUY', 'price': 0.961, 'size': 1.0384, 'ts': 1769544350, '_taker': True, '_taker_spread': 0.0020000000000000018, '_taker_thr': 0.011}]
2026-01-28 04:05:53 WARNING ct_exec place_order failed token_id=105558941490961743100777566068860209662825133870227537458865376585139033981276: PolyApiException[status_code=400, error_message={'error': 'invalid amount for a marketable BUY order ($0.99), min size: $1'}]
2026-01-28 04:06:15 INFO __main__ [POS] target_count=1 my_count=0 target_incomplete=False my_incomplete=False | t_src=http_positions t_cb=1769544374 t_rsec=25 t_mode=sec t_http=200 t_hit=None
2026-01-28 04:06:15 INFO __main__ [POS] target cache_headers_first={'CF-Cache-Status': 'MISS', 'Cache-Control': 'public, max-age=2', 'Last-Modified': 'Tue, 27 Jan 2026 20:06:15 GMT', 'Date': 'Tue, 27 Jan 2026 20:06:15 GMT', 'Server': 'cloudflare'}
2026-01-28 04:06:15 INFO __main__ [POS] target cache_headers_last={'CF-Cache-Status': 'MISS', 'Cache-Control': 'public, max-age=2', 'Last-Modified': 'Tue, 27 Jan 2026 20:06:15 GMT', 'Date': 'Tue, 27 Jan 2026 20:06:15 GMT', 'Server': 'cloudflare'}
2026-01-28 04:06:15 INFO __main__ [SAFE] actions_empty reduce_reconcile_set size=1 recent_sec=600 lag_ms=0 actions=0 actions_unreliable=False
2026-01-28 04:06:16 INFO __main__ [RISK_SUMMARY] used_total=0.0 used_total_shadow=0.0 open_buy_orders_usd=0 shadow_buy_usd=0.0 recent_buy_usd=0.0 top_tokens=[]
2026-01-28 04:06:16 INFO __main__ [ACTION] token_id=105558941490961743100777566068860209662825133870227537458865376585139033981276 -> [{'type': 'place', 'token_id': '105558941490961743100777566068860209662825133870227537458865376585139033981276', 'side': 'BUY', 'price': 0.961, 'size': 1.0384, 'ts': 1769544373, '_taker': True, '_taker_spread': 0.0020000000000000018, '_taker_thr': 0.011}]
2026-01-28 04:06:16 WARNING ct_exec place_order failed token_id=105558941490961743100777566068860209662825133870227537458865376585139033981276: PolyApiException[status_code=400, error_message={'error': 'invalid amount for a marketable BUY order ($0.99), min size: $1'}]
2026-01-28 04:06:39 INFO __main__ [SAFE] actions_empty reduce_reconcile_set size=1 recent_sec=600 lag_ms=0 actions=0 actions_unreliable=False
2026-01-28 04:06:39 INFO __main__ [RISK_SUMMARY] used_total=0.0 used_total_shadow=0.0 open_buy_orders_usd=0 shadow_buy_usd=0.0 recent_buy_usd=0.0 top_tokens=[]
2026-01-28 04:06:39 INFO __main__ [ACTION] token_id=105558941490961743100777566068860209662825133870227537458865376585139033981276 -> [{'type': 'place', 'token_id': '105558941490961743100777566068860209662825133870227537458865376585139033981276', 'side': 'BUY', 'price': 0.961, 'size': 1.0384, 'ts': 1769544396, '_taker': True, '_taker_spread': 0.0020000000000000018, '_taker_thr': 0.011}]
2026-01-28 04:06:39 WARNING ct_exec place_order failed token_id=105558941490961743100777566068860209662825133870227537458865376585139033981276: PolyApiException[status_code=400, error_message={'error': 'invalid amount for a marketable BUY order ($0.99), min size: $1'}]
2026-01-28 04:07:02 INFO __main__ [SAFE] actions_empty reduce_reconcile_set size=1 recent_sec=600 lag_ms=0 actions=0 actions_unreliable=False
2026-01-28 04:07:02 INFO __main__ [RISK_SUMMARY] used_total=0.0 used_total_shadow=0.0 open_buy_orders_usd=0 shadow_buy_usd=0.0 recent_buy_usd=0.0 top_tokens=[]
2026-01-28 04:07:03 INFO __main__ [ACTION] token_id=105558941490961743100777566068860209662825133870227537458865376585139033981276 -> [{'type': 'place', 'token_id': '105558941490961743100777566068860209662825133870227537458865376585139033981276', 'side': 'BUY', 'price': 0.961, 'size': 1.0384, 'ts': 1769544419, '_taker': True, '_taker_spread': 0.0020000000000000018, '_taker_thr': 0.011}]
2026-01-28 04:07:03 WARNING ct_exec place_order failed token_id=105558941490961743100777566068860209662825133870227537458865376585139033981276: PolyApiException[status_code=400, error_message={'error': 'invalid amount for a marketable BUY order ($0.99), min size: $1'}]
2026-01-28 04:07:25 INFO __main__ [SAFE] actions_empty reduce_reconcile_set size=1 recent_sec=600 lag_ms=0 actions=0 actions_unreliable=False
2026-01-28 04:07:25 INFO __main__ [RISK_SUMMARY] used_total=0.0 used_total_shadow=0.0 open_buy_orders_usd=0 shadow_buy_usd=0.0 recent_buy_usd=0.0 top_tokens=[]
2026-01-28 04:07:26 INFO __main__ [ACTION] token_id=105558941490961743100777566068860209662825133870227537458865376585139033981276 -> [{'type': 'place', 'token_id': '105558941490961743100777566068860209662825133870227537458865376585139033981276', 'side': 'BUY', 'price': 0.961, 'size': 1.0384, 'ts': 1769544443, '_taker': True, '_taker_spread': 0.0020000000000000018, '_taker_thr': 0.011}]
2026-01-28 04:07:26 WARNING ct_exec place_order failed token_id=105558941490961743100777566068860209662825133870227537458865376585139033981276: PolyApiException[status_code=400, error_message={'error': 'invalid amount for a marketable BUY order ($0.99), min size: $1'}]
2026-01-28 04:07:49 INFO __main__ [SAFE] actions_empty reduce_reconcile_set size=1 recent_sec=600 lag_ms=0 actions=0 actions_unreliable=False
2026-01-28 04:07:49 INFO __main__ [RISK_SUMMARY] used_total=0.0 used_total_shadow=0.0 open_buy_orders_usd=0 shadow_buy_usd=0.0 recent_buy_usd=0.0 top_tokens=[]
2026-01-28 04:07:49 INFO __main__ [ACTION] token_id=105558941490961743100777566068860209662825133870227537458865376585139033981276 -> [{'type': 'place', 'token_id': '105558941490961743100777566068860209662825133870227537458865376585139033981276', 'side': 'BUY', 'price': 0.96, 'size': 1.0384, 'ts': 1769544466, '_taker': True, '_taker_spread': 0.0010000000000000009, '_taker_thr': 0.011}]
2026-01-28 04:07:50 WARNING ct_exec place_order failed token_id=105558941490961743100777566068860209662825133870227537458865376585139033981276: PolyApiException[status_code=400, error_message={'error': 'invalid amount for a marketable BUY order ($0.99), min size: $1'}]
2026-01-28 04:08:12 INFO __main__ [SAFE] actions_empty reduce_reconcile_set size=1 recent_sec=600 lag_ms=0 actions=0 actions_unreliable=False
2026-01-28 04:08:12 INFO __main__ [RISK_SUMMARY] used_total=0.0 used_total_shadow=0.0 open_buy_orders_usd=0 shadow_buy_usd=0.0 recent_buy_usd=0.0 top_tokens=[]
2026-01-28 04:08:12 INFO __main__ [ACTION] token_id=105558941490961743100777566068860209662825133870227537458865376585139033981276 -> [{'type': 'place', 'token_id': '105558941490961743100777566068860209662825133870227537458865376585139033981276', 'side': 'BUY', 'price': 0.96, 'size': 1.0384, 'ts': 1769544490, '_taker': True, '_taker_spread': 0.0010000000000000009, '_taker_thr': 0.011}]
2026-01-28 04:08:12 WARNING ct_exec place_order failed token_id=105558941490961743100777566068860209662825133870227537458865376585139033981276: PolyApiException[status_code=400, error_message={'error': 'invalid amount for a marketable BUY order ($0.99), min size: $1'}]
2026-01-28 04:08:35 INFO __main__ [SAFE] actions_empty reduce_reconcile_set size=1 recent_sec=600 lag_ms=0 actions=0 actions_unreliable=False
2026-01-28 04:08:35 INFO __main__ [RISK_SUMMARY] used_total=0.0 used_total_shadow=0.0 open_buy_orders_usd=0 shadow_buy_usd=0.0 recent_buy_usd=0.0 top_tokens=[]
2026-01-28 04:08:35 INFO __main__ [ACTION] token_id=105558941490961743100777566068860209662825133870227537458865376585139033981276 -> [{'type': 'place', 'token_id': '105558941490961743100777566068860209662825133870227537458865376585139033981276', 'side': 'BUY', 'price': 0.96, 'size': 1.0384, 'ts': 1769544512, '_taker': True, '_taker_spread': 0.0050000000000000044, '_taker_thr': 0.011}]
2026-01-28 04:08:35 WARNING ct_exec place_order failed token_id=105558941490961743100777566068860209662825133870227537458865376585139033981276: PolyApiException[status_code=400, error_message={'error': 'invalid amount for a marketable BUY order ($0.99), min size: $1'}]
2026-01-28 04:08:58 INFO __main__ [SAFE] actions_empty reduce_reconcile_set size=1 recent_sec=600 lag_ms=0 actions=0 actions_unreliable=False
2026-01-28 04:08:58 INFO __main__ [RISK_SUMMARY] used_total=0.0 used_total_shadow=0.0 open_buy_orders_usd=0 shadow_buy_usd=0.0 recent_buy_usd=0.0 top_tokens=[]
2026-01-28 04:08:58 INFO __main__ [ACTION] token_id=105558941490961743100777566068860209662825133870227537458865376585139033981276 -> [{'type': 'place', 'token_id': '105558941490961743100777566068860209662825133870227537458865376585139033981276', 'side': 'BUY', 'price': 0.96, 'size': 1.0384, 'ts': 1769544535, '_taker': True, '_taker_spread': 0.0040000000000000036, '_taker_thr': 0.011}]
2026-01-28 04:08:59 WARNING ct_exec place_order failed token_id=105558941490961743100777566068860209662825133870227537458865376585139033981276: PolyApiException[status_code=400, error_message={'error': 'invalid amount for a marketable BUY order ($0.99), min size: $1'}]
2026-01-28 04:09:22 INFO __main__ [SAFE] actions_empty reduce_reconcile_set size=1 recent_sec=600 lag_ms=0 actions=0 actions_unreliable=False
2026-01-28 04:09:22 INFO __main__ [RISK_SUMMARY] used_total=0.0 used_total_shadow=0.0 open_buy_orders_usd=0 shadow_buy_usd=0.0 recent_buy_usd=0.0 top_tokens=[]
2026-01-28 04:09:22 INFO __main__ [ACTION] token_id=105558941490961743100777566068860209662825133870227537458865376585139033981276 -> [{'type': 'place', 'token_id': '105558941490961743100777566068860209662825133870227537458865376585139033981276', 'side': 'BUY', 'price': 0.96, 'size': 1.0384, 'ts': 1769544559, '_taker': True, '_taker_spread': 0.0040000000000000036, '_taker_thr': 0.011}]
2026-01-28 04:09:22 WARNING ct_exec place_order failed token_id=105558941490961743100777566068860209662825133870227537458865376585139033981276: PolyApiException[status_code=400, error_message={'error': 'invalid amount for a marketable BUY order ($0.99), min size: $1'}]
2026-01-28 04:09:45 INFO __main__ [SAFE] actions_empty reduce_reconcile_set size=1 recent_sec=600 lag_ms=0 actions=0 actions_unreliable=False
2026-01-28 04:09:45 INFO __main__ [RISK_SUMMARY] used_total=0.0 used_total_shadow=0.0 open_buy_orders_usd=0 shadow_buy_usd=0.0 recent_buy_usd=0.0 top_tokens=[]
2026-01-28 04:09:45 INFO __main__ [ACTION] token_id=105558941490961743100777566068860209662825133870227537458865376585139033981276 -> [{'type': 'place', 'token_id': '105558941490961743100777566068860209662825133870227537458865376585139033981276', 'side': 'BUY', 'price': 0.96, 'size': 1.0384, 'ts': 1769544582, '_taker': True, '_taker_spread': 0.0040000000000000036, '_taker_thr': 0.011}]
2026-01-28 04:09:46 WARNING ct_exec place_order failed token_id=105558941490961743100777566068860209662825133870227537458865376585139033981276: PolyApiException[status_code=400, error_message={'error': 'invalid amount for a marketable BUY order ($0.99), min size: $1'}]
2026-01-28 04:10:08 INFO __main__ [SAFE] actions_empty reduce_reconcile_set size=1 recent_sec=600 lag_ms=0 actions=0 actions_unreliable=False
2026-01-28 04:10:08 INFO __main__ [RISK_SUMMARY] used_total=0.0 used_total_shadow=0.0 open_buy_orders_usd=0 shadow_buy_usd=0.0 recent_buy_usd=0.0 top_tokens=[]
2026-01-28 04:10:09 INFO __main__ [ACTION] token_id=105558941490961743100777566068860209662825133870227537458865376585139033981276 -> [{'type': 'place', 'token_id': '105558941490961743100777566068860209662825133870227537458865376585139033981276', 'side': 'BUY', 'price': 0.96, 'size': 1.0384, 'ts': 1769544606, '_taker': True, '_taker_spread': 0.0040000000000000036, '_taker_thr': 0.011}]
2026-01-28 04:10:09 WARNING ct_exec place_order failed token_id=105558941490961743100777566068860209662825133870227537458865376585139033981276: PolyApiException[status_code=400, error_message={'error': 'invalid amount for a marketable BUY order ($0.99), min size: $1'}]
2026-01-28 04:10:31 INFO __main__ [SAFE] actions_empty reduce_reconcile_set size=1 recent_sec=600 lag_ms=0 actions=0 actions_unreliable=False
2026-01-28 04:10:31 INFO __main__ [RISK_SUMMARY] used_total=0.0 used_total_shadow=0.0 open_buy_orders_usd=0 shadow_buy_usd=0.0 recent_buy_usd=0.0 top_tokens=[]
2026-01-28 04:10:31 INFO __main__ [ACTION] token_id=105558941490961743100777566068860209662825133870227537458865376585139033981276 -> [{'type': 'place', 'token_id': '105558941490961743100777566068860209662825133870227537458865376585139033981276', 'side': 'BUY', 'price': 0.96, 'size': 1.0384, 'ts': 1769544629, '_taker': True, '_taker_spread': 0.0040000000000000036, '_taker_thr': 0.011}]
2026-01-28 04:10:32 WARNING ct_exec place_order failed token_id=105558941490961743100777566068860209662825133870227537458865376585139033981276: PolyApiException[status_code=400, error_message={'error': 'invalid amount for a marketable BUY order ($0.99), min size: $1'}]
2026-01-28 04:10:54 INFO __main__ [SAFE] actions_empty reduce_reconcile_set size=1 recent_sec=600 lag_ms=0 actions=0 actions_unreliable=False
2026-01-28 04:10:54 INFO __main__ [RISK_SUMMARY] used_total=0.0 used_total_shadow=0.0 open_buy_orders_usd=0 shadow_buy_usd=0.0 recent_buy_usd=0.0 top_tokens=[]
2026-01-28 04:10:54 INFO __main__ [ACTION] token_id=105558941490961743100777566068860209662825133870227537458865376585139033981276 -> [{'type': 'place', 'token_id': '105558941490961743100777566068860209662825133870227537458865376585139033981276', 'side': 'BUY', 'price': 0.96, 'size': 1.0384, 'ts': 1769544652, '_taker': True, '_taker_spread': 0.0040000000000000036, '_taker_thr': 0.011}]
2026-01-28 04:10:54 WARNING ct_exec place_order failed token_id=105558941490961743100777566068860209662825133870227537458865376585139033981276: PolyApiException[status_code=400, error_message={'error': 'invalid amount for a marketable BUY order ($0.99), min size: $1'}]
2026-01-28 04:11:14 INFO __main__ [CFG] reloaded (interval)
2026-01-28 04:11:17 INFO __main__ [SAFE] actions_empty reduce_reconcile_set size=1 recent_sec=600 lag_ms=0 actions=0 actions_unreliable=False
2026-01-28 04:11:17 INFO __main__ [RISK_SUMMARY] used_total=0.0 used_total_shadow=0.0 open_buy_orders_usd=0 shadow_buy_usd=0.0 recent_buy_usd=0.0 top_tokens=[]
2026-01-28 04:11:18 INFO __main__ [ACTION] token_id=105558941490961743100777566068860209662825133870227537458865376585139033981276 -> [{'type': 'place', 'token_id': '105558941490961743100777566068860209662825133870227537458865376585139033981276', 'side': 'BUY', 'price': 0.959, 'size': 1.0384, 'ts': 1769544674, '_taker': True, '_taker_spread': 0.0030000000000000027, '_taker_thr': 0.011}]
2026-01-28 04:11:18 WARNING ct_exec place_order failed token_id=105558941490961743100777566068860209662825133870227537458865376585139033981276: PolyApiException[status_code=400, error_message={'error': 'invalid amount for a marketable BUY order ($0.99), min size: $1'}]
2026-01-28 04:11:41 INFO __main__ [SAFE] actions_empty reduce_reconcile_set size=1 recent_sec=600 lag_ms=0 actions=0 actions_unreliable=False
2026-01-28 04:11:41 INFO __main__ [RISK_SUMMARY] used_total=0.0 used_total_shadow=0.0 open_buy_orders_usd=0 shadow_buy_usd=0.0 recent_buy_usd=0.0 top_tokens=[]
2026-01-28 04:11:41 INFO __main__ [ACTION] token_id=105558941490961743100777566068860209662825133870227537458865376585139033981276 -> [{'type': 'place', 'token_id': '105558941490961743100777566068860209662825133870227537458865376585139033981276', 'side': 'BUY', 'price': 0.959, 'size': 1.0384, 'ts': 1769544698, '_taker': True, '_taker_spread': 0.0030000000000000027, '_taker_thr': 0.011}]
2026-01-28 04:11:42 WARNING ct_exec place_order failed token_id=105558941490961743100777566068860209662825133870227537458865376585139033981276: PolyApiException[status_code=400, error_message={'error': 'invalid amount for a marketable BUY order ($0.99), min size: $1'}]
2026-01-28 04:12:04 INFO __main__ [SAFE] actions_empty reduce_reconcile_set size=1 recent_sec=600 lag_ms=0 actions=0 actions_unreliable=False
2026-01-28 04:12:04 INFO __main__ [RISK_SUMMARY] used_total=0.0 used_total_shadow=0.0 open_buy_orders_usd=0 shadow_buy_usd=0.0 recent_buy_usd=0.0 top_tokens=[]
2026-01-28 04:12:05 INFO __main__ [ACTION] token_id=105558941490961743100777566068860209662825133870227537458865376585139033981276 -> [{'type': 'place', 'token_id': '105558941490961743100777566068860209662825133870227537458865376585139033981276', 'side': 'BUY', 'price': 0.959, 'size': 1.0384, 'ts': 1769544722, '_taker': True, '_taker_spread': 0.0030000000000000027, '_taker_thr': 0.011}]
2026-01-28 04:12:05 WARNING ct_exec place_order failed token_id=105558941490961743100777566068860209662825133870227537458865376585139033981276: PolyApiException[status_code=400, error_message={'error': 'invalid amount for a marketable BUY order ($0.99), min size: $1'}]
2026-01-28 04:12:28 INFO __main__ [SAFE] actions_empty reduce_reconcile_set size=1 recent_sec=600 lag_ms=0 actions=0 actions_unreliable=False
2026-01-28 04:12:28 INFO __main__ [RISK_SUMMARY] used_total=0.0 used_total_shadow=0.0 open_buy_orders_usd=0 shadow_buy_usd=0.0 recent_buy_usd=0.0 top_tokens=[]
2026-01-28 04:12:28 INFO __main__ [ACTION] token_id=105558941490961743100777566068860209662825133870227537458865376585139033981276 -> [{'type': 'place', 'token_id': '105558941490961743100777566068860209662825133870227537458865376585139033981276', 'side': 'BUY', 'price': 0.959, 'size': 1.0384, 'ts': 1769544745, '_taker': True, '_taker_spread': 0.0030000000000000027, '_taker_thr': 0.011}]
2026-01-28 04:12:28 WARNING ct_exec place_order failed token_id=105558941490961743100777566068860209662825133870227537458865376585139033981276: PolyApiException[status_code=400, error_message={'error': 'invalid amount for a marketable BUY order ($0.99), min size: $1'}]
2026-01-28 04:12:51 INFO __main__ [SAFE] actions_empty reduce_reconcile_set size=1 recent_sec=600 lag_ms=0 actions=0 actions_unreliable=False
2026-01-28 04:12:51 INFO __main__ [RISK_SUMMARY] used_total=0.0 used_total_shadow=0.0 open_buy_orders_usd=0 shadow_buy_usd=0.0 recent_buy_usd=0.0 top_tokens=[]
2026-01-28 04:12:51 INFO __main__ [ACTION] token_id=105558941490961743100777566068860209662825133870227537458865376585139033981276 -> [{'type': 'place', 'token_id': '105558941490961743100777566068860209662825133870227537458865376585139033981276', 'side': 'BUY', 'price': 0.959, 'size': 1.0384, 'ts': 1769544768, '_taker': True, '_taker_spread': 0.0030000000000000027, '_taker_thr': 0.011}]
2026-01-28 04:12:52 WARNING ct_exec place_order failed token_id=105558941490961743100777566068860209662825133870227537458865376585139033981276: PolyApiException[status_code=400, error_message={'error': 'invalid amount for a marketable BUY order ($0.99), min size: $1'}]
2026-01-28 04:13:14 INFO __main__ [SAFE] actions_empty reduce_reconcile_set size=1 recent_sec=600 lag_ms=0 actions=0 actions_unreliable=False
2026-01-28 04:13:14 INFO __main__ [RISK_SUMMARY] used_total=0.0 used_total_shadow=0.0 open_buy_orders_usd=0 shadow_buy_usd=0.0 recent_buy_usd=0.0 top_tokens=[]
2026-01-28 04:13:15 INFO __main__ [ACTION] token_id=105558941490961743100777566068860209662825133870227537458865376585139033981276 -> [{'type': 'place', 'token_id': '105558941490961743100777566068860209662825133870227537458865376585139033981276', 'side': 'BUY', 'price': 0.959, 'size': 1.0384, 'ts': 1769544792, '_taker': True, '_taker_spread': 0.0030000000000000027, '_taker_thr': 0.011}]
2026-01-28 04:13:15 WARNING ct_exec place_order failed token_id=105558941490961743100777566068860209662825133870227537458865376585139033981276: PolyApiException[status_code=400, error_message={'error': 'invalid amount for a marketable BUY order ($0.99), min size: $1'}]
2026-01-28 04:13:38 INFO __main__ [SAFE] actions_empty reduce_reconcile_set size=1 recent_sec=600 lag_ms=0 actions=0 actions_unreliable=False
2026-01-28 04:13:38 INFO __main__ [RISK_SUMMARY] used_total=0.0 used_total_shadow=0.0 open_buy_orders_usd=0 shadow_buy_usd=0.0 recent_buy_usd=0.0 top_tokens=[]
2026-01-28 04:13:38 INFO __main__ [ACTION] token_id=105558941490961743100777566068860209662825133870227537458865376585139033981276 -> [{'type': 'place', 'token_id': '105558941490961743100777566068860209662825133870227537458865376585139033981276', 'side': 'BUY', 'price': 0.959, 'size': 1.0384, 'ts': 1769544815, '_taker': True, '_taker_spread': 0.0030000000000000027, '_taker_thr': 0.011}]
2026-01-28 04:13:38 WARNING ct_exec place_order failed token_id=105558941490961743100777566068860209662825133870227537458865376585139033981276: PolyApiException[status_code=400, error_message={'error': 'invalid amount for a marketable BUY order ($0.99), min size: $1'}]
2026-01-28 04:14:01 INFO __main__ [SAFE] actions_empty reduce_reconcile_set size=1 recent_sec=600 lag_ms=0 actions=0 actions_unreliable=False
2026-01-28 04:14:01 INFO __main__ [RISK_SUMMARY] used_total=0.0 used_total_shadow=0.0 open_buy_orders_usd=0 shadow_buy_usd=0.0 recent_buy_usd=0.0 top_tokens=[]
2026-01-28 04:14:01 INFO __main__ [ACTION] token_id=105558941490961743100777566068860209662825133870227537458865376585139033981276 -> [{'type': 'place', 'token_id': '105558941490961743100777566068860209662825133870227537458865376585139033981276', 'side': 'BUY', 'price': 0.959, 'size': 1.0384, 'ts': 1769544838, '_taker': True, '_taker_spread': 0.0030000000000000027, '_taker_thr': 0.011}]
2026-01-28 04:14:01 WARNING ct_exec place_order failed token_id=105558941490961743100777566068860209662825133870227537458865376585139033981276: PolyApiException[status_code=400, error_message={'error': 'invalid amount for a marketable BUY order ($0.99), min size: $1'}]
2026-01-28 04:14:24 INFO __main__ [SAFE] actions_empty reduce_reconcile_set size=1 recent_sec=600 lag_ms=0 actions=0 actions_unreliable=False
2026-01-28 04:14:24 INFO __main__ [RISK_SUMMARY] used_total=0.0 used_total_shadow=0.0 open_buy_orders_usd=0 shadow_buy_usd=0.0 recent_buy_usd=0.0 top_tokens=[]
2026-01-28 04:14:24 INFO __main__ [ACTION] token_id=105558941490961743100777566068860209662825133870227537458865376585139033981276 -> [{'type': 'place', 'token_id': '105558941490961743100777566068860209662825133870227537458865376585139033981276', 'side': 'BUY', 'price': 0.963, 'size': 1.0384, 'ts': 1769544861, '_taker': True, '_taker_spread': 0.007000000000000006, '_taker_thr': 0.011}]
2026-01-28 04:14:24 WARNING ct_exec place_order failed token_id=105558941490961743100777566068860209662825133870227537458865376585139033981276: PolyApiException[status_code=400, error_message={'error': 'invalid amount for a marketable BUY order ($0.99), min size: $1'}]
2026-01-28 04:14:49 INFO __main__ [SAFE] actions_empty reduce_reconcile_set size=1 recent_sec=600 lag_ms=0 actions=0 actions_unreliable=False
2026-01-28 04:14:49 INFO __main__ [RISK_SUMMARY] used_total=0.0 used_total_shadow=0.0 open_buy_orders_usd=0 shadow_buy_usd=0.0 recent_buy_usd=0.0 top_tokens=[]
2026-01-28 04:14:49 INFO __main__ [ACTION] token_id=105558941490961743100777566068860209662825133870227537458865376585139033981276 -> [{'type': 'place', 'token_id': '105558941490961743100777566068860209662825133870227537458865376585139033981276', 'side': 'BUY', 'price': 0.957, 'size': 1.0384, 'ts': 1769544884, '_taker': True, '_taker_spread': 0.0010000000000000009, '_taker_thr': 0.011}]
2026-01-28 04:14:49 WARNING ct_exec place_order failed token_id=105558941490961743100777566068860209662825133870227537458865376585139033981276: PolyApiException[status_code=400, error_message={'error': 'invalid amount for a marketable BUY order ($0.99), min size: $1'}]
